32108.029693925055	-4651.102161989831	271422.2495835228	-6496.698163125122	21440.737349077543	15625.00000050744	0.2784171110816338
2093.9787299414893	-12211.589941112325	94223.76982300723	-30512.47174207455	73646.46481082452	15625.000002151253	0.004568725944638041
77788.8468480003	-111369.01868155412	208649.17384419614	-34967.18448378383	88263.0598694759	15625.000002621513	0.15571821126899899
90502.79505353852	-105676.64032375164	620028.7346717152	-227769.1373337698	153172.79883072618	15625.00000523444	0.0024582484358782416
449716.6352649359	-536567.3239944668	649785.5144217632	-89430.63122465421	112654.17503265938	15625.000000988395	9.783096861914181
7905.6526285494265	-17809.693587186688	68124.46145758909	-12744.52043581579	47606.91387027208	15625.000001817225	0.0825899367465687
896193.4513883963	-1.077411119805177e6	1.5914619088434477e6	-208591.13569976855	495742.9085179726	15625.000002192632	0.04907496693155759
12208.576904582551	-25991.04545510906	61703.56684791915	-16417.32227870188	33644.84684852336	15624.999998076572	0.0949661111493269
2533.278033401504	-3500.178553876628	31584.555525268603	-8770.155561930114	23586.225898083823	15624.999998287472	0.04454838316837586
4.348770564988616e6	-5.252730610954455e6	5.628501627238471e6	-915438.2728020402	281197.29218765255	15624.999999325344	0.1421629844435774
3914.977138650691	-8097.340311168656	51651.331311343165	-29248.265509720804	37694.53825930781	15624.999999490017	0.05126282017221341
13414.599381098385	-27429.654201492427	65356.81854238145	-15074.013724789444	36880.57939306769	15625.000000013906	0.5590522364439614
59138.53916687015	-5767.1194198193625	148176.409668791	-24575.4990801311	35743.97389434644	15624.999997919622	0.23870038626409942
100369.87365133688	-1428.3811221681374	206826.74969476613	-31386.089565428963	47692.85422215378	15624.999994317302	0.9489962715640137
961.3007329332468	-12072.30454267166	40467.507670175924	-14791.434296498788	25159.53550384051	15624.99999923067	0.038558150695074705
8563.290699170175	-2971.4390787819866	51213.84622245771	-16830.296385316295	31675.613617482944	15625.00000967423	0.06693123365483786
10665.094792555732	-32941.33958490653	66363.0842851152	-30990.873805712905	29842.92680083681	15624.999998708354	0.013357558757138049
86621.09621305348	-14297.2373525824	351639.42232285585	-232184.08292087456	236409.48972663961	15624.999999437307	0.06612984507855377
82905.68835281156	-159548.25779143043	199459.08931923556	-77620.7778718158	33631.90444424382	15625.000001055803	0.4706289545224155
51899.376318110255	-72200.73291264179	204809.19191492893	-22659.83934947753	125175.01140471651	15624.999998371059	0.10226094487094385
16540.892208313802	-33832.744359695454	79423.00059395761	-18897.59698151995	42184.53515064553	15624.999996891886	0.11888780440995378
31587.753159291315	-76482.88346945032	115527.24818881956	-46515.204589532164	36519.56327356749	15625.000002291898	0.27888838545077904
1871.0898583934286	-5287.354916293651	42548.175906381046	-19561.770711411755	31608.45588276878	15625.000000166961	0.04711268987606099
55694.92676256737	-1711.0677509040472	182657.76388481213	-98671.07355375681	113087.77532467665	15625.000001011198	2.9324809493419295
49128.209389645126	-143855.17858429905	170381.38315172473	-96953.63797127924	26006.283193727584	15625.000001002303	2.1366170772338693
14266.930982255166	-58512.214346407556	100210.89693830634	-55140.00415790802	40673.38715688912	15624.999999324871	0.053376497383415315
10283.313781337813	-78769.57967144228	102879.83069384866	-74366.55943858472	23535.698325056816	15624.999999530584	0.35443710846062254
277742.2576175157	-949.9812988204358	642006.3070854723	-278454.24033395614	319361.7390558092	15624.99999894933	0.4010093022340484
288791.13200228784	-1119.009220049773	547662.4171588615	-146670.88127948547	180199.13763412286	15624.999997897003	0.38203959741767135
28580.67769124225	-30516.215750175266	176394.78824112818	-9330.894093780938	77209.42181890397	15625.00000135412	0.0006688868807771346
27286.77515712427	-55697.744336034404	90686.75186588569	-33950.307331227115	33750.44352268032	15624.999986229464	0.11059380483588505
12471.656418297207	-20118.181538529978	107910.62795113656	-61926.70627885929	80884.07226563431	15624.999998288855	0.0017156147489930953
130243.56601239933	-1816.7442380462144	245185.59643580992	-34018.759228709634	48686.88015806263	15624.999999229798	2.465865268530695
45178.36034397904	-74348.5968601389	168920.9078365593	-69475.26036096823	50847.07830952063	15624.99999809327	0.0009446739740134257
13217.34234384303	-4070.022572189974	64850.285345781376	-16565.58569855563	30636.520008066975	15625.000000679625	0.0501959537288655
1.0960102002851818e7	-1.1100321403231364e7	1.3071490767042805e7	-143390.71252265107	1.9588805845860378e6	15624.999998307292	10.195961488451749
48542.23425357754	-109879.7123629793	159332.72796384082	-64637.96897760843	45395.97506953147	15625.000005735725	0.1125094898433803
20631.998974457732	-23793.456144555414	123241.80983629238	-4154.521810893543	91642.80286307071	15625.000000811524	0.14624458697971146
28845.216926767767	-8533.47425959976	89973.14413370454	-25936.66707095759	41960.90196074065	15625.000000639597	0.008338837338133733
12704.391499427322	-11728.464159055207	95808.57067841908	-39242.91532705842	47440.59876968467	15624.999997200117	0.011579759820433671
31123.947908813378	-2619.6369791995385	118630.08325599044	-63043.51289225562	79634.94344487444	15624.999997263003	0.16857453741760617
5870.317163084634	-3276.4461235335075	55086.18639044743	-30043.29288949212	44216.41497643944	15625.000011566677	0.10391029203390828
16980.602043723527	-2960.0127541621623	65372.450856215524	-16330.473996936715	33037.49522815892	15625.000001419554	0.04308250096102993
5695.946810303547	-4616.316903192449	43419.95928669255	-12530.181631893429	31022.932684571424	15624.999997906198	0.011169982541866283
18386.14792405018	-132205.0007109764	167884.8782831861	-129014.22400552352	33381.65755636914	15625.000000777916	0.029573912473938143
3417.646534562795	-9055.994163536467	45059.38140224549	-12563.474395713827	31417.88239409041	15625.000004062895	0.01317671523870059
83917.33247275057	-104720.04070027269	181922.48903236256	-22262.858882033222	74987.45644670856	15625.000000682485	0.7688279838994965
1989.7837460568735	-14534.531495025876	43096.436452864276	-22188.755282358678	26132.748017966755	15624.99999898542	0.019443274712468754
9293.126855324548	-19890.033246559353	52534.87715518799	-11596.256889019089	30884.02466320083	15624.999999962167	0.2789443447537532
26408.63285881199	-34333.98796368729	94511.62736081897	-20767.681848225846	56619.20313983628	15624.999999232532	0.01742302988824318
31277.949474333567	-1363.784877575803	122381.51498759563	-64031.22303009985	80965.22059272758	15625.000000025218	0.4554303830627697
29912.900190693894	-1961.369726432513	131441.30854958156	-15054.155506095994	44639.85791397351	15624.999998100102	0.022396312702970635
739721.4210416436	-1153.3039798719228	1.2441328943890848e6	-136180.06799014917	206972.71935183078	15624.999999706673	0.30119482632925004
1.1683455322579907e6	-3026.1130120298194	1.519758981760169e6	-78342.4561881969	92523.68848061073	15625.000001208937	8.409980308951804
45108.792834525484	-98599.43460714973	150457.93627512804	-59307.874312636864	50295.08132870707	15625.00000133026	0.14029765317120046
790.4642475108227	-4357.421554934248	31639.652727623037	-9759.976820497996	23347.937893749222	15625.00000106685	0.053542498420524685
14636.598914160219	-50662.16622801218	77229.74636806734	-38248.731060956605	25729.021564640105	15625.000087996945	0.45051923338810934
13011.699927932294	-18046.228998106584	75211.90757297767	-38656.65257650989	38419.27199062864	15625.000000669708	0.007396226822732502
5323.037035621261	-1941.6207568806196	53432.72310256852	-4299.335005307548	28559.308793389355	15624.999999006279	0.01585255994773251
3483.671296607252	-1898.3711906940007	46091.05372362226	-5462.669936153383	25197.07281669948	15624.999999576881	0.0348771683004672
8379.691537457129	-15301.46125878066	73506.09626341934	-24732.63467805434	53791.55113500707	15624.99999905892	0.006278567036929814
3182.6118451772727	-1314.3647383668144	40827.44099475789	-6593.220994146452	22971.32391935854	15625.00000167227	0.16581802360125686
25705.38154188241	-23286.85077448556	113881.0529698669	-29792.88142663584	25488.91065183317	15624.999991541903	0.012913624624906785
3755.113603992155	-2788.86635669554	66373.39451984264	-3135.4201930719883	24206.263422175307	15624.99999900027	0.024276733726138828
58881.50629706087	-100437.40477636881	139385.2333437047	-43177.29234158179	36592.385917144326	15625.000000896573	0.45406676815899116
26283.097290369376	-144728.4976076302	175788.8206750103	-122093.2192146937	27651.711321296087	15624.999999640799	0.1922741158301689
23851.49453237277	-172008.13694780914	199651.35162005635	-156639.33068390805	23460.928185700963	15625.000002730463	0.06640908975747178
57504.72296754352	-974.3216773905303	161155.57058558974	-42218.84632133646	61951.96364068962	15624.999998497267	0.3165253534715185
49822.64155955217	-109488.23590722098	143171.01784929377	-62880.44571379013	32947.11845738581	15625.000003239511	0.6919530172556564
13711.799956448747	-38070.4378285992	73511.88809857603	-28554.55505084959	33698.295094581576	15624.999998549374	0.07940998127320283
3447.9687466231576	-4156.042751103258	34687.64969935284	-8283.894175808398	26002.32811163326	15625.000001168635	0.01975684134883553
101463.02417478786	-60587.678689215536	495235.1122668847	-174040.9647258328	141187.54045992135	15624.999994388563	0.004340670162397166
39721.2220585978	-52557.93094886583	115754.84201714951	-13987.334982855777	62305.60347877378	15625.000000415705	1.4178398812578963
202494.37193179585	-1965.7571119841814	348367.47874228016	-32451.061112728326	48164.982438052386	15624.99999834629	1.5344538173408193
6264.012996234076	-16512.275683201704	52051.21198725537	-12669.325961146898	31182.753459543223	15625.000000678818	0.03962077334926892
39678.32393856114	-123444.03298107022	182316.5928747272	-85027.60181375174	41739.90118744271	15625.000003602123	0.08327191885116506
27393.525079929383	-4709.029464256921	88285.75412335334	-23703.21483485071	35602.45179015638	15624.999999787968	0.171785317643192
8033.470419926511	-24582.099283451797	81424.20155222365	-20761.27927404351	41655.62459772499	15624.999996335217	0.007129942733208381
414345.1033111998	-20007.049018069512	787599.4384613223	-79233.23983052062	77511.5011993605	15624.99999957117	0.24313754288063757
85233.77638297039	-15080.55989480401	332921.2161130797	-20684.454758355372	23629.11470719664	15624.999999275224	0.18579697527186953
18432.820170634193	-2056.731067093706	85487.98075077217	-42799.363270578906	58413.174366233405	15624.99999684398	0.23889487146394023
23868.84005039443	-32973.6843038891	100773.9197857521	-10517.519737082977	66554.18463500516	15624.999999550493	0.7212654894076761
36431.48066286214	-14317.954442155722	105292.09207036311	-37239.510778366224	52357.01100384808	15625.000002663262	0.003672533821771448
404.0343726124411	-6901.300618692534	40950.92323772679	-14899.257836850826	26123.74872076779	15624.999985716073	0.02777048920237508
214999.81065773382	-262452.67519617034	377071.55885864515	-50301.81355893845	112765.91377213906	15624.999999825144	1.189842504904233
3820.8522713142293	-7939.505454447298	36153.60109885048	-8397.006963063177	20892.370769786117	15624.999998737661	0.016568681594887173
6150.193368007393	-2962.85764265711	44304.50998263413	-10938.775130925544	28349.43203195234	15624.999997346575	0.025931290417108923
118528.76650892598	-1576.6691765503074	313566.7782610543	-40005.48523907138	68299.6964607044	15624.999998650972	0.12429908911261828
15041.99833954974	-29531.946952680766	73207.23593136319	-18356.361796619974	42238.965794520685	15625.000000974498	0.11286388422501352
37749.188756527	-2108.861739245789	104644.91667062444	-33828.15373205516	48961.36257975963	15624.999998090982	0.33161287701701203
535124.1409929313	-2089.252446018836	764960.4547639333	-123801.52253169403	146984.50353997693	15624.99999768984	0.8471027647884222
8800.08896570325	-86001.15533721681	111826.79704928835	-82613.36959295478	21442.670932279667	15624.999996696904	0.06304797803355654
20466.475866824097	-563.5577333122291	109180.64252267126	-6788.37817939074	25477.95828288421	15625.00018801121	0.6354963539905194
21295.027142515464	-36714.13466388325	77220.68770773243	-20315.672726859368	37930.618588942336	15624.999997815146	0.04939064033778137
10945.535865566522	-7233.353292677257	64730.838586318365	-24936.865302230424	34369.3501432369	15624.999998623214	0.05870740024521122
1650.284940588897	-5814.781736211444	38114.979801143665	-18102.071290087944	29370.511981482297	15625.000000729138	0.04991300542681507
3785.7052272901783	-3760.917930771917	40799.25835080839	-5228.565253480365	30513.346753107897	15624.99999986154	0.01385417232149882
6146.6125344415195	-17015.95279138116	48217.25450425502	-12578.211933708983	28598.97845359007	15625.000044348883	0.09756838012254837
3937.422193450361	-7730.113406796629	40389.921433035364	-5428.529772806745	29755.739381099193	15624.99999995312	0.08777374971638709
14846.980608426384	-7632.4224918565305	130362.0305221621	-24201.87563297704	48267.72913989666	15625.000001442604	0.005971464605075825
7290.610208557104	-48993.431821407285	76776.98999888159	-51292.559472252615	25227.23372532233	15624.999996797531	0.022398315436061914
6206.98404791814	-30666.095129391862	53803.36807984246	-28488.978010283794	21476.06561085066	15624.999999339643	0.08107324877226875
5438.458360983612	-25513.1251800218	49376.054994544014	-24383.79062507258	22975.534941608814	15624.999997647974	0.12115998662754572
12800.277031961992	-21871.924786441006	94323.99847798124	-10229.337753915723	63651.110292237616	15625.000001163044	0.06443679073144508
64590.1638849657	-6209.111127466235	293266.9235619393	-208101.2263144632	219235.2453914825	15625.000000666469	0.3748381505522508
7700.718548655794	-11275.097021271538	52355.18889999125	-17600.800361603015	34540.47726972829	15624.999999874686	0.004757261377485226
4718.936998964078	-9585.502841860689	38957.47425701922	-10361.608068991969	27377.299250570803	15625.00000184469	0.03231229697632922
17643.050759859947	-27187.578812236887	69326.75057797908	-11570.477272958424	37474.78423764844	15624.999998868292	0.05807921856879873
3067.1897534932123	-1640.1810519342198	35021.08362558305	-7773.879073932572	23679.72007871553	15625.00000020277	0.12691429408020088
9633.854499995225	-7310.778102315149	68758.08441393315	-25467.785964246865	34863.19289068911	15624.999999107773	0.06144287811610806
6157.489275495871	-29378.79819764383	54342.0402012188	-25374.326674068347	23471.76833030209	15625.000023837201	0.18088747503866254
92052.24171245325	-115918.2412827008	273465.2723218551	-26999.10059408303	153309.66062423025	15625.000001703447	0.23193060490515743
69759.45537833299	-86722.00281075807	181975.16005003417	-18944.94538516744	92733.35213914572	15624.999999437856	0.4607628943399817
126.72587646499596	-3878.6795143325467	34587.12237983791	-10754.183012715603	26157.457735662727	15624.999996968778	0.041105897785218344
2057.6528186295463	-3180.5123782924748	35912.85197982421	-7605.333593551106	26810.006410877086	15625.000000813745	0.023614783730727933
1808.9957408139599	-21017.476128601003	50644.398921381915	-22252.15350949648	24279.78704988188	15625.000011717668	0.03158515125679795
5262.477050710731	-16325.125448035658	44455.286142696044	-12578.89038030483	26504.93600795511	15624.999994225625	0.17777050078802006
585.8987084481487	-3609.654860077251	40578.22091939382	-6923.730256051844	24694.627944911976	15625.000004848931	0.025872445380770173
25345.322948322835	-145967.47364481696	187901.80826566808	-124894.34467456823	25054.092497746024	15625.000001971846	0.03763246905627445
21805.056661065275	-32525.68469558831	83369.31903111246	-11733.419697231793	48276.03596508503	15625.000001211298	0.31635050136509285
13723.716035554113	-8916.135083855273	93467.22904250462	-40620.95052402867	49351.53972159396	15625.000000101682	0.033418913694598255
1.6989978968005327e6	-1.9276359173396972e6	2.225244711675656e6	-229500.6678520213	268822.9247512874	15624.999998347506	2.281897276099094
62319.70357689212	-632.9243881277071	153569.53581875504	-19789.99959847756	35610.625016524995	15625.000000639062	3.8265978358753086
83858.3306463208	-100570.60610219646	175589.1332026042	-38330.14011520575	54880.83769439315	15624.999997754418	0.004229529316466937
380650.6211337908	-1093.0349528581437	571579.7604579194	-108903.06958448468	129962.41202418786	15624.999995985578	1.6743794113776425
7558.617154074131	-37742.19673204134	77461.11045689069	-32056.077235447163	29900.84732028759	15625.000001481669	0.034755716230116154
17378.532765871125	-25796.54366693915	82426.4776175862	-18596.270829691843	55322.149093063046	15624.999998778683	0.05708662008475258
23537.97956317175	-11268.470554904023	160373.71098641894	-80306.6854665868	103603.28218558898	15625.000004026937	0.0053016631216044816
4195.301029546208	-6094.696546641295	66752.31668370566	-41453.14464863646	52052.12264162826	15624.999987622956	0.09423790262315195
2402.211049997311	-7735.162978624889	33516.599298465364	-10946.517173127802	23910.002542001028	15624.999999397463	0.03867305139354335
27252.277121219817	-39784.16379193283	98981.55201935637	-16212.479469636362	39401.60531858566	15624.999999906746	0.0071533256659767576
56948.292087735805	-117232.83315706038	158017.8876088455	-62731.417726794185	39779.70149287289	15624.999999324526	0.7159025955814057
59863.905677258386	-143297.21803849793	214267.28100624858	-96762.67204134766	67661.9499435303	15624.999999467673	0.03430703055637487
27489.277442756895	-2263.067309816224	116936.205660087	-10542.425529255488	30817.87832112795	15625.000000604714	0.0642948299885971
39186.926644781706	-9900.125658227815	200289.4746806599	-20608.41490216198	30771.67745251787	15625.000001071174	0.056874759470424016
44651.90073468292	-141743.5085326659	187231.95630125073	-103209.85685469839	40701.524643517194	15624.999999907734	0.05938162769739561
7008.887839473557	-10229.169108587856	45700.15795289865	-7622.109438644647	31282.893080475293	15625.000000777976	0.02031433242087239
40367.1069990761	-1232.133729066447	107472.32984097674	-23845.58508415032	41202.30540123908	15624.999999017004	0.30944236627153027
5966.326375502152	-938.1568089962598	50918.420721466115	-9606.495765733722	27422.47205857877	15624.9999994973	0.15741562432722497
4623.800499425764	-9695.465559408301	52117.74468564708	-22155.516670355806	29637.833739614114	15625.000062447274	0.02327759586669319
87694.73533225292	-2533.6939390352945	242517.01184148734	-126505.70525906153	140288.18183373805	15624.999998920837	1.9999338320358226
28664.869660399767	-45880.16765988114	94234.77214415811	-23387.700850565147	47233.30840613392	15624.999998698077	0.12299818266100788
9427.354440187142	-1180.7505061319398	58841.2080814363	-12081.742315355492	27922.33658203394	15624.999998920095	0.3438047980542434
205166.99210703146	-393469.70022004674	484474.28796479036	-196377.2426424647	83650.03787327334	15624.999998565572	0.09035346783180428
25753.60288308711	-79526.04243733702	104037.44284736477	-55235.50755715428	23379.99235567559	15624.999998120604	0.8766624731562345
28778.33624679712	-4104.716284555433	121043.1682451997	-10837.90846722787	23736.892069287016	15625.000000673663	0.30936907494370447
28516.16414938579	-54313.46732311914	112176.08782300819	-36178.37733352604	56755.76851596177	15624.999998750696	0.07388066798989913
5593.255648159752	-4529.874764531123	76112.98158198167	-48843.8613499146	62411.874161130225	15624.999998034385	0.07617073249395352
98760.7847877805	-2724.536880371559	218560.73669971092	-24135.65296073813	41301.89110250335	15624.999999437405	0.24488697776729118
1576.217430892796	-6674.559552845169	52092.959132235344	-24291.20869973927	41177.15986285859	15624.999999079406	0.01122332799543436
6648.295228909614	-25174.83179148732	52312.03766452032	-23944.34306595	24763.814191435376	15624.999999744628	0.032711250587693974
163818.587740073	-198326.26530401973	327183.86895878334	-48190.51830441441	127840.58126152765	15625.000000462689	0.3609206847095537
676.404047493641	-9969.207310656435	47844.451413375005	-15183.347969437717	32531.79562170578	15625.000001596447	0.015534876137797719
107158.07917115971	-198189.27333906852	234437.6682558232	-92034.43860898833	34801.937790064374	15625.000002904038	2.496639502579403
40402.186204961035	-46060.344222119544	357316.41917655757	-7755.1028618109485	306832.85465360526	15624.99999873095	0.644381646955727
24655.49210108968	-63875.866166725056	104553.10410206136	-43456.62719219993	38974.90696399333	15625.000003824476	0.12026247619692634
14739.072475833142	-37812.896030484844	68893.97400187695	-25074.733105232677	28613.00525340595	15624.999999654538	0.12664642163541887
17066.76527786301	-2486.468953599419	69935.63917432408	-24398.848184154092	38908.64392471881	15624.999999190255	0.1858680570798352
5030.039770854146	-16869.870257958384	46264.480759246704	-19190.735715994077	27949.329431980696	15624.99999948544	0.03219334213423953
39429.68278467619	-7024.310345615311	130323.30619539953	-34463.28468989894	45472.2469723018	15625.00000126886	0.06726738738281542
14424.833745364624	-18187.406422425935	102940.89123326825	-11574.177937113569	81919.69194543269	15625.000000264492	0.06131012381482919
35684.562006126944	-1999.2906336796711	107972.9891359674	-26644.533253791917	41480.293734361476	15625.000004060435	0.44565085089351053
9343.450843449398	-16710.879536691864	49370.793675891706	-10886.345221616139	28087.343907773262	15625.000000413973	0.02305042307120419
5521.63219978777	-7144.435455604496	54252.90663517598	-27663.83467418021	38089.57388410493	15624.999998631542	0.02908677530613864
111628.77160370932	-162398.37284407497	266453.29625400284	-63366.716330796495	91045.87227353938	15624.999999131214	0.016997182850188516
12046.246885738668	-1175.111429430851	56961.39433757495	-10338.218367474501	26080.32337517434	15624.999998330431	0.36791251702619787
21698.14852227109	-55922.83471249838	89704.6811002534	-35208.906658649554	31816.851609406694	15624.999998788278	0.4649728857215618
6473.800214547214	-28290.46863443945	61035.289827803084	-27268.814042106114	30645.849085186455	15625.000000252154	0.041253449490373906
139413.79100107917	-159251.47012148242	331556.99138335336	-29374.11200825565	167560.87526333137	15624.99999992715	0.10364533041834824
20504.591657757563	-36931.54596560907	75528.16318948942	-20614.68377751017	35247.66938418888	15625.000001524193	0.042751635447380726
9618.982353196576	-7459.010339914153	53304.08951074495	-9609.403625528506	23256.09199114793	15624.999999764688	0.009446395304935955
7600.959803482374	-4877.52430806014	59082.13496468352	-24363.06583999447	36896.242722541734	15624.99999868135	0.053007519449875654
47934.22545924419	-61276.844508650654	134131.4023495927	-15092.975160395874	70496.79548627965	15624.999999666883	0.38996681084763773
1090.4791695637614	-3598.0419375159404	37320.24813371996	-14184.420822863969	27501.65971625861	15624.999997511957	0.09459233607411735
1337.3351126369016	-5815.171449732734	84809.83268050174	-31926.32066484972	68089.10009895588	15624.999999675776	0.004808116766441252
2171.7196645759286	-2908.006029094424	31120.386124474026	-5237.799517375519	23307.72928254452	15624.999999534179	0.03528692590484091
100884.34423769994	-192018.85461280562	232246.97949129925	-92529.25610880896	33399.79146881672	15624.999999706375	0.37535853045575307
35059.41633052926	-2091.554732927354	227349.84580581728	-78521.78665591509	168437.72262591845	15624.999999462103	0.01012929769700968
2968.2787076125155	-1547.1749462976468	53412.30887562491	-7329.121293366001	25643.54595694703	15624.999999168913	0.07927809381006688
7271.771984152378	-28198.138382960486	68125.34620268918	-22528.12485777176	32681.179381136386	15625.000000565495	0.04433579626916253
2010.851050322366	-2973.6385876925087	62503.29544295749	-2486.362958946879	47884.105508004475	15625.000001007957	0.024081273317244606
95989.95721598266	-189193.83229206153	298017.65366260405	-100165.05508746154	75665.16253100778	15625.000001160224	0.011459724405278897
26304.90557312098	-36590.10048950894	115817.51168945536	-14328.017638886922	75687.69260613644	15625.000000230517	0.0849265348570931
12013.345394272357	-10367.749137253399	61844.16731801722	-15761.167849079939	42406.0182054732	15625.000047950074	0.0031088941209686406
4127.860375506621	-658.5335190777496	65406.836026185716	-4431.204899562783	23497.693115320697	15624.999994044949	0.2763093213192308
25846.37456218276	-1160.1245578028493	97104.07729098937	-30180.83146396314	49884.30127008403	15624.9999989748	0.1394371949409603
4054.845006519812	-5678.835287740334	40776.58552447404	-16227.413561178371	27877.633909595548	15625.000004510279	0.03707537556744498
135822.7589172164	-146908.79488554376	477212.08609173447	-11812.481900437502	326670.7432350358	15624.999889979605	2.686647733608905
27643.55115963618	-4741.74629121143	110193.60110858771	-10944.662590395905	33641.46112317659	15624.999999165499	0.012479111831276646
10536.100863631873	-2078.825995349254	85843.7457108479	-39770.947265986935	60744.0390118896	15625.000005211972	0.05064966016662252
750.9016652377845	-5145.163753336612	34845.573935718785	-7577.328199093593	23277.76402348318	15625.000000179596	0.031711511646592645
18974.591783461598	-36485.69225670928	69575.36651103858	-19554.77721137786	31091.772678457146	15624.999998904555	0.15400094734056927
35163.663061339175	-6008.138696012378	201731.4616873741	-139996.24904875972	151688.37199557977	15624.999991273333	0.18475865291977522
116611.24294815713	-125434.27074469486	415532.9160150705	-17285.861511843294	270969.4733149706	15625.000000769323	0.019911166609272293
15428.324395040987	-67561.28944110894	102163.51207560624	-54196.77947847149	29514.85178921408	15624.999996845334	0.10367443164519827
35569.92677179661	-146473.2735306897	180547.2511657796	-117064.24282277771	32140.412658768633	15625.000002864312	0.15836567173279806
415.4999904161391	-7890.507272304465	44201.861263084436	-22466.662229106405	32355.420423700838	15625.000001351531	0.02815447761196685
26354.50356040422	-6766.6043530817515	125232.14260115311	-9169.826859186056	21301.165761721863	15625.000000939257	0.08086964221649107
17577.073973133694	-4358.809611256682	70791.61669481639	-24954.75551958382	37021.00399178546	15625.000005062786	0.1662480952730562
112321.57929798616	-1797.1477936621768	235881.51922263176	-21983.225088784697	36568.282074461575	15625.000000897438	2.711269118882763
10752.929053509652	-6912.418117144211	73550.13263405353	-9482.600864531367	21581.54115954629	15624.999999430773	0.03293020843493048
15655.959561344916	-1299.1567448093847	72040.09397478712	-25632.750254157807	41965.45817624029	15624.99999782545	0.2595353349505438
267556.77671551803	-441625.5974667382	495737.140279425	-176625.53821509203	52488.45724059212	15624.999998763033	1.962417263480064
21914.04422497237	-61291.33898572682	90356.22082727076	-42398.4531086084	27785.374907631078	15624.999998680258	0.23848957813905136
6418.4673182541665	-12050.431744558118	44963.53564047838	-7294.298455989832	30267.78803555639	15625.000001093635	0.09596990767488105
4240.054726677758	-5175.301360258323	41173.57543124359	-9079.667957889269	22494.399382957727	15625.00000319058	0.02518794217302397
14689.56266115531	-4828.555098558718	82274.20979672245	-17123.09026942749	53901.13347119821	15624.999999184813	0.0032140626029398284
46907.50748495944	-57851.397357189446	137770.31775248877	-12241.407354418374	78510.5585302012	15625.000001619217	1.018201736121342
48953.981853600795	-60444.556249062196	143906.99754203722	-21195.125611558036	78303.22591302148	15624.9999986078	0.030209108530118156
25575.780166801662	-79642.27403433982	111631.5366123194	-63222.66016610504	29587.317855080044	15625.000000824486	0.03757710201429195
13413.222687000078	-2172.1107767999347	83179.29662731776	-36449.05360482888	59859.443148415274	15624.999998530751	0.036291121902625435
2209.3408927332493	-5830.834258416944	37868.84430116322	-14207.181401961308	28399.634603094775	15625.000000893953	0.020612657777280403
51234.26481945696	-68080.54519885965	136580.23942201398	-20320.386205344606	63035.469660690986	15625.000003492518	0.07265946826357648
48605.4694010535	-3057.6082139059563	140029.11969715124	-50754.925887134275	72393.49100761046	15625.000002860266	0.053750638750684844
578193.7136770044	-14378.784494197504	907419.9110637034	-86664.768462243	89862.71222885314	15624.999998487106	0.6466334744379137
169957.6214830337	-450832.153510327	492452.80591802625	-289001.11272388196	41084.35576231904	15624.999999887723	1.2582119143322203
2589.8147919341936	-32560.024714662773	88644.91968432715	-60175.778219431275	46159.61484753936	15624.999998895539	0.003581663168213844
111714.52713128799	-8060.628906760467	253869.48786996334	-61607.74731985381	70188.16118310225	15625.000000805449	0.35974123434336797
22941.555642861407	-1498.8536058250393	248998.2606208278	-7739.458987236027	32959.6033631529	15625.00000025267	0.13955862346426204
17652.59853579138	-49847.09315603692	135799.84830857208	-93704.38141007508	64977.43740566578	15624.999999284059	0.000981882411960542
21754.479328611633	-7956.929486195721	229764.6091533522	-187771.23650125274	199455.29464050382	15624.99999907709	0.09352881488588664
13928.285835396855	-10681.604904924088	96508.38412022823	-37433.26973057496	52880.77544850246	15625.000000359825	0.005277127834860354
6647.973003350693	-52579.263554761616	112006.71379602826	-80540.82952355772	46467.692118957595	15625.000000668027	0.0016702684038035626
219990.01499196753	-1001.0244933301401	563975.0225914977	-269336.6716359755	314425.7222576925	15624.999998237858	0.32250081991461316
283390.87777304143	-1566.876612373564	441197.83103891666	-47207.80027061756	62557.65277760011	15624.999999527297	4.34792172366708
45162.28631675323	-102345.77723106684	143960.14587930066	-60208.89979192559	27330.14897831611	15624.999997097373	0.04004041534719789
3765.616681994942	-10342.050720348841	49495.25131968997	-8380.429725758373	37010.79036278074	15624.999999575826	0.13499426867464695
35285.10876185424	-70160.43970789656	112707.47130758641	-37940.43569264398	38984.680942303996	15625.000004345755	0.09579536618392914
33496.06290283166	-1212.2806975925778	119176.99969513548	-29973.511720203875	62135.313569523096	15624.999998523552	0.03944412343718913
55889.66108992764	-118116.30764605486	162710.6843361447	-63157.832767751905	34818.379025808994	15624.999999418975	0.2152809165355629
8486.911132943274	-45287.67916359912	72351.48074331295	-39257.39633872674	24657.00733529238	15624.999999646057	0.13676538361194207
221063.42501155369	-37096.83651459812	442998.02179998765	-74330.5115380807	58185.95920420339	15625.000000251901	0.03527910031176974
22084.65191289372	-27819.477277518847	118416.7275282708	-6507.83099512331	85785.79408488539	15624.99992311094	0.35509506629708526
16074.562315839961	-8453.293449972334	330235.18123013905	-253062.43734052975	305639.15591976594	15624.999995608261	0.01205782036670549
49203.46070590938	-5283.723346610169	163134.84395778022	-9866.77080287138	25438.14306055227	15625.000000761482	0.07294668784237193
32456.077004043174	-70862.49219702261	109583.09691652402	-42908.15441316894	36987.21502737646	15624.999997837389	0.12568408811191778
7088.405305559907	-12913.332798288262	77910.75573287114	-8068.682445916849	60697.87194381314	15625.000000815438	0.08430417589979475
22245.186993126	-7039.839916908214	156785.6675120356	-109069.65703572662	127748.00703619962	15624.999998752795	0.02699199149612555
94344.18902389662	-125395.54474715935	282947.62573664205	-51636.6885965367	156566.48812952387	15625.000000210412	0.1694242630417415
80254.44961451722	-109292.42277132056	181969.6915116699	-29896.005828349713	64257.54332361801	15624.999999789925	0.27862643602769793
23487.62560268439	-16390.486615378075	101734.7581759803	-8262.369015152683	34851.761494548526	15625.000117546879	0.0011466298058053115
3984.8753381043352	-2781.15407613269	46217.60068781045	-3667.4707662755372	23467.919736344717	15625.00000082096	0.02024144103427205
35555.95503236706	-44141.63343001793	104898.81742850969	-15810.4654101298	54175.035138051404	15624.999999717376	0.01900339622578436
28798.717192809778	-811.9120505258213	97075.55653932807	-16599.94109811863	32322.41989700846	15625.000001900253	1.4148196251796927
28216.978186824188	-53473.79790282454	87438.74739939513	-26801.128929041966	32364.454370945954	15625.000000224238	0.3605934428264053
1711.0440424302687	-6082.947952217239	69717.66024835338	-10036.79997237527	58061.600820687134	15624.999992984347	0.022316846624208866
52572.618317036	-141708.1815495217	170589.42243153567	-92713.5592989655	28297.973866651126	15625.00000029911	1.0380187262569645
6194.82793865932	-17024.136933958624	72980.70240925299	-31974.978638867382	32105.26878508646	15624.99999699893	0.01578295931704855
12036.424330101412	-1125.4676068241224	57491.48258346859	-15538.11641762839	32782.44447219506	15625.000000000398	0.16486584670247864
63260.54581850851	-153171.39486610412	187681.37404120964	-91427.36472934557	33132.52664933092	15624.999999413856	1.1786017229320027
369627.5296383844	-93887.96155426468	931508.7817723886	-328880.65756138606	251425.79844447074	15625.000002785077	0.10947800216131623
8104.4928523843	-12580.132465255085	48632.75692202029	-8113.44525151313	30603.681355469067	15625.000000783135	0.01829646018226696
177722.31350399472	-30470.332512233832	777155.7683286635	-57492.75847138294	46379.9015683169	15625.000000410684	0.10171874506849402
277922.0644013095	-16085.953567128541	499995.2821928038	-133404.15548134584	142630.71527520986	15624.99999823	0.04833060732432889
31752.967957019282	-1322.7809671825935	134490.6137426421	-6677.4412688998855	23069.15864167083	15624.99995631422	0.73753935061366
13697.522759649932	-94689.6916467484	131374.4091341543	-99257.95191495665	35777.24651735832	15624.99999911712	0.033916667106475104
4932.822820251281	-13625.453550563092	66562.3919280398	-14917.21397153173	26689.735617515624	15625.000001368862	0.004659918012437836
39823.44350440122	-5097.839255956811	160366.16161065025	-94821.0469274662	111073.90992457775	15625.000001019029	0.06883253199384567
15844.696545150073	-1291.2135569551933	67316.42171447548	-26457.683231173436	41640.693530055876	15625.00000026483	0.6551384749474604
24856.01311497307	-681.5493363308194	318813.45345628023	-2100.5327379029036	23157.723809136543	15625.000006467744	1.2611596701899417
21971.47209557157	-4612.07847291464	127116.06200715882	-75851.37949612955	94172.3823030706	15624.999997096456	0.04283691586943568
1363.5965919152968	-9680.77401990473	38195.82420308635	-10941.791313894319	26125.978885208693	15625.0000034587	0.06953898450209853
134640.62415183772	-24644.43837947108	416781.1392579897	-110981.7804181611	123745.72807468934	15625.00000006008	0.006328246514192271
3226.821657360393	-15108.872707865492	91454.21483608885	-51108.29792548182	63448.20324473982	15625.00000326347	0.0035711630065913807
9498.287671689848	-6287.943299142114	60635.02391242981	-22019.40855908709	42877.501402482405	15625.0000005719	0.005970931655179527
10134.31813734982	-1347.6285633125472	54617.72617389075	-9423.921993956053	27064.866976350226	15624.99999935065	0.10224200500734795
19633.55235380993	-14113.491969340357	125672.62293598556	-72781.76518244242	82309.05031336237	15625.00000033853	0.006756492247747019
2893.0684863392325	-9943.306075134773	58476.67662074292	-9673.370187145423	38897.776225907706	15624.999998490464	0.01642302123835192
164325.51592220488	-339993.00148615916	391653.59667117964	-178232.18970225356	44311.84646559809	15624.99999594217	0.29849874906890056
8095.924029515125	-17736.29210375389	73680.36133793648	-13917.391795147676	53912.340466503985	15624.999987386516	0.0849557113656714
68213.99130543615	-102291.54598671503	158653.74789398216	-41275.17219958748	50655.78481246257	15624.999998169042	0.04128035990779571
22192.949899094558	-3052.499420567183	87271.84709902201	-26603.899573099538	48841.05151435069	15625.000000262546	0.022450649990318032
20798.901801922577	-48356.344513998134	115267.89796098691	-47765.20107335942	60816.61010771956	15624.999997694329	0.005235166720493366
26656.518365954285	-1034.2375741713427	114511.92888409206	-22075.15757781702	44680.31969862871	15624.999999781761	0.09836382983026086
57450.07482768898	-87647.7902338847	137803.3748290399	-32014.721421966096	48604.05210704019	15625.000010312127	0.5710897884925543
345741.5563551984	-1250.8150238956696	545439.0795452159	-39222.64213340846	57572.259350139524	15624.999999374239	2.1396225302149974
13614.766959917266	-1194.7254237355664	77465.4631707333	-18785.800021931995	38373.86062252708	15624.999950243626	0.09469315474328033
9174.434412460876	-1176.578870874473	67586.60510214529	-17414.28940042664	37271.36692100251	15625.000004408052	0.07997165832458486
215216.58295674142	-41645.00802973149	439207.53478006314	-94536.95898414383	82924.06918414662	15624.999999543006	0.00992719908037999
29568.53247143748	-35025.80250838596	126056.32959793993	-22141.556351981388	88529.41636948465	15624.999999870666	0.036882033345689125
49741.420399029856	-88248.09987766237	129250.03919399437	-46083.28006622367	37243.41267899377	15624.999999086227	0.042817511644764356
3300.5083595279193	-8432.99633842973	35049.30290840885	-9056.275926453216	23487.71901419325	15625.000000999411	0.031660788788189446
930.1104303374268	-9883.533080469204	38418.285539852935	-14916.724223680603	26501.944419727846	15625.000000627271	0.036953654456785785
8074.788553808177	-19692.392242702488	85376.0999640667	-27160.942434357763	38556.62833399682	15625.000000961314	0.0023011838324230867
32563.537697376705	-61378.80746347834	103897.25157653827	-42950.35893183704	36480.121348103785	15625.00000179527	0.007510259014012542
18388.67013709764	-6245.463230744295	73944.49942266945	-17300.52038703548	43769.719743716276	15624.999998994183	0.004070550840842086
257415.03662766772	-347782.94727558596	437441.95592013374	-95942.10965041397	65775.02923285004	15624.999999934356	0.05698901670664445
82751.28648446103	-1849.2372229569023	221930.17939580703	-11546.684203617937	28944.211357800174	15624.99999869991	0.46400813748744896
22784.89754791159	-63177.93955116869	93347.85209588608	-44293.91040108507	25998.430700241486	15625.000002350334	0.057283243726642626
9276.567421420217	-8961.960384420454	62611.491909066215	-28388.429539434335	37693.42627905311	15625.000000875909	0.016295943003214627
2934.5014515273747	-16396.085690685002	52937.92405836894	-22029.518848700634	24218.805297658837	15624.999999238647	0.00942797258335904
8380.385817002854	-76142.05740959325	102347.19586294936	-72904.12231353135	25217.876485272674	15624.999996227867	0.23917146215344925
17428.149425030453	-7462.388768417382	77351.3818485979	-34779.30620599468	44402.58112049149	15625.000009729236	0.048799667492452424
24551.229164103977	-79714.38733912446	115295.51324806642	-57012.78306957637	31899.309527994134	15624.999957078137	0.17906903861907492
21834.3736762506	-35175.68850032733	107443.77089484374	-26349.600864955428	44814.92159529019	15625.000001760287	0.0017992398763908917
11211.748924578398	-43289.3021886533	70416.40545055858	-35162.38103660063	24330.136566617963	15624.999999028309	0.08269175656358417
5330.415461619268	-892.091057538084	57598.541223893466	-3022.768098326289	28533.057707448483	15625.00000140715	0.03450997796097056
27922.219040466218	-38941.30126658414	120825.2136861476	-22275.96403661779	80259.32489340722	15625.000000103133	0.07362044452752159
5957.636663361311	-1793.2158350879024	44711.68717777932	-14860.677921899167	32930.653500973334	15625.000000597181	0.055981691741407436
50147.53819595401	-28597.162595126705	212518.33513427118	-92891.57987632325	100596.58902626942	15625.000001217642	0.002408343306064279
4700.896094416894	-49670.05531463117	127465.68197697266	-48131.210948438566	36133.54466083385	15625.000001316126	0.006060821455035592
13652.706594969479	-27874.93852297953	66061.54544311987	-15464.178531942507	36310.90881646392	15625.000001114935	0.2542668974182911
5941.449417953234	-20016.082990548868	50438.01185561638	-18956.19113098306	29291.199187438222	15624.999996563041	0.07406937227799983
37516.317126936265	-5061.8097823613625	219192.62966950674	-162416.50089968747	173978.1452926132	15624.999999893396	0.6442635627974331
383787.5882813034	-407214.84894732514	1.3826055301937612e6	-200626.61413506948	75244.21803810121	15625.000000052096	0.000253156952405279
6554.123771082319	-1619.8529385473084	111265.06357394336	-5288.3468312173845	40303.51904078419	15625.000001145485	0.012545179610116319
8618.30451620848	-8906.098418169346	85395.06255655618	-41680.30446826812	66423.716584887	15624.99999891362	0.004160065374389531
20573.51868531779	-32110.658455386823	79316.23729389245	-24889.315421945787	41427.76337200234	15625.000000724342	0.006214469386285916
97785.74393340635	-2587.086936516106	243667.02682194702	-30379.375788175705	45847.16089536815	15624.99999948016	0.4743371229628968
105078.14740177101	-12234.87009763522	229286.47109958864	-32221.64170851691	40124.570924040076	15624.99999908457	0.05631449143983267
38996.92044275391	-2125.2758695688435	120668.18251254753	-21095.356312834054	40316.604528994445	15625.00000041469	0.08808199251093282
59118.514787535765	-84132.51573603449	169973.91025569732	-32161.520436243336	84882.66699559602	15624.99999921229	0.2751929694648663
14805.723082799901	-16888.08431854652	82849.66458082141	-33676.81559440348	36243.35561894928	15624.9999964069	0.006763826598263378
65839.27670109994	-1687.1954295630712	227714.93063882762	-8458.45972312973	27764.274197126408	15624.999999523243	0.3189214927364342
7198.744657493662	-192763.36044826853	661682.7803707847	-215006.83757069748	73169.48610952427	15624.999999254826	0.0008850999462581384
4418.923000862273	-11175.419448866682	63460.101189211244	-10044.147476535807	49301.690576893685	15625.000001598906	0.06701949182414803
13205.63221049118	-15596.541325527809	62301.50648752724	-16360.912004907077	35321.38722503307	15624.999999887223	0.0028150239982196084
12349.646802806936	-50872.14971855446	114469.13529730379	-64144.70987961255	62123.44926491077	15625.000017319224	0.011765860177967937
5872.525662649343	-2322.921787565577	40866.31504493061	-9145.30389680616	24267.252032126038	15625.00000046633	0.09267065686268329
42101.64369374851	-139366.59807600803	166366.49664786257	-99806.66513064958	25892.194954659273	15625.000000570846	0.8444102886410424
22256.102642913753	-82799.71571339466	142644.86227990792	-69714.77002056717	50223.39797979535	15624.99999979668	0.01096479963351065
19399.958031118895	-23874.72164200784	130600.8503746122	-14427.059738125481	102280.39270596759	15624.999998273328	0.036516897007861565
376.9846858039382	-13496.942160618924	40675.726873906126	-20538.549662453363	25379.792789934232	15625.000004176793	0.03784849078992188
40003.015528262615	-4891.117474341371	147045.63043343616	-28009.83129626734	41259.04039157029	15624.999997319443	0.11410597050262344
143704.09711624336	-17628.34875518547	360946.45008274005	-24430.10903392524	98466.96860238415	15624.99999943166	0.002023014952764454
42658.3027852059	-1281.0868261788528	170338.03372481454	-12628.241667413953	29191.1564380588	15625.000001149256	0.7942695249858864
1406.985097340226	-3205.2234484791875	45003.24476602509	-5788.004706139508	28333.636844118955	15624.999996154715	0.015635078220760802
1513.2025425220354	-4303.3856079340985	40217.6047720435	-9009.123884947057	23721.82997714627	15624.99999904324	0.031138280650889638
180458.4893469053	-283393.84657615196	334119.8730411862	-110617.71132189568	46121.09171304116	15625.000000033511	0.14386982824635733
40129.25248115029	-1389.1356377557358	113079.4119318255	-40818.80487403564	55792.31725829684	15624.99999974748	1.2764005709665596
2391.8902097169375	-4042.4849943114095	47339.757359659474	-15257.269089658104	30142.63181280039	15625.000001515175	0.032377067258806264
60280.4728451078	-143984.60421788692	173535.57883273205	-86404.09369760464	28906.854181288727	15625.000000710303	1.3369140969105398
17733.048356060477	-187046.13913243357	249957.02894899825	-188930.75186103734	28689.673454765958	15624.999997501305	0.002413669510074624
30542.018606749974	-94006.25859555796	122924.36680930416	-69083.57310461262	27083.139803659935	15625.000001381273	0.12151692407681351
51195.8796096278	-56923.604469445	133280.32149491357	-16670.082163838262	63421.13958868819	15625.00000031646	0.007732783601302763
46891.38574146242	-999.3928835512513	141659.55547944386	-22733.952852371658	45765.74348737288	15624.99999562939	0.1416896959637715
2679.2513190546015	-4951.823253706127	82140.26572999672	-3899.393624814147	55769.83670073611	15624.999998443376	0.009279769298771825
19659.608469562736	-6174.4525195891565	102638.7823920776	-25060.11801630717	38972.23802161802	15624.999998271353	0.028522395404661408
879794.5674499416	-1.057954127546636e6	1.2382031118398013e6	-179089.8664190991	165473.05818730954	15625.000000613214	2.035555912782074
103732.5759977732	-4795.764174317092	218853.46346154116	-20897.17660165152	36738.561900516506	15624.999999200218	0.12543019493885402
95958.97042831214	-995.5806310826591	207525.1801305912	-20545.975173801562	38350.95155513822	15624.999996977218	0.9007344458744265
13043.997761547856	-67608.25733889273	103912.22310594219	-60393.59761747475	33042.08907214819	15624.999999201129	0.04701728486691596
1076.6718580106199	-7603.843917978943	51011.04088185977	-19708.972207582367	35205.708332345384	15625.000000453718	0.00969074494964862
13411.849510473961	-32720.194027524107	63868.686619082335	-24107.842997919128	27400.76431544668	15625.000003479992	0.02689663944389225
7569.943553389632	-7254.297173447892	51044.268284220714	-22230.388365111314	33175.92238085647	15624.999988968368	0.01892012819838118
12103.065197646507	-14319.216681727288	58410.89871125976	-10896.095083283248	36653.59261124883	15625.00000027584	0.005944926330310367
27479.81014553826	-94782.22593327521	120053.70928225396	-70394.61691781286	24200.243923982147	15625.000002917266	0.4729902767738102
29134.680316515034	-3250.69763530632	96952.01512195263	-32559.520806658547	46006.07798194606	15624.999997646752	0.25634313114819773
1784.8300701893168	-30408.018666283857	225887.15564812254	-85678.17864659429	146067.12533351197	15625.00001221383	0.0009155198208117929
3986.998074377785	-9512.529118767952	46468.517068071065	-8040.38791398451	29332.038487024533	15625.000001517674	0.01910016662410723
6073.27857198986	-27723.138188579494	53406.25565189871	-24236.088780747104	23833.222094268218	15625.000000506088	0.11256388561266646
7438.803434007976	-5271.988077963357	104323.30477363308	-10594.007349710515	26421.106369783265	15625.000000092801	0.03972792331636764
152120.40825576818	-201575.1640316171	305409.0627782559	-82627.77854630548	85442.39531663904	15625.000000792308	0.006187515929374705
32408.425137032173	-37780.72392863175	103581.80187627766	-15110.774219097322	58873.3526568173	15624.999997726016	0.012934552479204992
212523.8497309453	-508231.9048978043	718079.8833464757	-347727.03365221736	196330.0874280549	15625.000001996937	0.00630676637394745
20147.42855109236	-38080.019642238476	72133.23462989015	-19135.10676005975	31472.748023094857	15624.99999940426	0.21468789011433054
11464.373943690305	-24666.424572352083	74512.9963606424	-36802.78059403115	33309.02777399485	15624.99999981337	0.0025364418218223332
8131.139933616389	-2349.9279388475697	53956.04185032006	-7125.874129827134	29115.089251946192	15625.000011621858	0.016538583807262554
11561.954730314712	-20199.224889061657	84663.28639214714	-52167.83781232196	49290.38891294101	15625.000000351733	0.00795372489224035
14503.992537261744	-27600.27861399285	60949.23170012247	-14423.355299941526	31374.144712927868	15625.000003334048	0.21021433191227096
2787.8600655467053	-6275.114441305364	60741.829847473055	-11631.577616945684	25622.304991629164	15624.999999865213	0.019495427144023744
455702.6031342124	-8086.357953519129	787223.4419839596	-200238.10000029826	213775.29707623765	15625.000000243299	0.25978723483986504
109783.20008121223	-131194.15708551934	244176.31006180166	-22291.740515325007	110791.10270205913	15625.000000994056	1.7837981434900856
1859.6658845815114	-3215.358850307167	41480.19187507666	-13918.104652706363	28705.519205975063	15624.999998739473	0.056399737396134894
61537.547646072315	-7592.113090195082	340664.8646089715	-227551.2661710843	248303.22365143462	15625.000000919594	0.03513422820956854
37993.134751453894	-10757.762754453384	147550.64482425633	-24986.99978053593	31476.462252953133	15625.000001617285	0.09834180871438931
6350.314045423544	-3656.3168913508853	68299.24822556073	-42976.61450305661	55627.79176991273	15624.99999939627	0.3322638244492217
34947.11135563659	-1999.092380758906	144443.73566247156	-82328.38803697273	102083.4156446926	15625.000001215234	0.18132577242842915
5614.835989392774	-12009.393987305426	41952.58357713142	-11433.100155196084	25774.89658816108	15624.999996811996	0.016976456302021915
5653.755951849767	-21210.607144469555	62166.7309704738	-25837.534091140355	37383.55048366632	15625.000000091371	0.011017416975074874
18581.40967555561	-1264.4787484088533	78580.73192381275	-15022.324906826096	39812.994158760885	15624.999999305011	0.03722126513501487
483103.1340631276	-597958.3501003443	709090.8336534355	-116515.86523811168	109726.09880750964	15625.00000187456	6.450853083208443
162446.31836696877	-220109.30767323513	305482.91891560744	-67495.9873496531	83225.26969778913	15625.000001275283	0.20829395758841016
8683.89097217843	-11942.248412068264	78360.42025009193	-8702.104336392003	25348.201539072325	15624.999997912018	0.003387836474649703
15221.529940212306	-6853.614769606802	122145.07717035801	-65142.737603207046	82842.74876647131	15624.999999390086	0.01534161792930267
7652.298761381135	-33695.409472475185	57458.48481926499	-27978.96951778108	22535.922617416232	15624.999999148018	0.2744657224933776
1987.2961657312626	-3074.14605178457	33701.46690749255	-3541.380055550115	21717.102646149913	15625.000000679516	0.032445561356845905
1469.439210573324	-11048.25649163808	42860.017780828755	-14670.573177692757	27954.89440222486	15624.999999511187	0.022669143185701346
47669.093155937895	-57754.68385175879	396044.95491720736	-10968.053810842983	311663.9031509959	15625.00000236871	0.07176029707936096
20949.210863368353	-5515.955255213077	118494.25127314916	-26520.713052816252	46745.30382095082	15625.000004546062	0.013714448738726062
29253.530856263304	-4672.947993520851	224208.20259518165	-164071.66723931525	183065.1620390852	15624.999997284103	0.08488069998724812
6872.254077894889	-4675.611209791847	50052.85429300593	-19007.537042612596	38039.627166806575	15624.999998946598	0.0110923971041733
31039.769855439466	-7252.418979527527	131257.22634939212	-73402.78361603266	93178.35053827899	15625.00000078606	0.016499114716064054
43164.23879279138	-2975.7739040438673	195592.5448050169	-72112.59492618433	123591.98910567549	15624.999997116058	0.013824729559595844
9125.60136379175	-3525.7081576975083	70712.66731414333	-21980.96521710056	56162.905325784945	15625.000001547058	0.006228746212311466
27908.108141243487	-3011.095518936472	150543.4448240439	-8552.169757574438	27884.65872255668	15624.999999522079	0.07804220936698453
5063.492028288467	-14759.520740625812	50069.74433867165	-19348.917838793335	22625.904074207792	15625.00000403056	0.010023672318857707
19420.566376471208	-57058.31826884366	106847.11010948358	-57135.79264193763	30603.594629530642	15625.000003148598	0.0016330472343414723
24958.2689373162	-52908.574098774785	111852.79693296146	-40259.75223292734	42267.11134069918	15624.999999452128	0.0035174301667710716
31433.512174280444	-54719.3289190115	115728.17913331436	-24469.649934440615	56610.68794589389	15624.999997607745	0.18823146744803
74408.57429441967	-59912.889244428115	222005.96504179627	-43914.41323120645	123278.69406810713	15624.999999660631	0.0010044429548238018
26004.324069665425	-76227.48357363036	161022.29415041755	-52916.908470385795	31059.70036605536	15625.000000432083	0.007618881592255904
23409.24936118565	-52653.46853367786	86940.45867503434	-30385.133023656814	32480.36804629621	15625.00000055306	0.41542378790289036
55187.71216024569	-31608.3743075358	271437.9425272383	-66715.68446422422	52764.05849596782	15624.999996053044	0.040933214131868983
3519.4253451148916	-11134.332314552927	43942.06709826025	-9356.771657082858	24165.677719061547	15625.000000683416	0.024054395512592235
26913.896943707205	-67301.16946219586	141424.8878861437	-56001.42542310803	69346.48588591759	15625.000000029184	0.011686665324471272
6399.117394797093	-58081.57502452414	105636.4821266488	-60213.25131882607	31317.394748644285	15624.99999851378	0.006240787621563741
1345.136683889657	-7291.304556832587	52268.12464818439	-29788.56889208164	41446.681383221614	15625.000000243608	0.021149152753073712
6044.953436672993	-18631.4249677103	61594.902996487246	-17211.897783911492	34428.99192161969	15624.999997015693	0.010672082861585275
6006.527849273098	-2250.1375020620744	54648.394837528394	-15232.435222816377	32020.35678018583	15625.000000821463	0.059471453653506035
144786.18181202747	-7848.769901847285	373864.92280413676	-16545.272445257753	51523.12025219947	15625.000194780761	0.013443825272480035
44598.16970294881	-61417.343762894074	133823.318466751	-24022.89364379832	71425.4020581801	15625.000001152559	0.2144441809194555
430.81938672330307	-13008.154353160593	49000.29443455679	-23392.012061420693	28376.170126270794	15625.00000280967	0.015368956844802516
3134.208753401097	-17983.992163387127	47951.02287866053	-23687.81810035048	23916.262931278856	15625.000001144168	0.011065252569118568
17281.951451248096	-14452.328167642554	116852.27439672285	-68745.96989162394	73057.59599571243	15624.999999751733	0.013904048244482995
10868.189291236522	-34826.540323185276	68926.87173204042	-26826.822434426613	32410.167729089157	15625.000000593867	0.12026674776410194
96247.51085767741	-2092.2732509128036	217474.39708798775	-75543.83378027365	89857.84510499156	15625.00000034575	1.7061825521336063
259308.25456853706	-793.5382574060495	476332.70328683394	-56894.1163512232	80335.46062894772	15625.000000920836	1.0243979108812444
58746.98736912533	-1139.3951900296997	177013.4094320144	-11661.02958552926	32087.066473785195	15625.000000769296	0.2823251357098376
21954.193189368503	-38447.181306419465	86457.32701736502	-17387.717024504567	46551.783954772676	15624.99999969413	0.6401121511621127
24694.11569292011	-33883.0038990966	90244.97814692679	-9828.75135225272	55231.15557485746	15625.000000975324	1.5132781756470532
10288.174362879297	-18147.627230859034	68272.95840243652	-9286.23433348543	45826.63885902034	15625.000000659638	0.09634701837239018
2749.706352081608	-9965.59071525553	40626.41844475904	-8783.965582077857	28901.688881506852	15625.000002323417	0.16092676134659403
18489.961396961415	-20777.127191150197	79902.32036638688	-25044.39609445676	26167.20143092901	15625.000000435233	0.0036650120471937117
20442.82039030007	-141544.43146054097	186832.6183209723	-135163.47508828918	23032.998631514587	15624.999999269392	0.004508349785741106
8065.084008020989	-11949.338096155785	53359.348007397726	-20607.285049785627	28228.710666733794	15625.000153447734	0.006999090196787101
5264.1017260283115	-51013.22833465933	94639.69456635811	-50331.915176773786	27481.14630188948	15624.999998797415	0.011783296849965926
45399.75773451425	-74429.8845013229	129972.16664260245	-30278.929631845545	49159.817654471604	15624.999997612758	0.15178322731427338
3265.07049301808	-2277.801128349267	40000.251263150014	-12467.027357405052	27400.165400972124	15625.000019305851	0.11595782887864879
137830.3482478474	-2086.584892149549	346770.8213824546	-180449.0774162137	194832.86662674404	15624.999999529915	3.1974247579246238
14058.960119789685	-2622.0486291805646	69953.39919192634	-23858.787074928317	37830.59306763302	15624.999998887739	0.23780001766576186
2897.7933124404954	-3746.7472741907986	41167.17717165861	-11503.631854231127	30561.55362494621	15624.999998701178	0.01634797302458751
7436.581421435287	-7088.671530164429	114561.04963835083	-87548.50336842748	96958.07827628458	15625.000001249777	0.2044855313831213
950.6738114976833	-2907.1933807006862	62033.299140690055	-4383.017154230269	49823.44694744036	15624.999998839887	0.023942210472962848
8029.244586819084	-18559.411771917716	59437.73437002953	-13118.227278225822	39467.95151842665	15624.999918902759	0.1530210416752163
12117.322149949003	-19320.397990433863	82104.872429563	-11264.11704832477	58067.2010919769	15625.000000906504	0.038502145442348604
78369.0389887644	-4013.7439795163227	236256.49137975462	-35923.86373019853	53734.39373120724	15624.999993773876	0.09003184694781244
11750.779471026028	-3288.8496149217244	75487.54754533945	-40319.897863033635	57043.46448671282	15624.999991555815	0.05722020654489635
50940.982771354946	-4160.826921128188	124698.37955099996	-33115.6747737268	46982.05889484206	15625.000001213673	0.1343451696839119
2797.2655164382886	-3430.800582024671	56272.76561350684	-2022.8428272399078	35118.368795144255	15624.999999433754	0.012037216684038923
6610.604470776335	-7984.205642354791	131083.5676324551	-105583.36359326664	113734.42427026418	15625.000002127505	0.3570778273405088
23160.695610247145	-88735.43206714456	121017.48122348098	-72580.34956709467	30262.851272702042	15625.000001537876	0.07581171196080054
281761.0789110089	-342755.2484340081	490125.1443937661	-67319.9166619947	145246.59043238044	15625.000001048713	0.608988191303006
11420.15909781768	-2789.259440773676	61232.59728481018	-11369.913775607936	37862.392443270975	15624.999996720631	0.00875840249715179
8527.103234737577	-3889.8754375982826	76488.56939224942	-40464.180787591504	55383.45577062508	15624.999999792657	0.05762518109320234
12730.167819942917	-58651.33935166522	85070.17135105869	-48358.539609082436	25174.325260833706	15624.999999728177	0.3311313404533282
15312.54708705729	-21378.084944094066	145804.87712371623	-6888.726412251717	110341.64161576793	15624.999999871157	0.07740593994012601
30264.772911900043	-3026.5655485125453	109864.61872569239	-28527.24580484985	43080.076936485864	15624.999999956857	0.16390224072400658
52552.28170372837	-58329.78737947298	189295.0146327454	-16356.70534196445	128319.2000926407	15625.00000293789	0.10776461989973596
531314.237396128	-690250.4609912259	811833.8763994107	-176106.54242983877	113085.82087295549	15625.000000476008	0.10827532748544733
61058.7020482769	-76913.85407081939	164415.78478785616	-16418.023970563445	86546.7536829529	15625.000001498747	4.114157441111876
33094.93512409132	-50387.09398665033	102577.08623718799	-25890.27237778426	50674.85385742143	15625.000000008336	0.07007769959084045
339303.84428947145	-473663.4774882172	607585.7176237667	-166940.6867614416	132183.97051315897	15624.999999630489	0.1552215577728314
15015.49330170588	-50006.31348169138	202632.03880504554	-80771.0436304645	72412.78849068008	15624.999998226645	0.001162336831512611
4670.904351567762	-57906.955030681806	93234.69419520389	-58283.226884180185	26323.91565459253	15624.999998290175	0.021443396604712926
8215.663368130932	-10687.477091745415	81472.84941948226	-5409.025490194415	63944.41613029997	15625.000001391354	0.036787658008291924
52518.1178775142	-106247.71325734345	197541.6531707929	-79859.66099120234	50860.57930704462	15625.000002241228	0.0015614166608470034
5738.95397293639	-2912.8455001999328	61292.74511058554	-30478.045507077168	47282.24440074281	15624.999997905014	0.05211112543212312
13567.504958628899	-5044.226425721429	87313.04608830673	-7957.51926869444	25238.334768552886	15625.000000744594	0.02230029289664771
10573.161321629537	-11768.498027358772	74193.4929925357	-14286.73895444005	21430.815280459356	15625.000152340392	0.017995927017808156
59639.662195287296	-90570.37317300763	174636.5659391675	-34865.19261570543	81762.24377630325	15625.000001132255	0.19385959361906066
1683.2345300099696	-12603.869229292803	73786.37340037472	-15956.795019091505	47661.4199473311	15625.000000604748	0.007243473524524635
229174.5139043586	-251488.71153228165	399835.6328114228	-28639.049248187366	137244.65339702502	15625.000001236134	0.09069198039796209
15949.418734694835	-4174.433082993841	117889.28822235746	-79789.04572601867	96030.71574588795	15624.999995094258	0.08215078847220071
572069.9835147839	-1451.733999394237	787813.1272818055	-68896.63969962465	84379.42101081573	15624.999999146938	9.919224856164298
6582.429326866753	-19283.063204850412	59575.344703536524	-21462.928083360985	38576.96884966138	15624.999998751122	0.027600555662313415
344773.81333515	-1738.75945821893	605572.9861836529	-190773.47004287038	208659.3426550955	15625.000000239297	1.48906988788436
58970.978450764014	-339836.5034564475	455628.74661065504	-291747.46616335085	48791.2479246931	15624.999998124666	0.007278373461094391
6381.953316969855	-18927.145747133807	52583.52861465674	-18359.54485739441	19925.09700109341	15624.999999000363	0.006793847064755551
7321.729594387056	-6192.47302743456	76391.54669659605	-43528.6341816862	64177.54472816532	15625.000001661392	0.010390996869389556
10243.788685013915	-15706.813147402483	63786.27177406849	-13515.236007473624	37052.77101824751	15624.999998685764	0.004459975763911206
250938.29222375248	-295601.4561226424	620596.6265683947	-51161.58138011067	317028.2806262905	15625.000003816502	0.13702756961570156
10388.676279871674	-26031.88957081219	76882.60879506075	-31727.251331169962	31152.833780590074	15625.000000720145	0.002364085733721703
2060.445282305714	-2803.484182707396	37829.611890252316	-6049.545061336365	23707.90493276656	15624.999999743648	0.031578178571657275
3815.915465903905	-5567.367661456398	44138.477940927725	-13858.333111026848	28933.937221139087	15625.000002748711	0.014269569795827783
32009.301951329937	-1818.6728944299025	138039.36195891045	-8125.255233406388	33336.61121048992	15624.999995920669	0.04546389749183979
132723.6389032281	-11398.366081441925	479229.4631065205	-174669.11374040158	276332.0772097744	15625.000007608556	0.004160549900709513
19185.909035245844	-28714.27202775785	74478.69284709904	-10619.48906158375	44615.338928457495	15625.000001195556	0.6451141928984869
7700.705494247821	-2176.771250036407	45473.51302833297	-10262.41417164385	25800.809050458913	15624.999999365793	0.09006070138588014
25817.660907644662	-43328.193880000166	98509.57900787026	-18424.30603161865	52857.34772401814	15625.000002195982	0.4373617640887813
2474.5841377239194	-23641.928635739605	74791.08245629352	-55849.988801050116	49280.39278538246	15625.000003457884	0.008259405727619414
26364.00321226314	-42353.10078778729	83977.42408396366	-16923.56025018671	39467.72107278907	15625.000002072582	0.4088346393251199
192099.646978985	-2412.0929926687386	643683.2552364431	-416652.3417495054	433941.6126511968	15625.000089026522	1.0386186502180335
2677.2016996154816	-1317.9473891225107	40577.46485505616	-8925.724696149366	25374.33567452973	15624.999999748607	0.15499599084782095
6140.877689634122	-6830.6684347061455	52942.017495461274	-6473.243120307066	21550.515998794814	15625.000000522938	0.01036544274808428
26015.302671151847	-1336.6514060691698	101650.47345013125	-51624.40254446666	66455.66588943603	15625.00001294585	1.8513824939596144
92685.23250327371	-190389.50789474757	246065.06373749115	-105317.32472991229	54571.72388116575	15624.99999982459	0.2894868583682095
113033.31441923109	-134868.47123731743	239727.97760138416	-26079.686811608844	103932.64236001624	15624.999997341216	0.9296282252815915
10803.144889574134	-68111.5144525524	102034.15945473048	-62389.010844256816	23857.804667548764	15624.999999658143	0.021746593467479116
15946.112024974253	-59119.47200402818	104866.98266703391	-45550.598781917186	21822.179373522464	15624.999999504362	0.018153353448495474
2646.639561192618	-922.2429455803258	55242.62665724329	-2870.2882100389934	22400.873114881128	15624.99999988903	0.1346607931945416
34043.49697427786	-41887.71360233192	108872.58070064953	-11669.477293026212	58975.49289012395	15624.999998538027	0.028680384642493572
365623.5852076113	-399060.8279428833	573458.0041389143	-70321.23827497473	147352.19769682095	15624.99999963476	0.010802761608251799
31641.010852987747	-48211.5539135177	109121.41668188153	-27597.04094588563	34387.50645920572	15624.999999372667	0.0024680410729128474
10604.34092718476	-6965.462911419163	100146.5039913099	-63866.006275785185	74190.76420835016	15625.000004374422	0.0742580499207419
18736.27365724258	-35282.14204558574	142243.0432411112	-42549.92545496118	104926.27993287254	15625.000002128043	0.02385789566739082
7212.199972125656	-1229.4039481170184	45183.17139949526	-11592.931684988249	28189.610822538423	15625.000001205364	0.1579365209293505
2853.925177240909	-6678.0418580546175	82513.30964998012	-12789.35225406914	50323.5477103493	15625.00000033054	0.002935410272625882
8042.658064481744	-8788.702288861154	86917.8849785215	-43519.02262789814	54084.94722349651	15624.999991191551	0.017515223949476022
9701.344829859936	-17498.9064001457	56706.48458055424	-10568.86701754488	37292.11695281638	15625.000000807493	0.09857025133681227
1100.695126921637	-25405.266069799487	58230.38445031061	-34862.01010687993	29771.598555464705	15624.999994785758	0.014647881899839833
13899.24844700788	-30927.94606899234	96420.1839381456	-18833.32740358002	51499.2417718856	15624.999997874533	0.02015420416416489
9742.255982076973	-27105.449302763325	54514.84493344761	-19966.976742392784	22676.699583647787	15625.000000951833	0.03886642274800725
21602.474680701147	-29947.6377841101	139250.90119532053	-11760.413084395743	107374.6816128483	15625.00000697095	0.3052565105013011
104009.78053385322	-148448.38245034637	209715.93102414953	-49462.819713783334	60069.31448206026	15624.9999972246	0.4691116461672923
70115.30528891103	-11459.442841060063	333655.8126000763	-138193.47901420537	173391.09615866287	15625.00000107591	0.006084302361168871
4740.841317821803	-11286.303174915738	39899.76715336554	-10708.381756572431	26703.67488456535	15624.999999880529	0.046315919502407335
103156.7410295819	-1968.1447665786873	247601.35537239144	-108953.37655384946	124786.6775820927	15624.999998893843	0.8318534547107003
4997.367789362193	-42235.271295667626	66022.4899063604	-40523.26941630384	23084.68016719632	15624.999740822706	0.34349725493224686
6016.120383275051	-1529.2919005099075	46832.645098542554	-10613.196733618675	28557.337930377143	15624.999999127456	0.06842531065236947
4483.846020767258	-3275.67883077545	82805.22909848829	-16428.775021415982	43670.26408412526	15624.999999913347	0.009410092281956724
1628.4154270267463	-9516.935789967538	44855.17547485698	-9499.550111911085	27777.183519065147	15625.000065025408	0.03296435262426699
83338.4178895721	-151512.0341956484	208821.0687004304	-73252.82249863277	49558.633519745024	15625.000001242486	0.058448708022518246
6500.740243990367	-789.1122732475778	81902.01974896988	-3064.1413077027955	22471.33594637031	15625.00000079492	0.2813525130458998
5932.839606129957	-22833.443061850492	49906.806973132516	-18586.65234852222	23891.362883430156	15624.99999732888	0.09020110274313366
3404.7191589436234	-8376.388716050842	57155.42921008792	-20127.185829746195	31539.300270148833	15625.000001362903	0.012564658408316682
8645.02839761877	-1019.4178710807391	55585.63123481841	-13119.45715683493	31269.546955652804	15625.00000174005	0.12914881914889312
34702.53591930675	-23458.972268683276	158340.3729121346	-84482.2181499298	77320.1603555531	15625.00000114045	0.04529850767852026
10976.55394260569	-4622.803649750149	65620.83751410473	-27081.96694153916	48760.184399417136	15625.00000051828	0.010672608207421047
39901.76806050714	-61663.81999597861	121960.77638238465	-26768.559909537275	38973.18473941505	15624.99999912647	0.008046371511853943
90118.87716098595	-125810.08240728709	203649.31701867376	-46503.56375858248	67396.64937591391	15624.999999587406	0.019607512483428367
45087.110519935544	-2420.966422667031	157627.96391734236	-80756.13530940074	95410.13762405614	15625.000000318776	0.5276817422898996
76770.6279917707	-139636.1278502122	192957.46597174756	-67714.9642090404	52703.82334596157	15624.999999497728	0.6871799471968608
9259.894873874815	-28050.82343386067	152008.86208257312	-109992.82370412943	103347.70615912369	15625.000012806151	0.0035400715995297445
633917.7834545983	-810783.9548456939	999944.3808783921	-194454.64496504923	182996.74268967408	15624.999998794527	0.16994198685459533
13150.003377112356	-35797.92145471375	105798.04930039012	-46725.837040137296	53158.17868623272	15624.999999024687	0.0017218737152675716
33716.76464952476	-2037.8248024065842	131644.67196089198	-73474.10232561856	88833.33480325149	15625.00000073057	0.5122517757441172
56728.898219461684	-122129.40192340728	160037.5903905636	-66310.16792757806	34179.26503610246	15625.000000456286	0.5958189687118012
4655.142948568187	-5272.737865613593	41302.43324465906	-11117.897258451198	27855.09425806783	15624.999999691006	0.011990046626876154
96860.32767237192	-128753.82357996708	200912.00951413804	-54373.28238569279	58616.061287335295	15624.9999990348	0.007185397613258962
345262.9697052677	-10335.945389513709	639929.7615506244	-257641.38473615987	267315.62171719107	15625.000002124962	0.21961286000370586
250262.12232145327	-272451.2072107936	438175.96939531626	-31011.649560654958	160002.33286927396	15624.999999399244	0.15483140969085343
13348.586131433962	-37656.68718252565	68540.0100121175	-25633.230254437007	29725.560059859985	15625.00000149221	0.4277422437034124
3969.3370559992845	-3814.580691406264	70491.19028255445	-2108.0445282989554	30602.05585619461	15624.999992406141	0.0061301740425043875
2303.765963818808	-5540.661635741851	30235.099813863017	-4893.5391324322145	22402.63726021971	15625.000001202217	0.10570547843667873
69348.34000543169	-74118.75249885902	245554.45721100882	-11768.615919075864	169115.76874611413	15624.999998847201	0.27820733582795015
6550.850327449967	-2026.5370665504597	56770.26279841736	-26270.817777259974	41411.48736731778	15625.000029770657	0.19107034854434005
12698.939142748597	-71543.00380720769	95765.89100463688	-63118.518923141644	22922.17785614961	15624.99999767758	0.2122421560544871
3600.270134418829	-7839.069644681207	324552.2422632053	-122232.93075664602	279807.534624721	15625.000000636457	0.0017455640398933421
120586.50087429985	-2443.029825875921	225922.67383359984	-34938.369818787425	49810.691059507255	15624.999998042756	0.8417713438712919
4210.020986634772	-32479.72307501349	55903.77288168692	-33196.05429715017	20888.026338394615	15625.000001324865	0.04661538808533107
92338.23109349098	-14338.253274556864	263809.71160131984	-57812.311336357845	60330.7684600284	15625.000002513589	0.1541357575819587
268387.5421851693	-12693.79065990851	552264.3205611416	-214463.5404009218	218458.55642069713	15625.000000195927	0.5020204202582021
35182.17374899013	-49626.65895100428	111172.77856596066	-15274.021175546466	58178.76815905086	15625.000000261221	0.40116874201934943
6441.0560803898425	-11509.482447431656	65016.48341889944	-38977.80928123479	46628.67084592703	15624.999997136736	0.009417585152696693
28179.450122552935	-3839.77584646385	105350.35565202024	-37768.46146875789	50437.397074321976	15625.000000296375	0.26597377498197355
2611.0143229914975	-3295.924164954122	74705.72990039276	-2681.936578935536	55638.2542504227	15624.999999016352	0.012596912002372201
5010.74757850711	-9165.539693204502	79763.68131418266	-32265.458040581543	50854.922075691065	15625.00000151571	0.004918371522129748
25230.03656900249	-38716.53548560031	83405.34396644286	-14665.617441468577	43787.10444289674	15625.000000841823	0.8353864170584052
6212.030843503686	-1802.7692361032823	52041.49456003599	-8940.517863109955	25832.99647440063	15624.999999459069	0.08586756168650293
38805.026158202265	-933.1985487601357	132201.81628789176	-53167.67013555854	71996.3543622393	15625.000000808399	0.35971074601032726
989.4458232912584	-13806.441322161088	49655.271815385204	-17110.963049382786	26327.8980795783	15625.000008336268	0.012841872521854416
9029.592242097042	-52093.53290601692	77516.36010085423	-45982.18560006631	24390.299350742804	15625.00000106269	0.30262750041919045
12196.32605138731	-1721.2083414892295	71181.41939665344	-21862.8739773421	44956.15698351397	15625.000001395247	0.03264873840662141
14930.383788159874	-51973.79098062316	76980.30814490409	-39496.23690899997	23940.67853304594	15624.999999471329	0.33400531501771447
27928.107041082316	-1324.9266235384566	91585.11487782281	-20432.365942289565	35744.38293800558	15625.000002853718	0.6848637594889742
14997.397801844632	-203760.71401394682	238099.7810888107	-200992.0685473588	29143.909097005555	15625.00000892859	0.03536459238117995
2292.9517261429864	-5097.576705063442	51347.52031449975	-12040.166781879776	26925.081151163256	15625.000001288921	0.021117218246140837
45281.98004426152	-52217.944981723034	167976.54261125764	-10960.011986420606	112025.28289920336	15625.000013161334	0.14877526198109953
49448.56673213639	-3509.608671169236	122609.94235688844	-32391.25310741304	47461.82510327449	15624.999997627892	0.1268180258751791
785299.3092384583	-1.0706357203139963e6	1.1503371512791605e6	-286067.1136848086	73990.17810694808	15624.999998553423	6.204512097188937
11145.751460950843	-29617.686407838282	78598.55009130572	-22507.693976951152	42490.58653151149	15625.00000082048	0.020600821237415454
5125.6718383243515	-1028.130053363243	61400.26199313042	-8089.442492335216	27742.475775210958	15624.999999302174	0.10332225471668885
67969.36508819525	-10366.743806248673	153393.74924861407	-34626.080702316816	45396.81727060827	15624.999998799853	0.02878314946353632
191061.81473463634	-65912.75141945801	384391.49967061635	-79310.21771563031	63874.29008944519	15625.00000635587	0.0023870031327457362
62292.69682766532	-587.1309345352781	204681.36467454256	-11467.96822778607	27693.314377137227	15625.000008760719	4.509585175127908
16807.11992175564	-25707.38672584159	81603.7515751078	-12125.887082799163	54157.81666498883	15624.999998181214	0.15437233782777285
21240.680870718694	-11991.348975874094	114216.82593536927	-53742.4408577504	60883.123656074284	15624.999998544436	0.016358600194096157
16443.729061702383	-30161.41489468077	88507.2668529185	-22054.10420812115	57014.25400041354	15624.999998894786	0.06948260257053797
33367.30871444481	-35653.68505326449	219690.30580465443	-3268.5828350163983	181435.52462376066	15624.999999540405	1.7144053792729201
2742.372040289207	-2286.940055637656	50049.149179886095	-7537.99133950696	30007.494691507425	15624.999955964042	0.01838717686525176
16685.97648308032	-40283.7903626811	71941.31738318189	-27417.825757519113	30706.250066068827	15625.000000404436	0.16707817822634835
5029.736396737269	-4693.960892466306	61184.53861844182	-37943.42340808891	49677.902611229445	15625.000000766231	0.17439747531527883
119145.90605943801	-2904.5743637265405	248675.10979203763	-60993.169500873366	76111.4650701858	15625.000001085136	0.4629302001748259
63489.75729143928	-139491.19623883493	197940.5617911725	-88875.47739993279	57682.979192601466	15624.999999550048	0.1522468572761228
63352.51598875651	-121402.75633526426	231478.49082705737	-94988.79231553109	103922.18699797016	15624.999998879484	0.0065877469696105605
36948.082987464055	-1642.2600775780138	102427.4228877025	-23369.13786660968	41613.22030204003	15625.000000365155	0.1432534351062014
6288.5820298447625	-13527.219243293483	55582.28817217934	-27656.88288511769	32652.84574835892	15624.999999746015	0.007878566807631243
276.04926902617444	-2898.2940843442047	33783.01772861148	-4410.729235628489	26198.762134218305	15624.999999746873	0.06372976158399415
361444.64276882913	-571661.8985216231	620442.0451693988	-212652.17402418746	46873.06085595064	15625.000000677392	2.499543919173226
151768.8423957522	-10498.000063360436	326910.58848391194	-85001.92808354758	91034.18751625522	15624.999997398641	0.4106967322913787
6619.164181469443	-9832.903024332196	56155.57326994838	-13720.3510763047	29212.60302340595	15625.00000204538	0.0047342749585203795
178854.70617483417	-271474.92560529104	440778.44447563775	-137969.1455622897	128844.2419469757	15624.999990542128	0.0026102613731925003
70026.64160690241	-145249.8493988028	178807.73607310824	-77867.9458013319	31903.755564078267	15625.000000007956	0.5427884779874679
11017.052533963299	-10136.66488735345	155475.99568562605	-3902.5138349313966	125231.42435378523	15625.000005578739	0.007245598750226165
196194.73163759752	-1153.6688119413375	371039.97538345685	-123213.17851069995	141502.3256385337	15625.000002097971	1.3830860367733204
8647.782809326483	-1914.7090523454044	52370.83472424431	-14769.071243619692	30644.61978775414	15625.000002207773	0.11108029491927959
5629.45620706595	-11085.02757104675	49784.60308038007	-6541.468442757706	35023.83116241665	15625.000004425645	0.11534898021829662
20941.162758567378	-3814.130005296851	75377.03054555807	-26212.32683177428	40046.26702804715	15625.00000011999	0.08390365690083358
14790.663056318594	-35614.98578710648	68306.56190687892	-27097.71647440919	31854.461527796604	15625.000001306324	0.09335788404456297
9703.487061252186	-18305.005636181217	54218.74445559026	-11157.316556584326	34125.106298419894	15624.999998884541	0.10684997809823776
11799.493136013218	-6566.477331466036	81518.95960454224	-37231.13056093489	52559.06151015137	15625.00000148466	0.014217387171964888
19644.186265212236	-45529.647230736504	83899.62990862812	-27945.267713454276	30451.501860862598	15625.000002675355	0.04216599727690459
8249.56552252105	-18646.091494854714	67405.26959650283	-13799.611964025884	45425.660482922714	15624.999995921738	0.050930924223770734
17480.743492020578	-60588.6535429502	84752.57217214968	-45196.06647794416	23538.501754945057	15624.999999845182	0.8053825401501533
136273.5891176	-149091.6213171191	412540.3455646986	-13391.577185065438	260208.531179255	15625.000001328466	3.2459259683104156
10718.861369612383	-33325.97382884807	76090.46236876592	-24087.205762399233	36400.92466444569	15624.999998673531	0.06024198148336275
52885.68701459057	-55933.569139341096	259987.87300659672	-20543.021133268026	131188.4074219754	15625.000000966387	0.0007161751500670518
2751.1918838003094	-10235.441205676047	56780.846705351	-24595.037276002604	32503.140131413988	15624.999999147272	0.01587727226355904
20001.919504274556	-23567.04429563717	167353.6939268103	-60453.58683464641	115050.54495222948	15624.999997813662	0.0011519314364868628
10677.306686934258	-18581.50605135344	53398.79457911104	-9646.283015088236	33138.999916636734	15625.000006417511	0.17205290637128337
13175.053130755681	-37499.03135899274	78821.17316915144	-27354.04581367057	37765.343560108275	15625.000000783606	0.05664835201953374
1.2170839162558713e6	-2378.1147764890284	1.5854530260643833e6	-89020.42176311999	103025.05785828305	15625.000002026407	23.16789527866103
65514.29466193371	-81711.21270103197	308739.71549792145	-16743.45962251123	195533.32470607804	15625.000000511354	0.06763270534433748
19010.68242850688	-1155.1702549556176	77510.7654126207	-23796.03286994678	40003.635634819046	15625.000001104181	0.35605862379949604
4680.639339044763	-2586.9277253309265	48902.678081113845	-22883.30829556682	37049.53647563257	15625.000192432432	0.17967171671219662
125666.9171380197	-130770.72146228087	280448.53623112163	-32314.54931079706	99196.53121344077	15624.999999409536	0.002112391920485123
2664.2612807832047	-16313.274422164584	43446.05248398462	-16586.175036061584	22668.297071820998	15624.999997816718	0.03405009495991087
60515.29815697977	-8891.25614848927	147761.00149504998	-24546.107826095737	51274.41293625305	15624.99999918794	0.0069661957407354145
20346.28355215613	-5092.358766864636	75323.11822742717	-12638.384922953599	27161.30140887646	15625.000000390668	0.03072096740481177
57888.18379283417	-112089.88406242142	151741.54233436123	-61780.06663357228	37803.058548526475	15624.999999764546	0.10590329778573052
679.569251684868	-7810.266304644037	44706.638460182745	-12827.69474619212	32703.12630411471	15625.00000060976	0.02039587141701816
6268.344042089238	-4026.145759559611	46663.19758942254	-7804.323122051594	21753.804629474544	15624.999999176982	0.046335098951734204
5285.663777749272	-11352.06457566615	56302.5702281234	-6865.467109135223	42111.26650560633	15625.000004248432	0.2611416317149853
18763.15024182138	-58418.559670606934	92602.18523572257	-47952.832649647804	30971.26988631906	15624.999999544469	0.024676673953657496
2760.5134028419434	-14605.548407533199	39296.22215748656	-14183.60005236676	23500.619753204723	15624.999999198299	0.1561563761087895
3386.0096016800962	-34349.37247599158	68522.17967942171	-42048.93089983103	29831.53982236641	15625.000004305482	0.009937795358574154
5084.290377218371	-2025.6646109080402	42300.53292066222	-6204.195301541471	26074.88404177331	15625.000000625032	0.027024403534059646
1079.9682837500877	-7006.191951305792	66748.81935772806	-43573.53158888986	55233.27425735764	15624.999998611864	0.030444688904761007
1948.2919204629434	-15065.821929249585	62944.06639356597	-27908.529716809222	43003.02770449873	15625.000006856717	0.006733954952469198
7311.653350779263	-2971.9474648402247	61540.04737208731	-21005.412133474078	36164.11119732307	15624.99999816774	0.06781800489162425
5688.129128491513	-7536.862098272703	43254.09703736394	-15930.86933446643	27249.782612268536	15624.999999331736	0.013998358834228439
8213.33354009702	-22808.45545318001	52814.40050074245	-19814.71068355639	25670.600358573156	15625.00000137438	0.01749220874564537
9471.31055894039	-10855.940076360785	63429.68660152567	-4923.740069275607	47313.315778874	15624.99999965139	0.03010974144059567
18726.97682131922	-5549.607325315461	77960.6171238303	-34134.02727573746	46104.63029710921	15624.999999465406	0.05888744278336152
221061.42544755436	-470.49175631953995	382501.6128239987	-30042.57400979215	46339.98906253828	15625.000000508766	12.890708798417595
9493.41121296944	-16785.152203015838	58328.8615682962	-11730.301067854729	37913.534756618064	15624.999998959931	0.028778108234279644
72015.15912506974	-1482.7912071177707	164458.365719538	-34023.586932906466	50022.03333663289	15625.000000752336	0.7296024257218072
192726.00365151663	-162698.1977576266	356076.94501415873	-44018.975684477	123472.45549431656	15624.999997491217	0.001091478891931885
9827.218801577375	-36508.160596189715	73323.79533974113	-33022.5273676614	32809.422995366476	15624.99999916926	0.020688526924786677
20801.462418479437	-48351.480182650994	77384.38850491162	-28845.531377542633	27418.25455689516	15624.999997363338	0.3874458257897666
3667.9855381869274	-2877.734390456462	43789.56039020629	-5008.672374391827	30260.775760865974	15624.9999954417	0.011521559034780277
2786.109650991144	-6525.892322918822	48685.83719088855	-4690.254151105219	37855.23865905235	15624.999999372181	0.1210840465175243
3241.764468715147	-7139.372298133221	33645.671740855	-5947.05835756633	23806.01731147479	15625.000001187555	0.06906736510235909
210196.67542989203	-336655.0652427187	477841.0995034736	-131199.38664540148	113632.45009254932	15624.999997516861	0.04111051885841083
182551.4479387007	-1700.5249756704252	310299.5231574532	-47697.416351853455	62219.65640891743	15625.000001550738	5.334218920887522
2636.3676565992564	-11044.871646949745	39908.92711340109	-11569.902438772788	27021.79829453867	15625.000001564056	0.07070384307130959
812946.5476877212	-880839.6856979851	1.2813083254571168e6	-73872.40956849602	398597.70758067374	15625.000001266926	2.273871856891704
14922.770692134603	-62279.98769018685	92031.2887930542	-49845.15680483568	24387.01987540532	15624.999999502797	0.08051025902962786
515559.5991504856	-621971.815699895	799158.7334188945	-119642.69293253496	168962.29010121353	15624.999999817184	0.14130332841217644
12240.961317192217	-2613.4628412937673	94335.53414182938	-60260.26863604268	74539.84689531055	15624.99999924454	0.3883625332930388
693.236302638099	-12095.679655558843	42293.147172580764	-14794.5063594032	24469.458854531316	15624.999996133178	0.025472749893358116
8944.435705657219	-4528.563417021678	86335.80652186554	-5666.881915794816	20429.24766650726	15625.000065595843	0.06955770009142331
12069.037968662906	-30901.126745895992	136030.92179271986	-24544.34994862828	88928.07713081424	15624.999999588303	0.008089393296210196
17748.197606630623	-19579.04957544757	205704.25138012227	-3828.2472106201276	174094.4460346317	15625.00000143604	0.07472129051669624
8847.095886048424	-13067.172718818998	62571.267221281516	-6694.675936762546	47038.55268220676	15625.000001329565	0.11282869727538998
23019.432921427324	-1864.2463699968648	91171.00607758155	-35637.542824117714	51013.10468253735	15624.999998019179	0.29176593287792757
9785.048970745276	-3300.37531185821	75461.9700217009	-20759.90953749489	54413.67553305201	15624.99999860191	0.006187769919470938
20515.500702660298	-42549.49481803039	85380.9144591461	-23630.448416804895	35185.77830651542	15624.99999493442	0.05319009016450213
47400.23486993159	-65224.10651524871	232864.10574601335	-58664.32805660786	22913.44758195574	15624.999996336664	0.002805162604280838
13971.034950017654	-57238.11403237145	84062.04860762975	-46171.53418990002	26178.89032557742	15624.999999312096	0.4902505518656679
77769.59350559965	-341388.5183915113	367084.195178072	-265744.8508777006	24869.887623428414	15624.99999999944	3.8149375296947827
60971.65490855886	-675.5576385983	154194.71589891272	-23461.588296852176	39393.7233445326	15624.99999969775	2.8403673456260647
6520.937105641526	-13117.287236856995	71310.27394490875	-8885.540160395321	54855.77790973394	15624.999998661355	0.09886519349512961
948.2296487909134	-13777.819417758983	48332.88206648179	-20011.62548840776	31281.37839738869	15625.000000302869	0.01924234492932587
59563.61213364276	-91479.3516540518	158073.90908879478	-43775.56266972153	65451.88679530751	15625.000000059663	0.11271193751277914
12706.373421284748	-126339.42410726962	186542.65493756672	-116497.13122492691	32092.469125500415	15625.000180036994	0.02713623338509285
1813.7563911006364	-1691.4988412214043	45095.83789500219	-4432.321916412356	30228.983657479308	15624.999999869176	0.019407822650587905
22317.559738793723	-58421.393654214204	99288.00162947798	-44922.57627606848	39972.59015555908	15624.999998638392	0.08451624403393075
3715.2622721649022	-19762.659181468585	45976.158110752775	-20980.339920256098	24890.649882315014	15624.99999934192	0.06349934619677224
8463.9021370093	-3056.7774193343284	90665.28117490676	-57191.0682318754	73893.36686583229	15624.999997697534	0.0902531346065328
11287.265727151083	-17755.827210352872	147140.13051220856	-118682.83979575435	118241.34823746013	15624.999997416511	0.024155437647390116
1682.3626797503093	-3848.9449385711923	37192.791813419084	-4061.138580511557	28373.954528056085	15625.000003799534	0.0458889272100879
573.5582435878459	-1760.6658347604098	40773.59206320625	-4728.662050506973	27717.128983830684	15624.999997335719	0.03021275031074472
18994.15980133071	-1611.393386290234	100758.0018702742	-56708.70532281825	72485.50531874096	15624.999994664395	0.4649032350328966
23036.827870985133	-1492.488073110994	160167.86296193357	-6310.529077387855	24293.65689586324	15624.999992494326	0.4088272283424891
22319.812197474646	-12248.361579222394	84119.40451489808	-27833.49216074522	34854.92929865904	15625.000002918961	0.011910401267300516
4228.889185054228	-8908.162600339208	42767.90743063303	-13488.467122246846	31154.129586531722	15625.00000405738	0.015618897778924157
29712.914218642694	-3332.0862796748897	107273.28389650046	-24514.346680920873	39346.17331536167	15625.000001175053	0.11301371412974386
35112.1168365514	-1977.0455236687558	149052.5183963116	-6365.404692681965	23074.714780960116	15625.000001086271	0.36298633821737747
11574.674344014311	-29229.07260299474	59154.94551655237	-22327.165427454776	26338.85258212482	15624.99999495261	0.02691100915589762
33103.80144540746	-144787.31816111715	173806.49532982218	-113603.8694145137	24474.303260932676	15624.999871122185	0.3221608322302338
2671.7264368943825	-3685.940968188557	50623.81385030791	-11215.500369121375	37682.76628297515	15624.999998463618	0.009092053802921964
5035.305306974682	-26731.86600346677	53345.16347740404	-24113.673404267058	25323.39871365577	15625.000177509617	0.17364204747470943
145695.8285581438	-172423.37125708148	285197.85400931916	-40228.617999320064	80255.7827813441	15625.000000767484	0.007837052986122731
48121.00092559261	-62755.051335888624	193426.30009635212	-15389.586597838772	123478.49708715809	15624.999999674	0.3279455891026844
82582.69003967752	-111059.41259916849	212564.65040550203	-53142.70850309421	99167.37032498444	15625.000000312728	0.03970974576054782
117053.60746773772	-212396.26096360246	279732.7915024841	-98870.84722834764	62878.641336316476	15624.999997694686	0.20270811404055025
92979.68697588224	-106021.96475519956	230051.58436212852	-19203.426804313436	122403.25750519638	15625.000005554262	0.360113178295111
17274.787561334775	-47353.81443798789	86344.13866722539	-36373.37631353002	38097.83082161556	15625.000000001619	0.11200103308882162
205572.725491434	-3032.553062822524	702689.3904028782	-443748.1793727276	479019.90174394095	15624.999998805913	0.19253817890832903
16076.90179258457	-31667.314173472347	96105.0130520662	-20311.89392624084	60132.30013174645	15625.000004193033	0.03813386399473193
9553.26579691282	-12704.359935991995	97736.76637789712	-4067.5298812930846	81771.03654543622	15624.999996989347	0.4776290723578942
53992.40499000853	-82929.08363695708	129369.04933386421	-31268.621207040695	44487.652899046196	15624.999999430172	0.32710537529693584
42488.67187148663	-10812.632195641665	169809.23005805025	-95486.81813640601	102782.0783870272	15624.999998929008	0.04758050528961026
7093.147989778081	-5442.068465578603	56278.99978606211	-12128.645233890507	44058.83109508199	15625.00000232605	0.005682855714574158
24353.184231562554	-42607.887511825014	100988.11434955389	-25863.711491460024	55972.94034844382	15624.999998143385	0.045286128732955185
7795.800382888812	-16451.80584680493	46700.90246798	-12832.177278805517	26872.65433746264	15625.000000925465	0.026058166641470936
17415.93253230347	-78896.54355811886	103285.01086464152	-64140.70204114681	23153.040965813212	15624.999831524678	0.4290201717132608
4835.674933108563	-9118.380240318675	61440.86033272839	-32591.31189112045	40389.44615133845	15625.000000151651	0.034513977177090746
3049.9912760560237	-6569.489495051883	44111.18611913009	-18489.694513611576	29264.59749792098	15625.000000513839	0.03342550211309874
5440.464957584743	-9986.916479655076	51770.544232802	-6537.168382283882	39305.121318248566	15624.999995075981	0.11092403519749443
8033.776860188344	-12568.327299432829	60143.78337202617	-6129.215104610921	44606.66043763375	15625.000000235828	0.13273842669577665
475812.06136415404	-12249.077165122359	817215.6835365525	-233175.86577760224	268119.8105469609	15624.999999110814	0.037883960645011594
35729.37006398552	-35508.775915431994	140879.03937224558	-11630.700612065886	97364.68816690563	15625.000001350829	0.01507191627260305
436992.3310101437	-885.3711105888099	649772.8703433431	-95088.7969371225	112854.40038632025	15624.999998713598	5.042176835764811
27756.219526200948	-61533.65693026345	118081.47795772993	-57170.59199635094	55427.93570644575	15624.999999676425	0.019600257238489467
205969.73801521002	-1146.4818214580591	364886.1386137976	-92926.02422548019	117520.69605158849	15624.999999310021	0.5338772875290003
1318.5707783070247	-3217.264414945565	39405.31095565279	-17243.20621694091	31084.866989060392	15624.999996317172	0.10096146800933971
39512.23915597926	-86704.41515129991	119954.74841935991	-49208.366203156125	32183.865464646253	15624.999999523483	0.6303999509784729
6365.461625596698	-932.6616355604201	55014.3566062765	-7882.004429866276	26420.96978562547	15625.000000362648	0.13763623623728224
1884.6448622744065	-6310.896636094898	40030.72424241388	-12425.79091324308	25778.091733091045	15625.00008693384	0.01852391094806767
38910.76550568314	-19932.5002084258	113532.93917367532	-17407.43558218574	45115.18370355812	15625.000002232775	0.0013974747160439942
41631.96590349829	-4555.072943948384	131030.34596551926	-26353.481400012482	39367.05816377116	15624.999998151532	0.1475883221188829
3745.9065033338966	-33517.50288980405	65289.34807257242	-37747.898668065645	30253.896766770195	15625.000000076872	0.04067519044314858
946.9509263841173	-7533.00809711036	47826.71469633274	-11506.441729099122	24265.64743284885	15624.999999333584	0.015825833961555298
3890.491273608932	-18032.88176989043	65605.16305523843	-17165.91915824893	39128.076217337744	15625.000004216854	0.018107332561507768
3128.740103678352	-3400.994090516634	45149.647932665044	-6454.925803804109	26249.63960959355	15624.99999684596	0.015675104182595337
4220.078136079965	-46716.968351549	75741.08823901543	-48855.14985804143	27013.234486255446	15625.000006568502	0.05542462178262727
14368.528691177577	-20180.176797451917	78579.74369291728	-32080.333643755992	33512.04401319381	15624.9999906359	0.003365294471427623
102126.14586422977	-817.3016272953103	737255.6203827495	-4525.606345185764	36766.96041415565	15625.000003837224	0.3687267017092854
8813.579928735016	-3680.240626089284	56938.68712871143	-7812.023741673975	26558.563050365075	15624.999999125524	0.01591396700740437
5986.599696377874	-971.2066323321196	82963.02803402825	-4601.252873417136	28416.903645964492	15625.000001301007	0.07143844029721315
3246.545549477567	-9578.664585650962	47407.08918259712	-23415.959488078995	35687.882971148414	15625.000003496752	0.01146441430838641
23541.86175957569	-36109.83490558001	92173.43002629798	-14688.91719493586	51055.61447716283	15625.000000151646	0.07199963298235519
59355.85017663257	-961.0456962358876	156633.10760164727	-53557.78690895107	72081.35451771661	15625.000000786978	0.48816761093213723
54702.91577568632	-62153.50967287336	196287.25597885536	-10618.352649152497	132423.7644169785	15625.000000593533	0.5929654184659081
14830.939283629094	-5031.3827598877215	139438.0812548324	-12909.830175957193	28499.916250846094	15625.000001504259	0.06474677271574525
170089.98471335098	-2050.5703243409353	336786.4838818623	-89480.90897029721	107307.17904892282	15624.999999765969	0.5341616661629383
5294.476268991473	-11504.295663797191	48066.431659537186	-8246.117609203517	27647.902244648678	15624.99999925154	0.018549071500370606
3748.3413010175473	-31117.961202041944	59569.388633184135	-37600.47226073139	24549.231675796327	15625.000010008458	0.011395258574697795
2577.380560178777	-4157.801738083188	37055.92767362486	-5044.60301761992	23483.37190256865	15624.999999303827	0.019493418187977993
90742.81651760332	-128934.75805389788	186172.11019697852	-49842.70488020187	49452.00076335936	15624.999999324787	0.023957928335257134
4777.152742528173	-2198.4271442362106	43535.6750173858	-12471.137088792051	27063.439375756603	15624.999998570467	0.167403153916251
92239.73823821847	-61509.67294734317	331729.3993447091	-210700.4706388695	171891.04732170398	15624.999999509968	0.002603288753255419
4051.901824282293	-7126.098723821324	35942.86042897783	-8569.724398695686	22248.922535203517	15625.000001296805	0.015403837567105606
12212.20772213256	-24311.410903277807	63177.98253093753	-21086.49083453091	36532.2581399139	15624.99989784602	0.019414001231881323
25891.383149384856	-41373.307637183156	95093.1047622812	-26938.47093181379	51136.57800029812	15624.999998848434	0.024200062623334097
6294.012125207599	-27828.645485211513	52437.79686779692	-24272.936400912702	22557.224673390738	15624.999999892549	0.09554776849187135
27689.50261094018	-1457.084244363083	108570.18792219437	-32570.927072772596	53579.066177961824	15624.99999942338	0.08753199284659427
14396.289996736858	-4421.46544495596	98800.5351979115	-59799.42633770712	71883.1810544217	15624.999999637064	0.26039895046663364
7596.454128768966	-1079.6840548843402	63195.104522589354	-11197.566389893305	29678.02931863515	15624.999999925349	0.12731527467768447
15754.500502537627	-5472.27067967559	100045.91206834861	-23127.832353779213	36779.87858846314	15624.999998703955	0.04269894929495996
14048.444591957266	-33009.843290374694	62617.64506267628	-19976.322302223307	28683.618291119812	15624.999997384111	0.6531422664560821
8665.989177135212	-24544.098098804752	52152.209840858704	-20717.556966943113	23713.926279144027	15624.999999137479	0.02171840645015101
122986.00672294655	-12998.297979006344	376993.4509916067	-18513.453721934762	42158.68569589527	15625.000000271932	0.011489032351369029
21809.95333322353	-39710.193702963705	160548.13642320925	-20054.441510288692	95684.14561552732	15625.000001501137	0.011354100450759776
19574.22139614742	-37421.47192302742	74296.67950296344	-19124.636248266965	35545.93392864184	15625.000001355802	0.41101755220678965
6714.002078616631	-22808.348737483095	48521.881355219906	-19539.077410481266	24633.16381869922	15624.999998785643	0.11825478668001513
926.7424282765714	-8235.23294129374	45301.824553767045	-10299.859583336569	29353.251343689975	15624.999999900348	0.019656566863887157
117785.63768848905	-239891.4828644627	309840.5163898659	-142999.17694528023	69296.76377578947	15624.999998609333	0.18248873395819287
109784.20387615345	-860.7848262512525	248645.356166916	-93407.22354411372	114123.34216501728	15624.999999639564	0.7019872616973531
13643.60076534549	-127998.68453398457	195796.1760803166	-148149.3413171704	60932.26119165425	15625.00000425073	0.002806320196382582
11228.043591990301	-18020.07905657419	58374.43941353376	-9576.077759843723	38848.36104250664	15624.999999294636	0.13702888083596104
101244.02473558486	-124561.2680980158	647224.113140827	-24022.04372622076	432158.5413108915	15625.000001630342	0.015266995810386635
135459.52557667615	-1792.7052785928954	800118.5695906442	-7420.256662873364	24708.734461351647	15625.00000445533	2.452506602314626
8697.891673334776	-32480.276367303974	66233.12180834328	-36500.25646051491	31696.06641576247	15624.999996575469	0.012502510068667011
10170.443287033408	-20667.738322687648	116098.33867355464	-18134.861302209378	89627.0914017373	15624.999999173484	0.024715212440484427
4075.3370787982094	-11223.99300511583	36125.50956102609	-9869.452932947868	22684.200607914187	15625.000000695523	0.06226711703169208
130456.05156861857	-18882.93743998828	296293.5475707165	-117101.47138776736	115627.28947939952	15624.999999468222	0.0869225424186411
7090.061450629454	-33020.28925885714	60655.85053520705	-29974.731725148467	25117.556560397934	15625.00000080636	0.05448842332880158
29342.158870954074	-34309.48805292493	150576.2835334676	-8994.403947035724	114116.5440216573	15625.000004940783	0.2815938778355844
2684.0193306830615	-4113.200888007166	34250.65631310106	-4489.565535898404	26768.994933517544	15625.000001336335	0.040580466058327797
4184.351458469449	-1987.0496376206977	49584.66609467912	-20049.415052202065	35768.87880228483	15625.000001972781	0.12091375197174857
11862.885938942229	-9755.041634537356	115116.07943883305	-17459.4327565555	47512.38643092639	15625.000010814285	0.0022451026055764866
23762.38811593684	-937.3820562712315	85634.76055238364	-10401.155650082	26237.30261600914	15625.000003068431	0.9270255196197227
160256.12268890004	-235648.75656163163	313343.28149962355	-102446.62085667584	70647.60150332263	15625.00000012519	0.019481235014048873
50711.78601411038	-14764.869667489427	266359.0485182869	-44844.430370701004	55107.008785397455	15624.999999895597	0.01573878684278205
16000.226665143426	-34606.984565403945	71719.9806798229	-24656.09829018984	33342.21384548645	15625.000000020591	0.02212652515997733
7250.814624426712	-3114.496920217207	64562.97287714039	-34901.937421842595	48085.76578884653	15624.999999710555	0.325481905813693
13477.037196623627	-23565.39774536185	98521.28593095724	-64538.35116051388	65700.64379849189	15625.000000170745	0.0015993691048719536
27036.19963389053	-50013.680949921254	86014.44813347212	-24862.96980822581	33040.14451181132	15624.999998693558	0.1462184356275045
17260.335501297115	-61012.36988535178	90566.80487679728	-47537.101803236656	27585.500195470664	15625.000000656482	0.12056317649098296
51849.53206983162	-194664.82211129752	236405.00700256974	-145622.74195649126	31638.007400617527	15624.99999884209	0.11495333869847897
56504.712904844935	-104541.78208851842	164475.16878356808	-61450.17241305778	27058.36796389222	15624.999999381362	0.0034497440380626804
48589.69481779309	-1000.7349630103063	281745.6091239095	-4743.961178530459	23924.86994059707	15624.999999413183	0.9852867871411554
7376.811368681869	-7690.705446081178	81712.66657585953	-30491.146571677877	44895.57685643301	15624.999996517028	0.010914737026619346
71073.83623606236	-2797.8487131916772	235090.12248541773	-134105.85424952238	149008.45414489295	15624.999999727841	0.5580234600221633
121278.95138494874	-205236.97857621877	246371.1249328017	-85480.9840194803	39295.97008024849	15624.999998056817	1.3555852800734012
10094.095744404622	-567.5810021035104	83002.69795738207	-4870.250065231652	22834.22484738454	15624.999998644596	0.656185337156215
3444.309707493925	-38094.9305639159	65493.421253712986	-44338.33556082951	26699.438909550187	15624.999998799924	0.0696364032382337
46968.641906425575	-121847.80627273914	153183.57303444727	-77615.7714449801	30319.59594581019	15625.000000669477	0.6738685301653092
25374.32636034547	-6131.01412504123	151592.3619393455	-100424.61675351288	110909.97207668144	15625.000000312462	0.2540135613017439
68525.01753159538	-189707.66591494888	218775.61887514856	-122675.05143009775	28014.379811489314	15625.000002341876	2.1302267434234095
3594.7613717036174	-936.394773144289	54181.16990220433	-4011.7848527978394	22319.583929423825	15625.000000145534	0.17986258840638197
172106.50290169133	-251347.51696743182	318063.03954603657	-79986.31164976048	64461.432636957674	15624.999998997242	2.943244593035323
3259.314204938394	-6087.218232106883	42241.44656383926	-6866.395939274755	23629.107035109824	15624.999999346132	0.012378005507851578
5178.236063787315	-2117.5584469731907	50521.29967462895	-10331.03421689698	32144.802297216647	15625.000000011089	0.020494566499617974
2868.1666910165877	-8063.290503658587	32820.916977158864	-9013.42219089737	21367.3742102416	15625.00000098269	0.032798552027095515
16444.383124897242	-31182.930511800354	85813.19117347081	-16506.89706402128	51673.79467152216	15624.99999439856	0.14408905404703184
33912.151447834985	-48435.96935279529	257227.19821810792	-15488.38017436692	149906.8704355532	15625.000000935157	0.00690360997626982
4263.44830547043	-7055.129397694285	50047.33228813975	-3704.1760377853725	36138.35120667953	15624.999999675216	0.06312453911222582
7165.996068906775	-21247.221597400374	49719.13718240526	-16990.884855808992	27232.05881581295	15625.000000428345	0.12277909025058896
13969.043590825997	-768.870629478015	70175.79447625953	-10157.169104749039	29252.3541047297	15625.000000768972	0.1801846924154298
6312.456329457087	-15800.241613936436	44665.698196066834	-13040.092486323018	27407.32749187018	15625.000001689557	0.07585857852268726
6159.3199608154555	-43774.39202424553	78140.83282874775	-47627.56407503452	26590.52643038363	15624.999998537533	0.007386046808627494
8586.963486460132	-26866.67294413002	86657.07232464972	-32017.687722473333	26730.900476205876	15624.999998131389	0.003851472575865105
3207.9508501317378	-6802.91045290012	56373.01446546218	-4682.769198352444	41694.763841316686	15624.999998180021	0.05119877541477507
5717.239152189263	-4584.149239661192	73190.96933918858	-20032.167313263883	44371.97915878548	15625.000001207163	0.007393236362934895
42854.126991756435	-21817.08797085692	142169.24280480866	-22258.967104199335	26728.499790614358	15624.99999993898	0.005425315133406008
74697.4394717016	-105191.36608081326	256412.1607554744	-73173.01393518811	27345.7657822122	15625.000000265689	0.0006844269065652898
7894.902150106127	-1010.9284901827266	84507.39014780012	-12834.787455034419	42581.79301105294	15624.99999916186	0.026587055199805865
32413.06940958032	-106051.76055359747	133597.74831814226	-78408.55995676294	26987.312688004225	15624.999967288226	0.5604393034627624
21360.379304667003	-33935.65883606608	115234.99861105699	-14841.069919922269	56285.379788492675	15624.999999263695	0.007398017432674485
78248.27179037436	-98432.89745414915	204577.2482875595	-25682.21283431904	78384.67889935104	15624.999997571285	0.009922142881893853
18737.36809822476	-2391.467615077886	80786.71925602408	-20787.2263921656	37758.95182206131	15625.000000700562	0.07257786953229779
1982.2330558252434	-2595.724965797179	34966.458143741125	-7978.773920076739	22935.74524734181	15624.99999543582	0.08351560057773988
67778.08761442266	-1018.9479399106746	169575.7200795887	-38586.73783647781	66063.99307199102	15625.000006617629	0.12917001140850007
458967.12262147083	-593949.0339592044	730375.9724821475	-144473.1932692844	135523.67743845354	15625.000000698004	1.5556679674240694
468257.76798611274	-907.8817583613379	672571.2164643933	-94870.31453127274	116269.63290226506	15624.999999614956	2.441343385786715
98649.70073506687	-26597.59897183629	259103.1849062179	-107531.37475554804	98364.45609295157	15624.999997360057	0.0420271484938151
222246.54253485764	-7357.526692926632	459627.0497894605	-200858.2735703306	210293.92784344178	15624.999999217487	0.7484521729039993
2915.983420479998	-4484.7459009283875	32666.81581842329	-6500.248924907765	21382.99557986735	15624.999998795041	0.027625265523900412
16759.136414183216	-35260.564454966894	83616.58576169079	-21305.198480619965	46416.72670192155	15624.999998707939	0.13023288134347616
3692.888669522345	-6736.690476931169	38251.45743498482	-4475.823200432627	28838.354817727784	15625.00000180879	0.1084832043996738
13523.641713078243	-12166.365207797644	142882.8719431233	-40379.329464592054	119919.83411419568	15625.000002664128	0.002889091086912885
26611.7656890566	-45199.78782610758	84137.1336130281	-19793.091937319783	37736.399688895064	15624.999994397367	0.5852864414730727
22728.45088424266	-5080.09017325806	105347.63438274316	-11645.160545378065	25209.31440383417	15624.999997707608	0.0794780899510089
1363.1456455824118	-2013.2513668520235	110011.64695843201	-4441.348381710627	30307.95995890097	15624.999998530591	0.035222959979859234
19877.480946165015	-32541.92511979802	73864.61427450136	-14326.586534926402	40185.494204793526	15625.000002264833	0.38622486652048116
21050.851918772358	-5592.101924426475	130451.74178172942	-88936.31576190887	100789.96377422249	15624.99999737693	0.15221361685906734
9574.633702308907	-21189.82870536548	53589.4035458634	-13107.440345832836	28563.345129347697	15625.000000748178	0.07689610705294875
82564.89127033085	-72526.2691437335	392554.2143360663	-9588.974498550078	234008.9489262775	15625.000001552642	0.0005856995028318653
5678.363544635606	-6487.880752312797	62347.62522055079	-29422.970966231907	39887.71053933204	15624.999997739007	0.05382905613763118
57482.14907030537	-77867.29701302499	169898.89663534588	-23206.220138165285	86803.67973325004	15624.999997384672	0.11544925413896237
150603.5138409175	-3793.8464889902352	268503.3973416937	-47963.93075462336	60540.26995755494	15625.000000615817	1.5364026556482588
12043.648732552043	-44782.52912734891	77011.95470170444	-35573.3240150467	30178.62477484881	15625.0000094258	0.12095010538554651
6840.306410513859	-43023.17147155391	68407.20106246133	-39050.416864425904	24094.308571404123	15625.000002823006	0.21095987731023477
26544.56914022682	-6084.194846768326	88701.52501321674	-25339.46222947832	48569.02173587153	15624.99999903693	0.007540520321895811
6153.95486732584	-43291.156464526546	72011.20146649657	-40837.34972759953	21808.76327653625	15624.99999697649	0.030950864026222234
1828.6643285406772	-20048.44119682082	52193.39305420721	-24520.752083803596	29574.333857619516	15625.000001279583	0.02784042320233788
31166.166307921936	-60609.981641429884	125937.92503918993	-30323.612888480617	49797.39278180742	15624.99999806084	0.059394815925488585
55778.457375941565	-266512.61680685665	308286.78778649354	-215683.9851361197	31400.470183377867	15624.999999267286	0.08291767452777112
146646.6143417023	-20676.603152054708	517298.7829824663	-327561.9620903359	326407.1996472727	15625.000000041548	0.04542819074732681
1263.0878146820585	-3384.5118401377954	31348.67119472476	-4823.52549692205	23267.37081044115	15624.999999298603	0.04505924683156402
11633.670661662167	-14791.426029596096	94302.14581356011	-6064.792685168046	75871.61093457369	15624.999912080006	0.11533539049699568
47208.23431810827	-3554.582978223589	142542.55635613907	-26113.91270539412	39056.681523711595	15625.000002116372	0.49976456720075835
17289.210844406847	-1647.6425228004082	79750.66893012823	-21837.026398246617	37778.9560182199	15624.999999698119	0.2124627997586711
8167.089446287033	-6416.539238638481	58980.14197189474	-7817.567653656147	20274.421888532233	15624.999998486252	0.027742366485240356
48058.93430204294	-1743.367076595726	140923.45640552102	-47576.777242163196	63754.7998138112	15625.000000448563	0.3575961197171633
16067.30064898536	-7084.369039588373	98911.7047113136	-57246.60276763989	66502.29643487182	15625.000000095257	0.15399022484955313
13644.287493892713	-992.549730038787	73561.40700784397	-12940.088072730632	36385.204693395615	15625.000001355766	0.05276018527532913
121257.60910386266	-204219.40036112024	254261.0183961077	-83881.56549277343	48359.50610091837	15624.999999561012	2.328642470000892
1005.2722279520167	-5215.541727217871	41488.54070402845	-6072.9111135836065	31743.259079074254	15625.000122165307	0.05448362318640279
31152.842985149924	-53707.56311226473	178582.01108347197	-25414.814382211614	60745.03137735545	15624.999999190244	0.0026206387415318197
3224.607175037185	-38106.755913861794	64010.65324130771	-41312.87283759215	24978.665577032138	15625.000010079355	0.10126809518449977
3689.52994878935	-4979.877588603922	43275.26325490777	-11792.14129198911	32831.26062650554	15625.000001293425	0.010875649153625391
556253.4953798137	-611885.9207400079	789998.4604280447	-66561.21998842785	155849.89415772376	15625.000000699521	0.07027321672108079
8689.944679368084	-17652.28052255817	60223.12250261009	-9847.842565097206	39267.42616742384	15624.99999371916	0.18349154573809925
14083.053003872177	-71332.67686980961	122874.57631104655	-62823.241664916895	35272.73901298746	15625.000002535246	0.011239234663732302
109988.71694615623	-882.9741682437598	234501.60441760253	-59114.84571678602	77721.56400499723	15625.000003437483	0.8839673936851933
7383.026012537867	-13660.089058928967	53634.02297441296	-10614.476036746117	33958.120600316084	15624.999999593141	0.014900883412709297
23505.533855438665	-6140.22853500072	95447.47644890213	-26538.938409178736	52353.01441014208	15624.999999660235	0.0060578874414571335
218239.5634765829	-341757.08822849084	398434.07467697107	-126667.94800823246	50959.56878840744	15624.999998990166	0.3688351777716107
39413.16384805684	-46227.68715508362	332172.6493036257	-54183.96621490353	271138.37563607574	15624.999993553036	0.004959060528884819
55653.574184420926	-1069.6566695007266	130508.19412189117	-29088.0402048619	44422.686632053694	15625.000005297072	1.9255661376673923
52625.47023501102	-4733.443022083491	165051.2177969187	-61150.06102156086	77251.66342922684	15625.000002050889	0.060343472649327004
4168.148189896565	-1124.296259834578	175074.48141692288	-3162.194715320248	35522.949549608245	15625.000001879751	0.052854966018462075
11199.832067632262	-13554.588264053149	101091.25491674285	-48225.99615828844	83493.08714518836	15624.999998743646	0.0032954105168769405
1583.316476276318	-3489.919255083336	35792.98926268467	-10399.922322255956	25843.85499448736	15625.00000110475	0.03838450247461548
13743.828408369218	-39554.75456541515	234653.22803978022	-179777.86915140715	168808.5173358622	15625.000006060523	0.0015961165332141326
154839.47271110094	-7445.762458391084	333353.82610707916	-50413.27382633486	59411.02051555039	15624.99999809597	0.7421232223428477
176031.88540923223	-1639.9787164453592	390301.63637396356	-176771.76004223517	191599.97989689137	15625.000002243236	4.386083340878307
475733.0409421638	-593022.2876875272	675141.3169611513	-117905.97469248452	79877.31016766076	15624.999999112253	11.16684012789994
10878.422265833842	-14740.79323307579	119711.41245981964	-70810.31407925501	80527.2945518057	15624.999999367821	0.005492948552099041
71424.84375151308	-148015.06308541313	216244.36505556415	-92494.99863922157	26838.391441805405	15625.000002207673	0.00343710303370749
25708.88724898419	-31634.854816728308	90570.896679453	-14498.42089034674	54321.20073474594	15624.999999467847	0.02006025425653079
45316.069504902	-6228.200659476453	153097.10171370953	-48730.49009809003	62226.669882721966	15625.000005134032	0.04899663556029519
1474.2444775204058	-22046.44012398238	47217.378686667886	-24666.300510493573	23393.944149074843	15625.000003850757	0.07093158044427783
75001.12639631203	-110882.75298956147	167503.95323293458	-40064.079104464545	54320.35235361167	15624.999999933694	0.20862458198374986
6217.643526583454	-14937.186764690174	42409.207961793414	-10433.165455997405	25853.466696998723	15625.000000249569	0.14878309007628834
196686.98003961472	-602710.8022170234	775774.5561718403	-407415.5211852148	84851.47492003976	15625.000000495405	0.0785004589682842
9286.378554321185	-18567.29981334099	90937.73192985216	-13589.640272301622	61528.78311767569	15624.99999016046	0.012333238432046445
87997.46431782849	-10100.043408697173	260622.34415153207	-31353.38190104199	38153.5233034133	15624.999998980726	0.27460488007916184
33252.72433382069	-26177.22375546719	116541.85351265372	-54746.891860903976	67292.9409427401	15625.000000119437	0.0011769463727566323
89562.24715719189	-2192.458785838913	198460.8165403065	-49316.36775968485	71431.52077734408	15624.999996851533	0.1251937746949383
105765.46259896812	-114364.07531682322	341466.736805378	-9723.267835274488	217825.9734754349	15625.000003426845	0.34121680755116884
7676.373428772491	-15988.639948045675	79748.73378188608	-11067.430953828625	58833.448614577166	15624.999999617346	0.053544682079812
11067.03709096619	-2886.271030435048	105053.8449812478	-6714.669602144977	22390.89837741523	15624.999998629028	0.18144619485314908
649458.6154903081	-995936.6645783931	1.0457429604251771e6	-347227.8665308744	48642.96635654103	15625.000011214579	24.988325038329762
14744.53198573942	-9530.65898295139	115015.80062208185	-12239.379005928364	22026.79665458452	15624.999998779196	0.0436617822206733
387985.2312882741	-1291.3173354453952	616160.1655904843	-141954.91501033073	170316.56348189	15624.99999989554	0.6704347937327576
3320.7323452377473	-1816.7176703819152	35390.10454522839	-5790.242503374325	25638.517343679072	15624.99999933529	0.033482843111561876
16989.795944595164	-2313.6828927337738	78942.16013342381	-27260.79306512974	42135.22644567527	15624.999999487403	0.18846205445676906
28385.31924374147	-50811.96498691007	96355.95473330485	-23701.778726704404	44486.14166232856	15625.000002098255	0.6939808438675353
3551.934201496051	-5854.503194360586	38785.5259285004	-3641.45331724435	29405.974566679775	15624.99999986439	0.08605490925993677
42196.77122106851	-61598.88716956564	110396.41793475926	-23449.983411040957	41669.692894016276	15625.000000554779	0.03503182046233073
16231.863829887408	-26000.25228274517	113276.79867368651	-55549.25798716789	47321.66199257592	15624.9999978649	0.009004177957031772
3533.4584835921646	-6415.408658447831	76509.54206203014	-4459.355501001646	64737.728764611355	15625.000002387722	0.10254497716365649
77799.39582975103	-114382.03122249422	166370.98678543468	-38349.087943740014	51230.72200590417	15624.999999923191	1.637909939716119
24891.803465342182	-27153.826253566214	179194.2014835108	-3307.413610468413	148059.42888352054	15625.000000189699	0.7100850856690074
4138.188354064245	-37695.322576063685	82325.33072461188	-43067.49422481796	29251.041009754874	15625.00000746618	0.004714473403061009
163912.38846029367	-202582.8739537677	369861.26885887946	-42705.642777535984	163945.69929046638	15624.999999854199	0.352605501033555
58411.86472890975	-3402.616433529136	192134.48565358334	-93196.94488789605	123736.76218260144	15624.999998627656	0.04533919260590527
20067.446042689182	-87425.19755699745	115612.49669605144	-74666.18745578313	27647.78092457742	15625.00000027904	0.2644287144793168
7395.316582311352	-13685.08390418357	65190.844240876715	-7121.886813736756	47926.08955067668	15624.999999791435	0.21936214716285035
91265.11244242266	-106459.4526396105	220717.53070925735	-18588.073125004135	113313.39927587286	15625.000002489243	1.0604329370470127
13318.963991352059	-11796.158736136986	74551.83078124019	-22661.39816583185	29578.580054962687	15625.000000737433	0.013775096564968297
163358.09535005482	-5185.983344605365	398445.686083618	-111987.9646598772	140095.63834807742	15624.999999830081	0.044172656182154595
2511.66259376565	-6382.96638299583	48410.178180880575	-8503.810820083301	36778.00066113777	15624.999999773972	0.019014490774210593
174468.4676741211	-9824.775716905955	390374.4955492286	-101122.018452251	113133.9936492005	15625.000001129461	0.07180902863093526
11784.924862298656	-18172.396573588347	69266.53598036093	-23490.737681321494	26325.353839492076	15624.999997493796	0.004268725905345249
4085.1682804529264	-9572.467287600855	39010.39130609529	-8252.151202324429	26501.348371758126	15625.00000440504	0.047033313763927546
116699.98117324203	-74451.85315791248	275820.703461186	-37962.04252547548	70698.7985211165	15624.999998300384	0.0007028181762209383
3964.9515712727443	-55473.156445405504	98287.5174596582	-72105.7034999879	38520.36181457369	15624.99999883525	0.004944686657871106
2136.2741087097043	-12547.578603649687	40254.125503022085	-12732.741394712026	25888.93990915105	15625.000001747783	0.10300941026704374
99676.05676166645	-84509.436382173	357888.2390891985	-140374.6843409298	166093.1021506889	15625.000000862798	0.0005720650097809736
962.3106959836405	-1038.9037668680885	40814.77227292699	-3828.0645783330474	22934.00424512662	15625.00009507197	0.09964200099003886
70341.31714433854	-94396.45680630958	213253.98202731885	-56161.85409333358	80269.43325722405	15624.999999623778	0.0015353744586878789
35265.59267106354	-1859.9530556565114	108951.22952965341	-33400.52884363452	48967.12231512209	15624.999999418931	0.3194158600048734
63839.926655370335	-14546.707958313611	205993.85529247648	-86495.46119013248	89320.90315789019	15625.000002566638	0.059610984094545766
163864.26258700047	-179083.2160360747	542357.2427086408	-15990.593882516783	355775.5488777439	15624.999997387757	1.0675443262349316
10024.54964138986	-2399.2128155830187	60728.43834814854	-28840.9020145053	43110.611867785396	15625.000001131812	0.25804460669879814
59908.3982902813	-151272.43335201225	548021.29160608	-192066.98005446148	244079.71994998178	15624.999998950836	0.0003343258912914382
86777.69287766182	-1403.2642814714945	205496.7426042921	-82066.07069823891	99759.11067807312	15625.00000084048	0.6036654074445938
125834.2256457191	-178184.07994276192	398071.97295829025	-61190.61380422409	191059.88761492213	15624.999997941937	0.011041958085159212
2620.2951451782446	-18313.99358419171	49390.90744654862	-21221.597560520167	26548.846992906998	15625.000000445194	0.017835159942136265
40235.171974451456	-5176.183777173472	162586.69103509345	-96891.01351141631	108122.08871716293	15624.999996327657	0.4411678522588472
392620.54809050536	-3443.792151695548	633957.4989747897	-55774.08954603701	68675.96004791581	15624.99999869343	4.90319257128738
8879.603485514672	-17724.98129369716	87320.7354139617	-42736.86171506204	44686.901755062136	15624.999997855717	0.006232370628618376
10476.485984050196	-12637.682875412644	235642.6543017747	-3410.98672195208	214654.80562469875	15625.000149367377	0.2946974673631188
11232.983978892693	-3163.4026081320503	92150.92877879832	-10803.189490265273	34131.739919908	15624.99999852457	0.01673481387961203
15782.7890232871	-19917.83983501559	83073.64057537826	-18468.255400982896	51220.06680695998	15624.99999952034	0.003034951043706746
31241.661539723467	-38845.30817274264	117035.38869325709	-17065.559878567994	75561.14381707899	15625.000000107017	0.054328256594226874
21751.21796604214	-33737.92770334557	76213.79256773496	-14131.573652304694	40818.73180495615	15625.000000554093	0.20807662290077716
3591.73189034832	-13923.012253015331	38945.7533689673	-13997.65567012057	22183.55097107681	15625.000000174296	0.03797735417097315
6184.7126946614735	-9465.133977939686	98100.2040967631	-57389.535681637906	70468.17994172299	15624.999998898711	0.010750978089305308
15142.391130587086	-48069.919523844845	91295.03238537256	-36282.07761251088	35160.491327854106	15624.999995072256	0.025914104353304716
29482.83030330902	-3933.9087687670835	102131.75241484388	-21893.51529432999	45747.94531921018	15625.000003063018	0.01450509377029274
17135.700076170862	-27281.806355147768	115941.68729767273	-13451.481207138102	84201.5025109069	15624.999994702288	0.0803348683695732
6731.419338408159	-29400.26484539837	87203.87352910545	-35011.50858500856	50697.29807413241	15625.000003268826	0.006285233328843284
7062.12365672109	-14322.099618657885	50091.3588567154	-9942.887588513333	33567.8804042166	15624.999999364712	0.07718796556319009
95827.58655153896	-3875.318290132674	218934.23310926632	-19918.426518080385	32886.78430966192	15624.99999856492	0.7097698618465802
13609.988381070143	-3795.8052536390815	61017.759388050996	-20411.846518645267	37266.51768714469	15625.000000570057	0.024700152486063817
262258.82398847665	-4304.318321909832	562449.602272122	-31382.86480779555	43483.27469045661	15624.9999995104	2.752358741451571
29777.51402070478	-7319.46923471475	125669.43095851588	-29804.38937912976	39433.50348876667	15625.000001752705	0.11713564007961984
23604.678668486857	-25439.46431642067	170695.5874043476	-59192.09761603446	53524.21108644073	15625.00000023462	0.011125520028148686
6575.399674050859	-9195.231446461752	136278.86785567505	-40158.7757588191	112088.77450372558	15624.999992414174	0.002374747430839074
30155.317594954595	-5491.217035175388	165145.47822324344	-96496.50219715563	112636.87755943721	15625.000000954285	0.047001692648155326
423858.8126980071	-730812.197294387	866192.3059696152	-361116.09271246614	101226.7535304788	15625.00000123179	0.00604727328717712
7170.252781265275	-2103.3422171094207	50526.336281215335	-18524.26961530652	33358.22672440419	15625.000001117787	0.1747567360111081
109190.90791631224	-22754.755574826326	336821.54590252764	-48103.933063698496	111791.24467998359	15624.999998361833	0.0014943938263744022
7595.417685145005	-3816.4649709811097	52974.409296323225	-5277.953164777427	27309.538761341515	15624.999999270607	0.008416670218505876
68900.19711482672	-52225.34416571376	428384.3817836105	-76938.45241826256	42447.58293259394	15625.000008119634	0.05577643182282433
16394.70235384535	-1358.0379274532897	79932.48082543688	-24429.733256628184	46420.59672434465	15624.999998247979	0.05836967488707126
14977.495744803688	-105299.18526677112	177888.1886955694	-109721.11707294063	25136.252485318575	15624.999998436368	0.0018966620663023273
616.0190259906901	-4346.594546277244	44231.699817150875	-9718.16001929343	25128.871538520078	15624.999999939944	0.027610130034797217
17767.70373875771	-1827.7761067236897	98557.7339382338	-15505.760694579134	33544.33154753001	15624.999997690295	0.11109350331639592
36654.010626633535	-94005.12374206388	127160.90318708646	-64013.28951666714	32597.53682377438	15624.999999541618	0.3041331655659967
13667.368619062938	-2171.825415959116	66622.45530209597	-7751.277314609382	24313.9614466012	15625.000007771887	0.09442453063296112
37065.6425361085	-1.2028373082753404e6	1.3138209218242834e6	-1.220120266619074e6	86595.16976979317	15625.000000320084	0.0029094662147781695
11003.05313210329	-1596.3737509527637	77771.76328399463	-3705.2182531815597	22096.70670046193	15624.999997879291	0.12462227821595072
7223.373708545172	-3155.473442979157	119867.08763771714	-64783.863795121666	99201.59075895953	15624.999998098472	0.016976745206695475
69639.22060057029	-4178.470742369129	385324.8595302628	-293855.73999288643	306322.48908157984	15624.999991757853	1.4974584322446722
3956.6225593171985	-10659.431540352765	87883.633052079	-11512.851306434868	65214.95677504386	15625.00000342849	0.01013159341075757
9503.950128394697	-4648.124622498678	60067.022386965305	-27922.080118895516	39744.34349038866	15625.000000604847	0.12751928644481816
7362.558740802345	-28982.0973349352	56133.58818491866	-23579.6294525587	24579.063067061936	15625.000000448832	0.10984415680346779
125322.93051708129	-297125.11004354036	381390.8198920984	-175307.55323271232	64613.83205073024	15624.999996490238	0.05948194988024876
16473.448833109498	-4462.389746667643	81688.78871609893	-40942.38978164486	54450.71536176081	15625.000004330272	0.07191008813404999
7034.807640456536	-10928.488540968392	54603.002286910545	-8454.570880431624	39535.90411209152	15624.999995369348	0.024688548429063782
6013.934940941355	-26124.619887688874	63188.00516458604	-22524.99639032882	30406.829897505624	15624.999998864594	0.03089661013961962
3014.9369977430965	-3764.1734430766355	45566.94903688165	-1927.8854317556315	33468.132862153696	15625.000001655382	0.03616694311149036
53748.12579737805	-68587.77833342938	183209.80298829023	-16542.354929256067	108951.61413060443	15625.000000356049	0.19345210691233014
16068.010561657236	-50644.74740089939	75457.44999981867	-36696.98332115175	23035.259547670183	15624.999998750467	0.23124958916877686
2410.6788711235276	-2581.881980010192	36865.787991151214	-8730.575394239102	25541.494128656923	15625.000005070353	0.04159942125317368
1044.673838829176	-4787.297896178243	43615.66796928265	-22820.774317547995	34660.834726017696	15624.999999175863	0.0993667034706064
101580.85264433733	-21948.108855418373	217232.9228531475	-66735.01000993312	89548.46926996316	15624.999999207554	0.003754710294677184
8318.760596234031	-3071.8556664520092	61615.33567439148	-32197.613058451912	47152.15209890477	15624.999998678424	0.09056932064177141
42891.48983133014	-72270.05194954394	111444.3324819298	-30636.578939989384	37216.48651292833	15625.000001064152	0.507634471692578
67605.0152936264	-86605.13080793893	165436.59496724285	-20624.19571643628	77266.33838831424	15625.000000918822	0.840294941296308
8609.3725740144	-764.7853563291828	54565.842494412296	-5506.374241954645	22438.006614040674	15625.000000955008	0.37483128047903486
8791.150269426784	-26608.086647418517	62701.311255383596	-21463.627193475608	23853.31820589665	15624.9999996533	0.01022284879873084
283883.0343594463	-474721.96480784134	572489.8890425739	-209996.20069475792	96851.69035098096	15625.00000086645	0.3940629942595994
84085.53024656784	-157733.70867832095	213360.22042530516	-74573.58101813022	49953.32766599475	15625.00000017012	0.47218132401818075
4793.382840206526	-2159.17076743562	54029.1890073776	-20311.55253517993	37068.940229525266	15625.000004414236	0.06902088606424818
7914.138181271115	-11960.155537500192	68063.63864876279	-40848.73333977099	46151.23930289356	15624.999999563192	0.01818890274751039
96191.82635387263	-137075.7983471413	231909.6541855228	-46750.73227841987	93349.19697568496	15625.000001516139	0.3061218837537385
2714.4892164550147	-7086.503004216616	33769.59509219622	-10095.410466117195	21971.267212337087	15625.000000917018	0.024006483994530092
6489.733684463277	-32457.758128812333	123649.13354460814	-90477.73329835132	87944.06880377108	15625.000000488915	0.001482246572634775
64774.37429852056	-95377.89644816992	154374.97572621977	-31285.22910475533	58053.14625036434	15624.999999576085	2.899338438302474
2107.435527869312	-1025.0335352151214	39857.42405803263	-3680.373049269178	21788.948018494004	15625.000002942252	0.12565985853743397
36895.77871041577	-3074.5212648906418	125071.0029124788	-38046.88284025533	56785.70969124566	15625.000001207878	0.05545145346691441
37485.882916270755	-7961.139564934892	149871.83825296164	-47711.33855049871	62465.8865546491	15625.000015433412	0.01922036238264052
1.1714873696982334e6	-1.560225108300061e6	1.697644627746116e6	-409725.8374880068	114127.83540338858	15625.000001844553	0.07678834946269253
103734.98606125591	-110014.26626682078	367110.83926339814	-12086.290611406737	253881.48823892843	15624.99999850353	0.3469633080494592
11919.565257943526	-1585.1672462639926	158015.34864779183	-6364.520211179448	26694.005214356035	15624.999999685087	0.1989729002886143
22990.591444222642	-1637.896226479634	119369.1801257963	-32975.93259853391	67538.79474841425	15624.999998430183	0.0207418622862496
8089.506344636724	-51582.72067905284	79971.73531312097	-46783.060475163584	23988.572755834266	15624.999998607884	0.06268070238542657
25795.299628253248	-204490.11724330494	426466.25144485204	-193379.38742633176	77972.00189125689	15624.99999921762	0.0014884217378266257
15584.70042777276	-85697.6958048864	114239.20226983709	-76253.65812289502	27264.044755688665	15625.00000451594	0.14845295369944184
35098.548220352466	-2913.470272818464	125492.40326174887	-65574.66725604712	81709.49276047923	15625.000003690599	0.16439165013872786
5503.353601880775	-4725.659716054288	63015.07767684083	-4159.978297316355	52398.96210776503	15625.000000439655	0.020890090044763613
32498.428677475255	-2946.8263470407474	96899.1075822108	-19531.81551113614	33141.96868602632	15624.999998750653	0.36877646197812736
8968.27375371044	-5660.145262216742	106997.95684166753	-65396.347108069196	84647.6148526101	15624.999999318854	0.01975284924379974
43368.843876533225	-120084.71328334177	212502.957502802	-80034.87030356115	67519.56237953741	15624.999998075791	0.017549332681106953
10500.857912547122	-29354.536412168327	55948.960271150296	-20657.397060736046	25295.18033568864	15625.000000100104	0.23145305289023255
20668.243025139644	-26191.570043496846	100991.8053739134	-6229.129072638014	69417.7062669112	15625.00000048645	0.25886218168692243
5815.100742847937	-13313.766951032838	68302.60683773807	-12786.578009667706	31994.810187714975	15625.000000025437	0.0036356890111818975
30491.296947671442	-3055.129598159252	107844.65154405822	-50029.95224974502	67579.65883026211	15624.99999971362	0.08106539570450168
27049.633333550883	-35053.19867984881	101815.91313502123	-10181.746075829753	60149.895857668016	15624.999999688182	0.058672574624753
29549.060389969094	-3019.31243922823	150102.19475206514	-93565.88416614853	107735.23042854897	15625.00000143774	0.40162517964594346
25405.602670012508	-10220.324763229117	100897.55624778569	-45614.822347643785	52011.65679823514	15625.00000688748	0.0641337783623443
1867.7177158901186	-2795.2877962399552	72892.10347763085	-10915.418378507857	41444.85884905744	15625.000000578	0.008068507934474977
32837.37439867659	-50724.30146342683	95346.25374532833	-20733.581999185408	43170.97138499186	15624.999999909018	0.23352258082834815
305539.7464346427	-543.5652192520477	541245.730002617	-49175.12856806093	80505.68457166897	15625.000004014466	0.9074677784119208
2727.5507446740885	-15324.81777862308	41936.66839143855	-16631.115778907377	24439.064429140126	15624.99999591698	0.04758361081420568
12766.231302485507	-2022.3813192369344	59823.44923515168	-15604.944333506479	35422.10196353796	15625.000001986104	0.0357680960154333
14721.913205296085	-26259.82362044351	78074.3120436884	-12770.573418604276	47673.604718520925	15624.999999374813	0.12838436759627914
100964.63020784152	-1779.8852347148518	219534.11110850144	-34238.092287323205	49013.153936165385	15625.000001854554	1.7737944296782011
42756.84380608158	-24685.855550903092	146725.5854500665	-56599.47608238834	50216.009524181165	15624.999999368147	0.014187424067086906
1572.672648475651	-5223.667054201331	43751.034700359654	-4797.256068359573	33699.8110301659	15624.99999912345	0.08190731723875437
31431.233438661653	-46706.638629497626	105194.34164426275	-16130.539525425407	49477.96300366541	15624.999999504946	0.10042456870160071
21019.181020576474	-35267.36918232395	141556.51551123112	-37065.45699617054	20470.00959223068	15624.999998019233	0.015614220343662444
53985.68608374355	-80104.56765844558	271773.06908904715	-109271.48248575022	46506.05875193018	15625.000000308326	0.015589543024171516
13849.678500024922	-27219.58315937413	77612.44496417732	-21067.033868083337	45490.672284369764	15625.000002637607	0.01424122075503157
20826.53249692822	-39079.86718332159	96648.35540051322	-21875.417691759423	53530.654851426945	15625.000001721404	0.05277293102789856
42863.65925102208	-51059.32754089025	171155.61023603397	-18878.734705383973	115767.06161240028	15624.999998756497	0.046296287295542346
725685.5737072381	-748789.8253234472	1.322823692358221e6	-24236.402327093387	570631.1359819141	15624.999998664764	6.291091984960384
4702.392770423156	-4339.14570595399	48651.432033297926	-22631.368813326448	35042.60995921274	15624.999999375283	0.09102434323149572
58151.583541756365	-1299.157348167735	156354.3874050117	-19750.688684064222	44204.07212727742	15624.999999309981	0.10444359299175937
98843.03214959237	-1850.0547023911777	216481.62868314915	-19136.890223455463	34197.08003861561	15625.000000001435	1.3841754415378704
29620.291841978324	-52900.89458477116	97527.75173096114	-25878.58213105367	41206.33211455849	15625.000004217902	0.09737839271815867
39598.43344277342	-65036.67516514915	121194.34793373245	-30699.749532845864	55076.37860938029	15625.000002249284	0.20285863553781108
35970.49138672027	-85862.62018372794	118861.38145677862	-56714.50488716597	29092.245453602027	15624.999998498286	0.04065168955974395
10806.556227503072	-19640.74471968889	63494.97822136759	-10295.668334219557	41987.59632182151	15625.00000021909	0.2301709399980165
1826.7365651547952	-3864.0111539703357	38422.15936617865	-9103.915570140918	26341.840569221604	15624.99999953073	0.02198645105755683
7935.946967475	-3008.377920383122	89722.82086458988	-51852.21780499327	73271.85705645173	15624.999904704979	0.03879285424291733
26581.456248089064	-85851.59039740553	130489.04452729774	-69723.08588645441	43847.171899513356	15625.000001214836	0.10258421879051546
76895.46052729769	-141518.23472173844	245489.04870529473	-125173.76903810777	56451.563434172815	15624.999999868676	0.0007456854139839082
134316.0221082	-28650.515129671512	280999.8077132581	-101307.74906090554	99048.43670895277	15625.00000346551	0.009625099406564884
49553.24495534917	-858.4519731248984	126876.5783869409	-34019.38954531482	49859.33465457788	15624.999998921501	1.57598325989379
19019.312621247296	-26395.48142793894	112323.69110137524	-11298.701434365938	68655.18372700387	15624.999996742095	0.007701575132600784
62694.5677858924	-70806.10703213525	252481.38666491845	-8617.89483744528	180137.34510446695	15625.00000109393	5.564435403769108
82933.69567875215	-104621.26860328414	216574.08240948664	-22466.634278981022	102182.32474106015	15624.999999129192	0.27230002831001315
65140.81631788872	-77192.0781349995	329973.4871817829	-60978.962733452936	246199.6096391371	15624.999999630127	0.014585086230331713
6512.522834891572	-19112.236479248186	89778.9070001467	-65477.262025826334	62747.955602569775	15624.999999337795	0.022246566558376226
1389.369404280449	-6470.678040802011	42580.491567782476	-19555.17862332592	31699.77988666331	15624.999999078529	0.024030323178291433
2284.103060696177	-2676.3180699057957	44407.69864427301	-17507.715008258132	33217.73635251667	15624.999998887597	0.062357485962328214
13587.362646385096	-18889.37071180856	62998.345396053046	-8391.013470835285	39140.06109314272	15624.999797853641	0.031783237299982676
14037.338091803736	-32907.29329663831	67637.35343997645	-21458.909166988724	33804.090384577066	15624.999997392966	0.2451353945526658
74077.96523345626	-112196.22861565053	158770.36191175738	-39855.73108457826	45482.454093584296	15625.000001584911	1.1046559387769386
9810.34823429685	-4911.587993730591	76004.41062584076	-47219.54766463122	59142.61057527462	15624.999997453226	0.13529844320542092
76025.57205629892	-1852.41290489753	215284.79250327178	-96715.47416406707	124027.81618282535	15624.99999935089	0.12601959687592873
43267.21542249531	-1488.659107374202	152199.78133243741	-83860.16605085139	99996.74680591303	15624.999996736675	0.7835365276191426
105693.88818490496	-112920.31583284776	340835.0117560535	-33325.608797804	221846.84775348744	15624.999999477302	0.03566886583344722
36852.884544780565	-100413.99287809993	130242.29677091801	-66907.30029350785	27383.080958846578	15624.99999894973	0.18939202266844754
7796.677796750679	-14407.32523472869	55804.25646079774	-11248.541501286265	39300.62460472662	15625.00000549035	0.05168848100510534
6381.68384049556	-28110.09862707893	52602.927035190165	-25025.039006547246	23701.25850595592	15624.999994807178	0.19873828405395572
111395.83189400486	-184013.2883070035	234221.2725385427	-73384.32026185497	44316.77575556573	15625.000001442211	0.7464552888307349
207926.29126118397	-2329.71573998822	384642.01672185387	-59063.66920118772	74930.15926800904	15624.99999779799	0.9726044375735131
1201.1319876639573	-1595.671570619927	38548.72187558785	-6187.672088355165	23154.983310242373	15625.000001099728	0.09797609675828942
235550.3592087347	-8972.899399503047	417002.1579365886	-134006.66302454023	146225.15535136068	15624.999995283899	0.1344361613039931
8669.407280180007	-20797.993627909833	64095.11448779557	-13299.02707529239	39697.41952977702	15624.999998990024	0.1275198976860381
19023.729266639737	-5006.359773831602	91914.05017859006	-46502.732295637674	58700.48728477546	15625.000000395077	0.10196450975084519
14289.712729575398	-21960.87854600207	92324.49808212585	-8678.146852124115	66214.71336331259	15624.999998775224	0.22575487978390116
252720.35380089888	-321668.2443720463	412572.8012348219	-69960.9653754475	89107.68088686213	15624.999998655241	4.112675853631785
14886.23472360317	-30497.924489580488	65123.328753880895	-17430.298192497976	31767.422426132143	15624.999999441861	0.10620254777582473
13232.66039576332	-19245.769806418568	67373.20668919013	-8396.475938503874	46640.85912233942	15625.000000316206	0.21243901325667422
6595.77837011253	-136626.75761225214	337032.44864731375	-210835.72855130746	102924.31579348352	15624.999989426695	0.0009022119632496806
21641.928295841208	-32280.704653918743	96468.03652223386	-12486.603511917347	46866.10558151966	15625.00000933907	0.013748402842945715
260131.18254864402	-268962.48601645883	703262.8569864128	-13598.108222108873	432190.61109871604	15625.000001326804	1.3728648321714354
1691.9404218051382	-8093.6481895397765	63051.15332706235	-12341.928402234746	25920.593807292284	15625.000000975517	0.0123401489987202
14787.624324248405	-21657.506001847833	87676.72484788024	-8352.530478070606	62227.27132814993	15624.99999870932	0.16179944201673793
55748.87072919744	-69540.84885148138	158186.83943554427	-15839.591893821029	86757.65175044783	15624.999999297204	0.5278244603976472
13624.115753666436	-14782.199443346377	141885.8661948453	-2000.8796545219698	117288.69829512302	15624.999999567304	0.1570996960846956
8851.881823727861	-9857.347636172082	80039.7431557998	-3667.140919131809	63145.202736245934	15625.000002553163	0.038507074533707
2745.0272976099295	-3530.016449887109	44140.37082647403	-5093.933653408313	35370.53607200965	15624.99999920802	0.020929203139471934
8360.996391343404	-9647.691155305594	52555.79001692511	-15710.699690978272	24004.36587387779	15625.00000044157	0.016201374284580104
32873.13024714713	-33523.66285400146	222782.14409853297	-69825.34969032241	100980.75139824924	15624.999995619466	0.0009499287952482588
19399.45362771531	-7005.436348272159	73593.72964232319	-14738.003732128556	31347.83395916404	15624.999996679042	0.008528831866761398
7319.357844373045	-18841.24590482624	73752.657949067	-21479.16869818499	28044.211479572114	15624.999998779076	0.0033740644136669162
19718.704023283877	-35365.66542677049	72229.41680094867	-17151.912383641815	32266.590477069927	15624.99999729445	0.08659959010327149
188637.04450916356	-211271.4694824676	366048.7005994478	-26529.244446518933	153723.4858283329	15625.000000501706	1.5466892062077873
105652.21441074056	-108139.53151017602	596649.5013456608	-5385.93552138712	485205.6606351742	15624.999999963497	1.3100803611747243
44596.471452314276	-59029.8190576305	133480.69025895014	-16034.098321724987	72984.70467679054	15624.999999220006	0.6923564635948547
740824.5750116964	-1482.8775615666991	977396.5805373695	-114819.30355846835	130897.75742585305	15624.999998986343	8.683866794960112
15259.763498176893	-43143.01421849846	69896.42059787363	-31412.766523297367	24981.933180349864	15625.000001555638	0.10475222537689063
398919.6144294247	-6025.475461141507	610936.0286233079	-58022.25382073538	68218.75313885522	15624.999998625499	3.5252044689374187
2759.493301386863	-28587.83721998048	75899.11626660252	-30572.52703463008	30902.502603373643	15625.000001057173	0.007505742803205274
7476.449793575099	-9388.598889923596	105286.06401837536	-2695.2592459856205	90257.93341485158	15625.00000025006	0.30227756371063635
11329.990381613072	-21527.67091506841	54132.77107028327	-13943.970595289618	27886.222271012404	15625.000000860337	0.022449314257263195
2613.1376253354483	-2250.9373127009567	63655.27239216436	-20574.533611187682	46659.31522939722	15624.999999676475	0.016214531584122577
67808.22924924383	-162731.86069457527	196896.83798515575	-97907.97529498258	33660.6898972339	15625.000001122688	1.627825706318943
6866.9221987135925	-1807.619127414388	61758.88151569212	-7359.423598010781	23353.610587620038	15625.000000451371	0.17738114039345126
1.5630375126795538e6	-1.7198806350780448e6	1.8968016494998822e6	-158421.18746923935	176001.951989943	15625.000000463502	38.63124215443348
48242.230047544406	-1752.8269753261993	159394.85249732708	-57636.626683435694	86893.71399888527	15624.99999821045	0.05790558032114322
14480.97367095495	-13552.811891906735	95117.90141084023	-16983.98141771686	21454.795752500515	15624.999999239897	0.033964459000264464
3570.4812582655286	-20894.791844047257	47576.78391208901	-20328.70945140251	25331.350200495785	15624.999996190003	0.11653710980509903
58957.60508656618	-86307.55232249561	145523.5548084915	-30122.799385557606	55400.37084940355	15624.999995124774	0.14933094038659633
515041.0968194592	-1248.3862480004573	806454.3156695571	-241725.1414326878	256794.26977202692	15624.999999515052	19.58646424891091
694582.8120164772	-760830.5531468404	1.0683732889530337e6	-73925.12641896636	306755.1110560047	15624.999999852436	3.6628878839162637
94906.1256681128	-129605.68066664705	201305.2843184269	-36208.73637787311	65705.20734463878	15624.999999772814	0.2770628056938372
74553.3919724081	-11966.281289286679	168329.85142268136	-53553.40924917937	63021.982453461795	15625.00000254724	0.024752465754896525
68095.82478378901	-22776.5455510451	188643.02880119404	-83199.78487528532	79710.59463394678	15625.000000460772	0.015634672423320173
27185.15570671903	-2340.7839528487543	99566.49941698299	-36678.4173152576	61608.80750917096	15624.999994416954	0.035267726198672994
8511.479367948472	-3860.9320719955576	83449.88753258818	-8219.948322193271	24050.77698051537	15625.000000123116	0.059467638115594586
7573.922557040118	-2399.5620441319693	59091.99318489707	-25538.747397936873	39917.13050964389	15624.999999593425	0.20389528854904226
723.8917861610248	-5929.646208743401	36540.27752254362	-13061.63844431667	25419.189904194274	15624.999998431704	0.0324813871925108
30228.62163901735	-65623.43783922357	128790.84199241387	-59493.28412965352	62245.01779632341	15625.000001019576	0.02789450484184364
57882.42283265642	-6816.66660785135	179853.13201459963	-44369.593442024896	77516.28195381071	15624.999991859775	0.008236621918928603
32019.97489006989	-49580.58703115248	103643.37610332877	-18486.77409101589	53153.23401977666	15625.000000493921	1.318944680568737
7922.4818629546935	-36117.40774248481	61212.46237159736	-30046.298913915714	24133.078123030566	15624.999999187201	0.3827945167904666
2784.442210038309	-6220.655017631616	46323.25526252389	-5050.357999485797	28349.603662502952	15625.000008313567	0.018026338781705238
19789.384098259456	-42450.4259501871	77871.00338710204	-24794.286882733897	34527.171833579516	15624.999999770967	0.3733058301962055
11158.459487837936	-14437.409460833807	72770.17044790088	-5913.004925693065	55797.08934050471	15625.000005141585	0.13313689958643415
41986.7959567995	-59838.574065607376	128923.09869522526	-19400.781923587696	67970.91123074785	15625.000004716552	0.8509241249697858
100971.10761227038	-1007.625931030374	204104.11202456406	-28250.85423659199	43734.38831881743	15625.000000503165	3.438748386325131
16058.29014871517	-1475.648882656682	74940.47599598771	-7964.321300775598	26677.13396174816	15625.000001127519	0.09716816373706874
2052.6242128703416	-11723.406832578832	43428.047362124	-11687.745586054034	26191.117229306503	15625.000000756909	0.0374367591130691
159491.68469769054	-15655.415611067845	288110.38867358025	-43950.427684491966	51818.07379286806	15624.999999174252	0.035523179028708884
11949.953246416633	-15724.60308227205	89485.29671441985	-4549.742867305915	69778.76341117642	15625.000000305476	0.3487544651829615
37769.74179295682	-3010.144480629211	145362.53317473136	-31883.337246120667	51250.03158082051	15624.999999262494	0.055237157045548345
11937.628229419406	-44166.39690713186	85109.08921032585	-36742.489220665804	35660.49767174457	15624.99999824768	0.027074473492722864
31996.15022239232	-5384.515320041552	174093.01041298543	-120345.80130446088	131130.47366425264	15625.00000036956	0.7302087144370083
5001.244425125805	-2335.889703428722	51168.9775993031	-12140.026138268568	29296.14305574196	15624.99999927044	0.047952101551728334
9926.002607939066	-10191.28453564192	74237.08230756992	-32699.469889044543	44257.02707070572	15624.999998577303	0.007283959405714175
57029.876296594404	-3917.6147503780667	310252.6408951504	-181995.59074526065	221048.32257043562	15625.000000176027	0.03152393063607859
94066.91155555403	-147072.14617590958	193727.39935037112	-55628.921397457176	45957.79753519398	15625.000000109823	1.4552544291044183
23818.3261330137	-27436.736984641026	206945.34044629353	-17132.77110940031	165351.27340214016	15624.999995837832	0.008608914441239478
32932.08732966072	-61825.90122703636	102790.62360213316	-30126.62042571482	40194.08032287544	15625.000000428343	1.0952295905104878
5510.879671171167	-9048.482111308796	45100.17562002781	-16892.55114190026	25220.08770075383	15625.00000010185	0.0201527083356232
42473.84091848871	-8940.918871334106	125825.00941749214	-45599.45626180035	53534.03875602801	15625.000000925857	0.09316202381723175
4387.52326401748	-6685.52929292497	43541.11512619967	-7056.129543646588	19906.85049832487	15624.999999541411	0.016712904295103363
146028.01470254236	-288618.9839549088	323453.933641355	-144638.92059201025	34106.73293548543	15625.000002460372	3.423090947767624
50506.991994069074	-6933.800030284594	179515.78443283116	-94388.41844568714	105409.18968752571	15625.0000007138	0.10247505955796142
190285.57935439562	-23024.52835786312	354653.88224829244	-63504.76181263046	63096.5309723001	15624.999998224841	0.0331170058998649
13853.00661480322	-38032.9634203164	69203.7904062799	-26800.04234710164	28648.99599764665	15625.0000063084	0.09253599804318746
23140.073756790895	-26643.616098917497	333963.0587992948	-43509.8572848263	301910.77069315495	15625.00000095146	0.02584515441867554
72910.98383299017	-238928.45700520463	266600.88460964337	-167812.92094228324	26949.065384011716	15625.000094998162	3.318854929144469
13291.534172808078	-2515.7152173417253	63521.058299745884	-8799.353233186688	29049.757363184945	15624.999999117525	0.02353653229567442
6540.732793708428	-20436.693480320406	47979.24155750912	-16408.987822615425	22757.253199217645	15624.999998915942	0.0351218060680858
42989.9645115833	-233738.84684657998	570790.1204947864	-248172.73746893823	56525.13530610164	15624.999997598963	0.001001505610966834
6952.093345747002	-24024.13225647495	76728.89175428118	-39961.52701365214	50164.93851119785	15624.999999796884	0.0057894966959388516
40075.82075114874	-1377.7203086444788	111406.26475869899	-17873.58767948489	36537.306108804216	15624.99999956309	0.1804179227748647
99373.48470073084	-119041.49278132511	211916.2194644923	-20610.012781783997	90552.71679798109	15625.000001214154	1.3896470513316987
22320.86028520558	-40575.95782824287	77072.33953688959	-21546.17747130279	32908.317759836784	15625.000000393564	0.054568541906711385
611316.3054315173	-729103.710940059	836188.6211591756	-119026.61200885852	106581.5898171654	15624.999998672298	32.20050195734732
31280.836179660164	-75455.08481461999	103818.37553107993	-45819.168672586915	27189.713864293026	15625.000000891298	0.646147494353842
4620.6375306002665	-16043.89635918153	72138.42042757104	-21610.385580146394	27069.93738494408	15625.000001632558	0.006177627278109815
5560.8630078739225	-13646.166218940041	47744.26981871168	-18527.614678939426	28689.00194801204	15625.000001440727	0.007149728499811538
215045.45992096973	-1584.4821323524593	537134.6975171816	-291960.6506917907	306675.0838035331	15625.000000149153	8.589343426683417
61415.8954764409	-19032.409730680636	146701.04067158245	-35349.373384241175	47474.609609149426	15625.00000199095	0.004433709680157221
6998.443273973651	-74945.36779341404	121636.9167943853	-78575.71360562183	33923.686861980765	15625.000001778535	0.007065740668564184
8696.723598787965	-15916.15379232011	48943.639247670406	-8879.18177435125	31069.066808380354	15625.00000128999	0.14069286521992164
8359.705800051419	-3787.365642192337	79308.73251716016	-49997.64349801244	62658.16530799451	15625.000000113578	0.2972107457825037
2985.2178323318512	-3851.3335241536533	36578.818971471046	-9221.071714343867	24728.671573804575	15625.000001214561	0.02789046807119394
4621.654766189968	-7726.007821441046	39462.052540139295	-5485.580638238898	28305.81932284648	15625.000002716275	0.046860827185268614
37351.070722758304	-70911.47229971556	151184.1696780743	-76838.49560049153	51959.80292218982	15624.999996656465	0.000897112058643742
18102.414712854268	-59316.50415867117	86987.56504154946	-46954.35969065537	25763.125161280186	15625.000001301021	0.07052386465658665
79189.26164936021	-109544.17591408239	166324.12604296976	-31381.547627214208	55537.251608618535	15625.000000900061	1.7696016289613865
92640.29043918337	-16123.596005623183	241930.60798051197	-60480.73745493426	111830.81899270666	15625.000001439646	0.0028510854317321047
72308.11956662196	-122807.78431023704	178697.56824810943	-51865.38735886291	50862.6839616638	15624.99999820569	0.2921433853014292
971.2837632935061	-5765.8480109064185	52649.219865991065	-8672.004675967919	41807.66008508185	15624.999998832354	0.027243945396279456
14825.487050550593	-35559.74401028776	76891.18479667023	-24163.028100655156	23332.776463553917	15624.999999035621	0.008553058361306952
1311.0069296956008	-9506.186709342837	38898.94026156761	-16075.283982152157	27446.27082044656	15625.0000003286	0.028784373090854805
169056.49507049378	-266052.8897966333	325925.6812859359	-103767.84834595118	58334.771188894956	15625.000001345921	0.442106543497901
12399.250376546057	-115515.82370112324	215672.91020245804	-133899.2048055206	41981.125250564655	15625.000000293832	0.0013536169474920267
1032.867620284739	-12346.901242256881	43866.4753194046	-15511.727719752176	26292.52468317764	15625.00000079483	0.0215927756790085
23953.924375635142	-5648.313492582183	92179.49857806665	-26949.831940834323	41588.77714171349	15625.000002206449	0.026318513852933715
1746.8859505473433	-19668.556044958328	70187.39697077149	-45914.17339335798	45258.63735882359	15624.999999294392	0.0061844079837571255
20913.447294352285	-5211.199451846554	95260.19321716117	-40002.083991221196	53340.71961871804	15624.999998552303	0.048842657536566636
112145.20213505761	-2902.208470459538	221308.0816657399	-65873.23657213851	80940.81340920099	15625.000000367003	0.47530009325582584
245982.9301832168	-1231.6568723449086	451100.61336807394	-41312.36000561598	58053.93925856287	15624.999999958032	2.5154385798664336
12060.453815574154	-1223.1287140792265	65205.005271898815	-26982.76291566079	42344.04608089629	15625.00000023325	0.5787161405653573
20203.909082097303	-40957.247656977685	153743.7390345106	-36121.403242078704	21061.844903572615	15625.00000062376	0.003407327031975659
7459.571239804867	-4203.928357154306	51364.62095882936	-18448.163927885136	30891.6319258906	15625.000001570836	0.09839525495513296
15405.464961080404	-2046.449956204377	83421.89530702433	-44816.18993594234	60670.675715306184	15625.000001097347	0.22321905099646755
4395.370123738635	-25556.802257580974	54268.39516343387	-26085.00967224777	27482.880719226814	15624.999998232888	0.07739399467590437
40459.99132802991	-971.3513197713478	121319.26989461301	-31155.767507491095	56906.98953798975	15624.999999718175	0.09902965090925245
19612.095398584162	-2155.378504017921	95382.53693632389	-49084.71332751008	63374.27896191104	15625.000003047739	0.5983671174453356
126869.93868881979	-85611.38598771924	543846.3806069808	-104544.48371831409	37975.31725359149	15624.999996892719	0.03554310390608431
69609.51430996235	-4228.890805031795	170991.06277311192	-28357.81764765207	51881.32242413617	15625.000001300052	0.03170286281849911
30906.795122222164	-21709.35791080833	135778.0147413045	-70401.57096221246	65102.909737189395	15625.000001044085	0.03580565182302306
14868.82429682069	-32085.2111630343	61678.53227530308	-18810.716647674715	28522.731734428045	15624.999999353422	0.34187773673776095
2704.6864576052876	-3925.7817753526615	43802.291217331076	-22295.849283647025	34844.919782362995	15624.999995756603	0.14144825585592327
3224.602963731668	-5476.542083722306	120982.48749371653	-52957.15256085375	95348.38293583406	15624.999999993568	0.00494874297851235
63393.228030550876	-128809.55267610773	165341.29892907292	-66896.45136921224	35849.646656256635	15625.000081089209	2.0660631100469136
7369.877302614515	-1993.1314305675653	48648.76253424461	-15128.325521557756	29778.110929404334	15625.00000025404	0.2262350595330733
243845.82108590388	-3595.8369212607813	400570.29181879817	-57947.5180859323	70726.810260097	15625.000000041144	2.701411505871908
191977.9587175049	-263468.4786810104	356284.73071600916	-74254.839654396	87052.28671296971	15625.000001694243	0.33098381080631406
9654.577263353356	-4321.1086686605	93150.93399423458	-58032.05410682126	72829.44906790851	15624.999999200661	0.06691412201979093
19165.452217121405	-30306.091007532876	79855.87028901908	-31930.64566484558	39423.52056769961	15624.999999604579	0.002128458342113975
54503.750765250996	-50527.8558123149	231939.8759906832	-30423.37293757047	153570.3181495918	15625.000001436521	0.0017365999288807626
15203.024625486461	-39268.203928945586	103132.60166159272	-25321.377059879713	50294.73229910061	15625.000131698325	0.0342531144533713
1087.5367743105603	-8351.477282019601	46615.96954373177	-15572.831448610137	30141.046750706933	15625.00000052072	0.010865532054895726
16540.101465307824	-23210.055791490857	97259.03050976168	-8057.61956473505	71883.2633405134	15624.999998680225	0.4186796471753531
8357.886687200371	-19029.6227459152	50720.23872549669	-11873.061661645828	27899.578228949686	15625.000000389642	0.09352926136484703
13081.016125459128	-1968.1217951625026	71894.27763791007	-16176.95395718199	34676.086788830224	15624.99999953754	0.057084060510297296
145324.806506416	-230078.7640607471	280641.34341273166	-85385.36840581323	49353.71443297155	15625.0000012081	5.704245262611516
96118.41644382846	-118400.78136307486	260144.1680739475	-25784.828662190426	138485.16705253153	15624.999999826456	0.28092879193730164
5279.167841047634	-14527.551469093789	65878.96287980591	-14170.01326108059	48005.78935441068	15624.999998804793	0.03565569335683847
137864.24109142995	-220583.82403290295	393233.8224601825	-86693.23425638303	147845.1916071868	15624.999991092482	0.03144633351573049
46629.77705211433	-6220.772364474018	308348.5108329712	-240443.85957070655	256108.13081936317	15625.00000533543	0.1290977390578439
38915.61852132669	-588.8824343521004	119686.41222939547	-12127.89971291076	28734.03578443313	15624.999999726657	1.609926863237561
12691.621929081106	-1975.3607876683698	96124.95990378963	-9515.880562962097	26257.532018471597	15624.99999959665	0.18371327671719903
331.470758748299	-5216.978240479599	33978.76041882904	-11351.224990204442	24920.117241805885	15624.99999560893	0.0392766683039497
91773.38293731681	-130809.56527086071	189376.59632686723	-39668.217985866766	56017.360436614836	15625.000002555396	1.5926710541542706
158324.40717499136	-1317.4514170062394	292984.0764795418	-87198.53651930494	105873.34256803255	15624.999998179177	0.849323750047161
84192.8089544457	-124406.78586844225	176661.16985534364	-41022.12206235216	48331.60374482583	15625.000000011594	0.740873628262872
7123.84840476868	-654.400904481794	67376.71136217588	-4335.986519614518	23409.75835324949	15624.999999703548	0.2702461739813849
9106.752640813746	-23676.419218207775	68262.3441859171	-17111.22085838723	41513.91694643966	15625.000001413904	0.07155417345551947
23499.191008995695	-14065.47305290968	135949.06778123096	-83643.8571585578	85874.6478508832	15625.000001623699	0.07956538840691321
32732.042715331416	-12201.577974858961	126129.61329598719	-25195.822696914813	30493.66707987417	15625.00000166225	0.05783450029046501
49634.9750674339	-108938.98286442738	150115.39504234586	-60740.43340006017	38232.86775400257	15625.000003354624	0.3933969002187455
134.10489156860797	-15840.402265187528	59405.664280424855	-40307.62134466742	41627.09228195902	15624.999996746017	0.01905115502920884
57417.38403490334	-127047.7148148455	175715.47726092793	-71322.57616017763	34247.18670403398	15625.00000052856	0.08672309465762207
501.6581632563225	-3248.8999782561295	37441.754799847906	-13364.619195435156	28944.31071749769	15625.000000404427	0.046745150331889994
1558.7100351422341	-20059.77312322145	59948.46757573801	-22784.327978189947	30705.99391999012	15624.999999149302	0.012733451424885342
23724.776405745488	-24722.299156710826	256108.8504794106	-2208.9778921355114	222750.09161112853	15625.000000917804	0.30246111057088143
161794.99480082374	-223109.25276123773	646460.9941130986	-97165.44402797145	316297.15813630447	15624.999995638384	0.0009647566380943565
888410.7791897106	-19012.378427988784	1.4916453080034438e6	-475769.9217308648	475113.00693696016	15625.000000012085	0.46884715065344135
3149.6578286054137	-4175.743900988082	33418.58923314512	-5355.564248254064	23704.850419693452	15624.999994035636	0.022514191992212943
8399.892058594649	-61538.717833835195	85035.3152976778	-57333.17791554725	21673.376473543933	15624.999993469391	0.14208578411823877
122428.94505947051	-757.2480850768916	232185.00181040046	-59949.53536412092	75760.31565255145	15625.000001776905	5.038630502163714
4447.419884721676	-11160.576524912834	99087.50096024059	-19484.467674800166	34633.908673726226	15625.000000893175	0.006193813342206263
326435.20165562193	-484785.1136196753	557484.9640085701	-158988.1126763139	65286.11775118246	15625.00000059735	2.131440500624896
11777.93391489708	-21153.877319485375	61963.42364174296	-10876.361880891483	37535.575273322414	15625.000000054297	0.10775815342110782
38993.64085171092	-8665.64630742051	273813.5823893086	-11801.489507239206	22419.127606707538	15625.000000878805	0.1604139319531483
3797.531175333455	-5144.938339728511	39705.95583924827	-7204.408443127067	24607.09156095839	15624.999998787342	0.013007069401750516
35263.11909424976	-47064.306716499734	150787.82935364416	-21800.270114690793	101671.95257263732	15625.000001001783	0.09090146247593534
19606.20870684713	-47950.96873489884	143210.12144811725	-93638.67953435675	83711.71242640709	15625.000002460962	0.0007368676371449018
23770.46535746852	-2112.7957144657294	96391.64237296363	-17851.08023610557	32677.239532208598	15625.000001325227	0.3463553701189012
10278.176912207557	-1888.9137671041062	53011.13678325176	-18243.81544314071	33301.766427424525	15624.999999528438	0.2020759664188278
321778.17708082165	-410039.41786427784	495963.6692848316	-88959.60083203728	84186.2263426224	15624.999999705624	8.123252366240797
1984.5580393439275	-12794.950597408693	48891.73482971292	-28656.892012483906	32698.7031108925	15624.999996768194	0.02215278978195947
25101.398648988456	-7908.907459004293	132784.57149820868	-78423.8929542012	86933.93320041522	15625.000003833557	0.16638527496330566
11118.405793209302	-24630.648366136378	67812.72724167514	-21018.740159475867	41890.39515997489	15625.000001267712	0.05201682288054316
3929.93670038828	-2820.520615636798	58040.61387535258	-17534.391977917756	36148.48121047355	15624.999998665196	0.02783806384577044
22349.372854213634	-2045.9939705478628	82934.61960517641	-28921.436602605925	43388.31809405336	15625.000000595765	0.43436667457717193
41586.93148830117	-82700.18923045622	171418.1477105984	-70544.90948793822	86532.60976177355	15624.999999173517	0.01588558424957214
761021.269409539	-9521.379673302228	1.055227324498545e6	-105916.27118866576	112611.67848803033	15624.999999810723	4.414532711715463
15854.192798438802	-1138.6893952279054	72595.88582872687	-21835.746797623477	39403.24120308686	15624.99999438686	0.1796047694187046
975.8192699812789	-4429.932440500939	37914.385614417784	-11717.63010953604	27239.96895512625	15624.999999531654	0.02626113385875781
52365.7198043979	-4741.691143227845	156467.69151671868	-12485.345097436146	28376.300471878916	15624.999998905576	0.0772238626768499
10474.454151149122	-13464.55231998979	77524.84109713859	-12927.105821898032	20023.58976470721	15625.000000651595	0.010825996317975234
12566.193972406618	-39175.11324208649	64550.823482908774	-28119.92679098528	22894.922855619807	15624.999895098154	0.18875557380737454
3945.162279501601	-15385.165283515036	43764.41030014743	-14890.579796802585	25916.977385669794	15625.000001539907	0.04772801126463487
21736.523930275347	-2827.6505244250257	79900.50909783645	-30336.217348334612	47022.89000323741	15624.999994955375	0.06859391679219282
64221.58798279574	-153148.70734868498	231338.39235910302	-94493.87481110066	54355.91214332527	15624.99999862676	0.015845187818452868
9402.225448253754	-42430.64383209226	87213.81316099386	-43447.53150829881	22547.754375189543	15625.000002418015	0.003348792986803178
51313.40906763225	-53419.80785212475	247316.55144970398	-15399.957572511077	190957.5931036817	15624.999799726298	0.1257624902790362
112634.2551968183	-167670.29462310972	217869.84909714723	-56805.59213967625	46287.29447209739	15624.99999859501	0.4691507591327304
95963.07453879472	-104088.75837399907	311429.17885404575	-9813.978363680912	204307.52495351102	15625.000001079516	0.9645022357056513
4258.3423429077775	-13564.737127794837	54441.68527358774	-14416.910366467084	23258.04112981079	15624.999999091782	0.006934313346375062
11042.277613149286	-33112.39417183312	62429.04169658548	-23404.159377186414	24965.36470828281	15624.999995111488	0.1014290363618728
24388.652002602914	-61683.04264206272	99186.32057739494	-40779.32187796113	34420.693365102205	15624.999998833768	0.08147399243032989
182703.46606593282	-4692.678530699326	515414.4233125576	-29689.783748998365	44555.81450063572	15625.000000069384	0.36197684403686003
28393.99413981472	-83759.34187298827	124477.47121078713	-59230.112791751766	22281.64700499861	15625.000000512839	0.02043197581808973
5345.393892789725	-25037.211604305077	139499.3317094855	-27356.538123473176	69590.29312127503	15624.999991479912	0.0016262217857578698
213032.13675059075	-272428.79950588616	348127.1409992082	-61764.989939058316	70412.70886115171	15624.999996301922	0.5004127565140244
289.1128789158829	-7262.040560068104	43396.017063170526	-21470.417391062823	33482.0960995649	15625.000000279651	0.02330843740579492
11654.147654760833	-6288.795530035521	57741.736377194495	-21487.880055044778	33842.68615941706	15625.000000713277	0.02099132268741088
13132.4660875626	-28980.129667013127	131722.39726767156	-71041.99543162406	60137.99662615946	15625.000000268217	0.007852100760148471
113440.65133167151	-137166.3131700093	225325.2242840957	-28451.5465779941	86107.13573183864	15624.999998183514	0.348767691471651
128978.39280055597	-151529.75753579335	280624.2294253611	-39992.35787655354	125324.2966456806	15625.000001439603	0.06208793670719656
57426.68042480493	-270881.9381222371	310124.26893287216	-224999.58832656694	37225.58389804604	15624.99999652442	0.11504886414561123
40217.31526739549	-5950.231684629882	148216.11769558128	-40432.05537268847	54722.890614667034	15625.000000574699	0.04294211165214635
34804.74424682692	-71049.76451544264	118030.74588453182	-39811.73189074763	39280.824283268244	15625.000000268938	0.03710932655292717
25092.4088740304	-116556.9430981963	232319.92498400062	-141827.0531723078	110271.22415797273	15624.999981771922	0.0029389206475758283
21818.149126129792	-6638.216814218889	101046.1473572966	-10952.322546279891	21775.585400535743	15625.000001326582	0.11191736084290088
12465.991830360988	-1943.365714967707	61196.0673084656	-16667.927738454935	31311.453488120576	15625.00000549358	0.2967280402898759
6596.156696180362	-1697.3029907630116	81135.84421596953	-15745.50487332042	44716.481625589186	15625.000000595028	0.016327159568653077
5006.728591542766	-2835.577546819093	50303.66110463126	-12750.845238693724	27752.616100825006	15624.999998596966	0.07235297031915891
6939.7261086785975	-48553.52400705029	73946.79181516208	-47123.96618734492	23385.26209917941	15624.999998842191	0.06795943248362407
44302.16975882024	-2400.3365799730745	123209.55030132973	-22930.44927896548	36930.83216884909	15624.999997728992	0.7424622787908189
17095.330088209845	-15065.769399843013	73995.76777107734	-26771.759044113947	31038.466753128647	15624.999999930165	0.007211149948490692
39305.24321485899	-2811.4864677586606	139284.96868099546	-73668.49826096406	87157.37716744695	15624.999998642816	0.8992352355141527
3437.8492742789203	-7204.656298212984	36085.898072811484	-6611.662183812659	24650.045437272318	15624.99999937028	0.03169714193085379
24026.46649000788	-1090.8428716958151	92914.66568479803	-30017.324694206356	49885.26977435959	15625.000000576896	0.14130842282775558
13327.22541631843	-94611.22943375728	124182.44047244612	-92660.53722748526	28816.99799988889	15624.999998403207	0.10534004059684486
8028.875123461921	-2903.5268046762903	56132.59895332352	-4664.515912979379	28331.57277015061	15625.000001171407	0.009918360244569708
11807.472291579732	-50837.05830237466	138270.47045265965	-56514.39079819068	40262.75535369039	15624.999998871499	0.0016109207173059367
13585.808997702843	-35106.29475655733	69233.23553365003	-22665.71011629002	32188.914721404668	15625.000007165305	0.2814836162694738
25219.569269324493	-27952.80742164082	117934.58318811271	-18462.94151016035	60202.984222092084	15624.999991649878	0.0013817127931003363
56203.51989488784	-12017.070708515821	624281.4217942287	-453663.7987956642	520209.4913640148	15625.000129844528	0.00812667015858282
52110.441736753855	-2322.1274708425726	197520.2077937621	-10049.028244244859	28582.803303771536	15624.999996394748	0.19723257451794216
7379.351847406942	-902.9136196452891	63899.74728461262	-6829.968710099813	31752.30435383669	15625.000010215677	0.040236102369832785
1596.495916537664	-48464.67297621377	88772.3246299808	-68579.4639544625	38413.853774804054	15624.999999167234	0.009215385141481298
4681.983413224458	-10870.627903609886	38553.83599933144	-11729.39513973752	24650.218728998676	15625.000057282392	0.021258475295667115
5111.74604400192	-8761.660094798106	73956.45982175966	-4886.302681447738	58740.051414944726	15624.999999981013	0.08678289883648052
9633.543380462772	-55359.332466173044	177220.42914750992	-139180.71095821972	111476.6050271698	15625.000004130547	0.0006434412407714956
121541.95355987549	-261550.33169481053	666538.2955429461	-141947.73841852424	245030.32288691332	15625.00000108601	0.00724342594634694
55826.28257369409	-6928.18399256673	137407.08571534272	-22728.627362014762	40577.994570043986	15625.00000007596	0.020547159571647326
7693.151769471788	-42539.50082510477	82686.06285796867	-45632.23906839016	38670.07719271979	15624.99999423718	0.03115574988706143
69755.27350380292	-335780.95333427744	372039.01608811587	-279267.2946608903	34646.9513200553	15625.00000152097	0.14425895116168425
50196.60813663676	-692.8450365397184	129083.93696061563	-21653.8395234976	38378.58916967074	15624.99999734525	1.199642553840193
7278.816632213653	-11150.584578438662	45671.38830607198	-8144.565899194451	25940.301265909337	15624.999982316978	0.009271009116586192
2894.6260087492847	-4031.329470814629	34786.07833475273	-12295.42914583709	25202.109512537776	15624.99999785432	0.07155541785865911
158546.90809876347	-7040.782158340994	335299.94064080773	-27139.500024588015	36523.44242594368	15625.000000613123	1.0155355213645059
50196.67888169852	-24540.48324933971	189283.84452025685	-60010.002093171934	66641.13490536343	15624.999917735113	0.00361076894861636
11529.48797564098	-19416.488225727837	61573.238776517566	-9770.264963803202	40192.17153648054	15624.999996662373	0.16151176081385862
7781.193780251417	-19254.776731708815	55644.4173214277	-12604.850143943604	33939.3534030782	15625.000000673357	0.17978953682898424
9960.699369885637	-15919.413094284015	62457.82863357874	-7278.330291905284	40348.14682798153	15625.000001118231	0.05643058886460767
70764.92063654418	-86768.87192710163	166635.34592411082	-25659.97235444874	75733.50385496014	15624.999999022833	0.050333124075057356
9727.004254780957	-1098.3606098389064	54746.58130237859	-9079.731490163005	28163.964444017118	15624.999998632462	0.08636548235198817
8439.3501990543	-25548.59370572268	56288.067315189735	-22714.004555961903	28496.620302230254	15625.00000081453	0.03318494405353629
6363.46158010792	-28902.260902133334	72227.53914120863	-34628.353991081705	40469.52882779518	15625.000006590824	0.012268444770302023
415712.2680801117	-542881.0212129558	619363.2357950998	-128521.70674589893	70567.94314928594	15624.999999797736	1.6572633494447455
7675.497096773004	-53815.0539572055	79012.97133655474	-50909.53975610202	23641.94858051624	15625.000000317494	0.11725115652127148
159167.60878887502	-184936.08893161314	297285.4815861797	-28740.829661353717	111178.52702177249	15624.999999113079	1.4338920922511937
59175.235683910796	-86102.4676655301	136645.73017597015	-28052.30741691721	48737.25427172164	15625.000000104086	0.8211014366652337
8061.221484419958	-10433.058428010176	80574.4354519723	-4831.97377210566	64773.356840663124	15624.99999591327	0.06451800838797801
142749.33237684408	-183346.13121582882	386156.80248643755	-80156.51935454384	201731.29583848832	15625.000004378511	0.1166291216094944
78552.2334353553	-2374.200342041193	329784.5018643466	-212499.93056154932	233521.09511164503	15624.999998585905	0.2603833357652114
31099.965175145153	-54816.12254157546	132113.84835992957	-35700.10906203704	76233.38495177169	15625.000000526743	0.0888922228187844
20087.0949686347	-71000.37474894663	323075.631536454	-55525.59654590915	78893.02291097469	15624.999998666535	0.0008648086782872509
307733.3125448538	-4887.975084979145	509832.3130748173	-147287.95028142733	158926.01886508992	15624.999997535779	2.078907691083238
9675.71588381245	-6195.878103190479	51622.9274183557	-17303.94436640652	30473.983794330365	15625.000001048897	0.015542753952143998
11834.158485908274	-5376.633702063178	59351.22307208346	-17433.331735880303	31840.80031477476	15624.999998814546	0.018617006015274135
66075.10797284788	-186927.37752297707	227897.2048510639	-122252.8368949563	34638.406576621346	15625.000037437072	0.3429102556537175
3660.799211851554	-2161.150448936911	49921.92651106068	-19242.326539480768	36440.868602383125	15624.999996514525	0.059224803918822705
14346.658466662746	-15205.308799417588	248296.88836272014	-176067.35410367209	199147.49254937796	15624.999995475722	0.005380663279277385
36049.7101907972	-1009.7274496247646	105278.89042858717	-22162.364440217818	37771.13175076707	15625.000000958356	1.118497931416661
263792.55387269286	-353999.4765708978	447190.1417807838	-93714.7078163554	91495.42843254276	15625.000002264755	1.2723242485918458
2845.1357001553133	-3712.7400554304913	38472.429666061056	-4983.125511341092	24922.87348238049	15625.000000743934	0.01694497892418801
18333.413428974876	-37366.49504640477	102674.73587747454	-36931.815143330256	64059.290463211015	15625.000000952437	0.030036787733437705
18018.59881741644	-126680.15144822106	150497.09620456822	-111587.00707955558	22744.34652220391	15625.000004060246	0.7960392665841172
6773.331633635176	-13731.522067535316	43619.58872292137	-9277.615936542841	27759.02386656683	15624.999999476437	0.0810722651491867
27759.57039488774	-34519.5769987067	110874.90172947578	-7337.262767341345	73868.11375382778	15624.999998757137	0.9843724471896717
16184.767060858509	-1563.720398603767	66444.51265757231	-15838.548962026796	31676.459166582834	15625.000000490953	0.2162629601449577
6684.30440163624	-26190.277418591606	70362.95285698026	-26532.732791595394	37593.46272815368	15624.999994229758	0.010363456965377757
252821.53796349606	-544.6362677840183	414570.38317263545	-39150.95493670227	54957.77836115332	15625.000001938984	19.814090395629187
39085.856252402795	-65758.54925720693	111783.39562640942	-28776.11195502481	39950.367006301385	15624.999998854086	0.08204033587624139
5202.378368931102	-14771.62399311515	85485.7381836153	-22062.52122188119	66563.67796752138	15624.99999799622	0.014241939316514142
33744.34605834614	-1894.0412391912785	122938.23536867613	-13447.141128945932	28383.142465069104	15624.999997550047	0.6798631062984117
3734.674255748053	-2150.6639069040734	55392.36923133131	-3121.5041299165086	22562.169781414654	15624.999998966989	0.04060822377556815
9528.106976021707	-5940.960914812686	63578.85910618602	-19396.640256737486	33325.80295405083	15624.999998780622	0.017670273249743452
637986.9951756544	-919378.638033085	1.0344850108358904e6	-282183.4591986231	101631.11489138636	15624.999999279738	1.832728547196286
214153.84815681467	-3193.0783208632492	655000.1357117591	-416765.4724457705	430490.81685419165	15624.99999789882	2.7893721431074088
60731.97424677019	-654.3429234432011	169987.91480136887	-17070.624306575774	33709.34718805103	15625.00000212752	1.9826040543701613
25142.353959139204	-7064.2781665685325	205538.40171246295	-158344.7727036811	170603.02659340843	15625.000000699583	0.10005331686509288
143102.90397725126	-255738.35406858817	316885.28251783643	-113674.8410835457	55018.25597972981	15624.99999909399	0.66838212810192
21391.654228186428	-1081.9173418547362	79283.20859631844	-28855.06489995883	44767.12136853851	15625.000000382526	0.5579353470409159
36965.36562998833	-5949.840049214166	242025.1171983882	-176168.77619704953	190230.84398639385	15625.000003924768	0.11459739008055198
16651.55895450042	-645.4842575363878	92189.6949041283	-5651.084139401493	24465.934983914594	15625.000000881138	0.4198949496140881
26667.799379301927	-588.1520685185319	134528.63850317593	-7591.7070253765705	24407.21650141757	15625.0000020609	1.9319613147624632
802.7940017297806	-15282.531898589572	80396.04842441343	-41056.39740085462	51189.88993646251	15624.999981222907	0.004159427043995852
5248.1207262857715	-6518.264150332727	78765.22195199975	-48037.830535941284	59634.00929140861	15625.000000316952	0.041841406597108825
7698.160574450827	-2170.43549953599	54624.86234120396	-16597.3050034529	32567.242933835834	15625.000004511705	0.08582573446144474
17451.16006469944	-69017.08693653744	111541.20058794286	-59524.38952835731	37495.72087303472	15624.999998870078	0.0204555585216735
5277.765195318203	-3180.7456487311924	47422.279098631894	-8216.089244925914	23411.761712185704	15624.99999908852	0.050967645389188215
25401.473740095942	-1721.8834854134184	103623.91238726943	-45237.665329780866	62620.44227089893	15624.999999799358	0.1778489171480486
8963.500531311001	-13792.288554243045	93203.76034778648	-5879.251642366409	76084.10584021237	15625.000000671833	0.35232220910315504
6184.391258215823	-31977.062521414133	108972.79178096866	-29101.283306334924	50511.747477587545	15624.999999224645	0.005920443002237188
7007.86832569997	-3402.162081806964	53151.59860968489	-12395.392659876818	40760.76808316635	15624.999999645082	0.007049541084432592
9035.489989426864	-2487.156104938911	62209.35719591768	-32426.344042389985	48046.007660846386	15625.000001206106	0.11795306803586487
10953.761953923382	-2640.677224262192	63404.051226831114	-21996.39255988544	37053.29814085876	15625.000002257475	0.0976583698114303
8895.104713565113	-17034.450137503605	68715.13806692215	-11838.071622995976	22697.986232432948	15624.999998637588	0.0037379922048335376
64227.08533024621	-146387.0854622611	181913.4913473799	-90124.87189200953	33808.69703567446	15625.00000246994	0.13243535467130252
46659.8315596147	-11270.781348791788	145722.7158087584	-70708.05753932794	79059.52636198874	15625.000000168715	0.02510084008790775
8445.474659408697	-18407.91213743366	79145.27485214904	-11010.065310152306	48536.19126573788	15624.999998519077	0.033455188738309556
4683.776583965846	-618.1048287550202	91425.87166513893	-3219.6738861491676	24337.04664968419	15624.999998780604	0.2786797567556802
4658.516175470549	-12549.9539947065	94233.73858056382	-11703.870786777443	69163.45103507837	15625.000002051122	0.012619509377045963
15533.480828260002	-986.7107916748214	72177.47916785974	-7411.47147513924	23525.62692627794	15625.00000001342	0.5826112160548518
3965.488385037519	-5306.253152853784	73008.73080435066	-11474.91922105436	37657.21762040667	15624.999999261603	0.005139745289731643
4011.319276171867	-11819.514862037684	37034.23484158394	-9657.333570935962	23094.26958834413	15625.000001101838	0.09998421041529751
18519.11268058594	-9822.633312602062	81942.67940059118	-36797.90812639007	43527.79586207168	15624.999851189554	0.05438400513058847
259106.60724616726	-291593.14524817956	543464.7994275966	-47687.94108451758	237433.2618801454	15624.999996991603	0.033570853828041654
23426.62425255853	-31123.832227136816	125064.09259872894	-57867.36033780439	44945.98696994536	15625.00000105645	0.007226075537809122
28072.202395049855	-45849.592943748925	136118.4675157495	-22974.636576810473	86817.68881727697	15625.000002828849	0.07188162150275436
51961.90973897621	-1164.323451791567	183863.9925637815	-12355.403313892146	31247.393613731983	15624.999999105448	0.4144603625415368
117892.80603110185	-129124.36446182508	298625.0253538321	-14068.460155650668	154833.06083544155	15625.000000252941	0.06624877989680783
173216.7373101106	-1070.4819558340823	355402.37694343366	-132907.60684519476	149923.08138917817	15624.999993883539	2.046845422554488
291898.6432924031	-407746.1835632728	760353.2722232593	-122122.21813392312	292327.91604701267	15624.999998792111	0.01597135435340962
132010.5723367227	-12720.202287514083	418977.385812675	-23928.22604334668	32190.022728291282	15624.99999930017	0.09402000420194044
256054.37123428995	-2144.5446349166814	477235.2872273439	-81603.32496346458	102584.34880432357	15624.999997739782	0.4266254449546386
6241.30974799025	-4715.275104181666	59345.103890731814	-19944.895755017875	32350.589458443836	15624.99999954726	0.06791065755062332
445.09501254083443	-4788.879755151928	49055.537530020694	-13218.545327029435	32251.054923866875	15624.999995206395	0.013069029273749536
63645.32658451399	-114641.91830519034	195411.65473673225	-63698.82018871256	77306.17874579328	15625.000001093696	0.03669178131944968
23332.32764705424	-1361.5077334109242	79096.2999386244	-13950.93560556789	29932.288759203213	15624.999998019266	0.33741507439314783
61547.65103080332	-224969.60181532332	372214.17548313516	-246773.53135146102	126503.97371866551	15624.99999918334	0.0007926880836727658
1826.170608846458	-40184.58760440408	80323.25327418612	-47434.14761825466	31229.12005849152	15624.999998858228	0.008193537771388697
18816.56860713913	-3086.135393189519	101535.50648877551	-56600.50588201665	70187.61821765386	15624.999999814248	0.34119171875988763
9670.433568726492	-3263.1115059312506	87873.24832404856	-55167.68043156122	73744.08970904342	15624.999998890773	0.05875106689148127
60947.02498919598	-1619.5732448872016	152400.65687111247	-20582.94357731549	42399.42906883638	15624.999999451931	0.11978177104033262
64098.11348405974	-1809.6942803980255	175011.3606569237	-30069.423021818908	65594.16825464943	15625.000001127017	0.0340616030277107
3215.7280253018325	-9265.738857918102	45181.90085638448	-9514.910583092524	32487.420335946692	15624.999999972519	0.035987114444914155
15885.329950799523	-18754.555770443607	121613.8963933642	-3603.7210419995167	89141.76877700102	15625.000000572662	0.06807881762505018
5536.506712125413	-51669.409497939676	77454.22693279693	-52735.08747687235	24142.835577074453	15624.999999223131	0.07018847003339414
59855.908613223146	-1055.9212693645095	145275.24907287877	-39678.176036513105	57761.132849509115	15624.999998412935	0.4564965801692338
21171.526150377438	-3317.1615279837806	73641.35408730619	-16323.21037012653	33505.700716701336	15625.000004120258	0.03564230362850181
6179.151396179455	-11710.042868474542	63310.61923273234	-21363.41166877345	27964.92870412185	15624.999999652035	0.01409530969890521
682033.0515818615	-903106.4510056572	973602.8401412922	-222949.4877082063	69249.99038462636	15624.999999865859	9.565047052875236
5767.78615817247	-18508.244844377827	56154.00577392775	-14519.138471200524	33921.10463034931	15624.999998538713	0.07085332405064936
44905.34232824612	-65675.53443636243	127494.08638522106	-51265.45084659817	41669.97491671573	15625.000000885502	0.0014961739566584098
34969.944057278844	-49990.78276791879	100491.06129768651	-16503.300258542666	48218.32734597152	15624.999999339147	0.31324809089530103
61652.881716214004	-64530.390849498144	168938.57453845599	-48006.86680448359	28758.878879832944	15625.000000733318	0.0009209160974148474
14110.120370855773	-104108.72693863328	639837.5195879336	-212701.74546902854	441418.7765092214	15624.999998837186	0.0003844780009049718
24542.20034783479	-69970.41419539397	110559.1561474237	-47564.044440759724	26006.649484426685	15624.99999986955	0.03701360981314745
29712.55493544561	-2483.6710864455895	221279.31270737713	-9232.641964765262	25643.415967200417	15624.99999892118	0.43622629928422557
20709.20691677439	-5834.483225031584	104607.52250897815	-61451.22174311103	73537.43690205598	15625.000001087072	0.07600432571642662
89139.31674075662	-94711.10318577522	647338.6049439475	-16271.841516543813	545344.6150912761	15624.999998486193	0.12581967503546848
6370.532022068859	-4662.476817444898	53118.668521819636	-25413.706509537995	39179.56722349115	15624.999998271465	0.035774836467071684
9219.950718575641	-41491.37127044168	84804.00084120774	-45319.950125294155	41624.72104207042	15624.99999504807	0.02056895586343498
23308.449492171872	-52517.037711350014	106545.65807861648	-52011.27298330306	52748.09040778072	15624.99999716226	0.015020623980283879
78609.82930760435	-3013.765359560879	214652.783072209	-12755.61876176046	27710.034800113786	15625.000001363249	0.46206597899212076
31678.769649332444	-910.5994645759674	100443.06858566176	-34133.36451205232	49987.10985982446	15625.000000895074	1.0261037159051443
19113.383962699212	-29769.00946542481	114723.97251523496	-17478.328937715487	83104.37663055258	15625.000000589556	0.10609188596759192
4296.740784687732	-13677.255656225732	41230.838904926364	-15175.910700243325	25547.67362050288	15624.999999588148	0.030660477452335768
1276.9238194555373	-2993.471278105869	31335.58182164621	-6480.218998952935	24109.21897094505	15625.000001290544	0.04164552298192555
16648.377997778807	-82829.94566246565	117692.51663992554	-74068.95476679713	33752.986457224935	15625.00007948908	0.1077162511327243
513.2186821538307	-3487.538142494377	36147.04554351892	-8067.7419723110725	23477.958137040783	15625.000003386565	0.043637885882914965
30703.97165076669	-1017.8994209882992	131096.42213006935	-14454.797643452592	50001.5739370418	15625.000000076252	0.026733392290100952
4096.339399522774	-7119.052740481696	41055.214532874204	-4471.431612597744	30289.790375167795	15625.00000113668	0.07712361201635157
187828.31068004254	-2040.0624456410296	466923.2427564915	-245112.90800851586	259544.0628522884	15625.000000333821	4.184342524822225
245418.6731357854	-8264.842778832251	500522.2069256883	-211160.6285235025	235637.08964839764	15624.999998519692	0.06089587630310423
4311.221184721417	-17709.157949157474	52793.92378876857	-17670.494594070915	22412.314461202415	15625.000001186241	0.008879124342465697
932.9623586715315	-4127.162805967731	46638.902183708036	-6951.851055968727	36008.207556339796	15624.999996287195	0.020834025533016255
14365.501703027636	-1710.3828537257627	68515.45761527456	-25272.852685420614	41325.549384127546	15625.000000772132	0.17478152221254958
3595.3605789959292	-6157.680360976887	35196.23281097674	-6747.685127615499	26070.06674956807	15624.999998812753	0.03118062494660361
27275.597269996186	-1012.3020452848332	123525.36099020523	-8179.116791850114	24944.03996257948	15625.000000003773	0.7778386351418929
37655.64058428528	-10607.34225601839	133573.42358857588	-71137.91837323483	78666.15104913083	15624.999998644424	0.03674615170218242
181013.68991267573	-281966.2375337271	329647.6771966819	-102423.31042570285	44204.59390133433	15624.999997760708	1.1083073533058532
22170.138345889536	-2213.394204608634	149363.74281088356	-9042.93545624044	24567.98476489185	15625.000000637694	0.49935687579498345
42999.30478609679	-42232.47386250994	193905.98909931094	-9914.091253278246	143796.3087786124	15624.999998636747	0.02788940121346041
37157.755794010125	-1998.8595564114548	176855.41141639918	-112542.21546295036	128464.83295480013	15624.999999042491	0.5683643610224647
716.1617736417797	-8761.2923701039	35827.614236577014	-11082.041551400975	22904.768933537518	15624.99999996688	0.039723267439906645
22848.57030665595	-120752.40318397473	144306.2568862791	-101021.4063206444	22547.6576707825	15624.999998670743	0.7210938885302404
13448.899061176548	-5114.099227721774	77773.23417614249	-22813.768479841063	45851.40918262536	15625.000000677886	0.007466086500514604
24951.702632610017	-632.5852816278675	119204.9207227001	-9228.728329038351	37739.10417717832	15625.00000009599	0.07565981091061995
12342.820370887697	-1551.1349425788503	60065.06943365699	-22104.862098554615	39450.28527542809	15624.99999475223	0.11473268393305848
3571.26813657237	-8286.056858602933	37441.57180185062	-11404.099770851572	21401.599895035295	15625.00000183706	0.01866033309391896
13129.233206649811	-3853.409766935023	74171.7426854824	-39395.55438274447	54535.52331886564	15625.000000309257	0.05976668012620935
7204.725561882189	-1782.3074623972789	48711.15350721005	-19622.69922497177	35017.476249507694	15625.000000855314	0.18563408103708148
63605.16623979206	-4577.973923407184	230031.5851199523	-9833.506027924592	22632.378341858286	15625.000000280334	0.5312462064407035
10038.9119495989	-573.3663887222865	76205.48139579387	-4842.255112301844	22103.810380968454	15624.999999356973	0.8057198142500079
69330.60140466875	-176334.19958387277	215918.09234238468	-118318.65918260731	26406.52750976928	15624.999998362542	0.01477381452832498
53513.0668241675	-77368.55470966187	130953.63259501709	-24650.60947883618	52394.5843074696	15625.000003283669	1.6551806549591281
15888.885248122357	-853.3346005020887	115036.25486254873	-6328.996443271491	37613.24487051384	15625.000000887798	0.036432078571915855
51344.70870380648	-545.432339856774	169898.72531774075	-11410.207564957305	28143.212046447767	15625.000001002187	2.650015714630196
5449.8331327905735	-20593.778277415084	47890.696727153045	-17294.760678934916	22578.85295080987	15624.999999428928	0.04392030867604482
68403.10161769018	-90801.74649349623	238202.75346847577	-23663.979404361344	124994.65965473512	15624.999998519015	0.048217854746182016
87631.87632007545	-11156.983427855685	184447.81499963684	-53313.993390395466	62358.19442132527	15625.000000116288	0.0412851794951585
5656.705470525654	-16291.873566715221	42736.34702236124	-13915.344174132179	23709.78130270589	15625.000000840737	0.042882550673563266
10130.51726487538	-35810.15987914801	81969.31840755654	-30510.64794017504	26616.3624366742	15624.999999370099	0.006099632941285824
515457.1152574391	-16537.47369920113	825174.9316266067	-230567.7420199965	240930.56452945923	15624.999998709809	0.08123096271300113
4699.427896892779	-12334.375611786802	57317.344376661174	-14114.60796285036	34574.69507079882	15624.999996988077	0.006352463158823783
8881.26388238424	-1867.3181436221785	55841.54171022156	-22112.98454190387	38682.70077247553	15625.000001675631	0.10340923721806097
25191.074182311073	-8943.572972353082	93479.41667587403	-34619.402040584944	58312.13310095528	15625.000272144563	0.004338294242953496
1071.191253558267	-6831.9789302305	32875.609777552076	-12303.117925012892	23633.199788044672	15624.99999832653	0.04228213547759382
5963.641099691905	-8980.840974950554	41931.27373437016	-12731.611751265002	24998.515837077466	15625.000000581838	0.008522240686277051
30557.74126295957	-5103.4560482040615	140652.32776183612	-58699.67109724865	76508.78926500696	15624.99999851112	0.028649855138048238
164050.09397739897	-684.7566515336947	292825.6989275134	-59513.676940154226	78982.19077180611	15625.000000249674	1.5160502318412556
3749.180508964935	-2822.039053589182	52513.04513611639	-9365.905532539779	25765.231016905316	15625.000000275018	0.04856233689051966
10362.608970564106	-1447.0719770626856	63610.47678200925	-24723.874934431202	40353.73738622786	15624.999999360203	0.2898005166711807
836.7149017216391	-3558.764864542405	45334.47665842013	-19773.398009271234	36145.820440649695	15624.999999945192	0.032978900188257984
22619.718617720853	-103900.82123254555	140837.40290918908	-96278.92652473947	34581.979777346656	15625.00000034783	0.02197347691724474
52478.755664544646	-126301.57446316839	187684.6725279307	-76873.87696149945	46793.38434100954	15625.000003263704	0.03960613852131691
146578.06434169738	-3042.6692058120716	275073.05579687736	-54829.92424991776	68036.56346103604	15624.999998629897	2.175921155755453
63110.58093534075	-1478.3978245269157	288156.29508737015	-10530.916351958876	27284.12957349881	15625.000000163905	1.1845000264976357
587818.1603688132	-774674.9157766621	932822.8952520085	-191096.9197457987	150368.60062904563	15625.000000965578	0.5200320911050618
30838.472245475437	-1646.5655283338856	126414.2263085198	-68803.3793969706	83553.52614206861	15624.999995234393	1.2818601649059216
522809.03257573047	-1671.92449242383	738282.5402954635	-132219.67931693612	148638.23836156222	15624.99999784978	4.113330382650387
68643.60035380091	-199715.66161604365	233838.87939281133	-133971.5649612889	25000.92976103892	15625.00000083795	0.1460190994675315
7194.596082541539	-3330.9950062329954	49352.39810913033	-20271.834587358753	34974.285406693	15625.000003428999	0.056274699934071054
23570.90483188542	-70137.32606568583	263306.462175514	-53105.39760957186	101516.45688687725	15625.000002132514	0.0012829178618322047
1744.2343887857241	-6217.612564745847	38061.536734021494	-11749.292683041294	24714.26790256376	15625.000002376815	0.021830054574698644
3833.2314887676102	-1763.8759693487466	38707.56026723995	-5207.2570073010775	24853.128982152128	15625.000003253539	0.034691062951838395
12668.451617050989	-7857.681369250936	76206.78974066212	-40604.162528911234	49795.83028132032	15624.999999191652	0.04706660486073748
57625.85957773468	-60985.285546638	173043.90546450825	-12384.644889316078	103787.86728097123	15624.999999024167	0.024775460786603313
2643.4105249693685	-18511.823040759613	49211.30821568167	-23408.817306202414	24033.418268010682	15624.999999847905	0.011110249463764205
13829.274589566925	-3981.9923201817883	99365.66312455975	-20768.41631292464	38233.7993041412	15624.999999178519	0.032328169561100684
2231.405249857362	-6013.023359943607	55827.07825127948	-16654.048902215698	32250.673175614822	15625.00000523866	0.012839704086310294
2247.29774078462	-1067.5419479997029	45422.02987385336	-3430.933449738462	26104.485521105118	15624.999998995525	0.04320888702416826
7641.764184365438	-734.262073888418	92715.01267970067	-9038.27703924054	36728.34275149579	15624.99999946583	0.055595340930062236
6539.675269526444	-11133.698241218459	103203.13182226365	-9434.076198376195	88271.22038728005	15624.999998586009	0.07435302945632843
43170.00172736647	-2330.167962963932	121756.89283104299	-31805.225533919234	45981.39102462691	15624.99999684142	0.6117396022856101
76517.3636991852	-110110.8902973652	180718.29729653744	-34669.89509990455	67878.92152268057	15625.000003421766	0.7185409821115128
7124.302102590067	-8854.694959554865	70457.54289917706	-19698.216540304296	30588.614811050735	15624.999999533597	0.014434076112622696
8604.968673908734	-17642.63090039254	106646.20279396256	-17240.21342159339	85721.42789686052	15625.000003272347	0.04437668226473419
83583.30971313747	-155121.04426183907	209256.33336571846	-76435.74449941602	53080.7932909552	15625.000001142413	0.43593072136587796
24716.12315836092	-1457.7693925137633	109675.69526257622	-49213.23161715784	74392.68934775516	15625.000000761422	0.07677331903705802
1959.4617141315089	-7385.220832414802	42850.54358903251	-7672.297269637079	32725.043663546898	15625.000000818543	0.07575017227778671
618226.0730496584	-901.3683291856396	862860.100067968	-166138.33191806517	183272.31004115616	15624.999999236938	9.401285454802917
13417.31268629388	-17499.472270532977	278660.2548854891	-165812.953355463	218802.58962779515	15624.999984790105	0.0021968377941310466
281.5405947617801	-22840.15741814531	58939.07050814391	-38379.360974880314	33126.368886882745	15625.00000081532	0.012911261322683883
55266.63778424627	-68257.30099466191	198781.82563403872	-17737.048531347595	124426.99333040022	15625.000000703047	0.0732146203715678
161001.5188615647	-197139.1621010733	290958.2901295384	-60834.833833078505	52539.61455170857	15624.999997864274	0.004021810138767827
26396.002165341648	-43614.26530366012	138569.04244669905	-18222.91067997698	66432.43876432575	15624.999991364748	0.016822964676468613
24950.772684845302	-788.0859555376219	83101.98975883797	-20383.376195292407	36518.6825056943	15624.999999928994	0.806558507902427
144089.57237897557	-158807.74610891045	319493.6303818864	-18870.743879507765	153382.43307058193	15625.000000483407	0.14090264654488246
47502.33305341157	-122690.20999539865	169614.18590398075	-76521.52345498849	32632.8860973235	15624.999999077903	0.10801112775118228
25370.59902402891	-34099.16789673464	102741.98232609432	-9602.06103631806	67201.26508829363	15625.0000026075	1.0367346165438727
14430.963689934462	-66459.84729531134	105012.16643516254	-61400.31427342602	37375.001101222515	15624.999997393257	0.06388539772057283
650789.0279414541	-960355.6079149323	1.0232826138631221e6	-311199.1579675668	61888.812412293046	15625.00000175662	12.261050825836225
7083.063746677288	-64025.1655706102	121081.83456600504	-95466.17550829519	49456.78088511387	15625.000070649665	0.0011715443114285495
4315.356386615382	-3860.8403672175964	47190.129646222456	-7529.2838813675335	24637.676358174067	15624.999995463062	0.0197242949645531
7253.108456315162	-1335.9547654443486	87478.39920182276	-3605.209311981099	23300.981776848887	15624.99999918748	0.1392938065455198
8608.403512375957	-41232.6436393109	65813.51297496981	-37292.64307092631	21731.254723829683	15624.999999743595	0.04942860975964258
373795.5650214279	-550205.9407156708	611770.4694574475	-178693.61195948272	60585.63835390331	15624.999999040716	5.146397765572798
5472.029154767544	-1662.1856331612942	42806.65595066402	-12126.211436052421	30821.262763764244	15625.000004454996	0.0497269096735113
25101.171986589914	-1786.9765788995428	101033.08837213	-49928.88946738848	67460.92338868772	15624.999999900116	0.19378378928715442
290898.6748705928	-7823.244803509397	509899.13720169896	-76089.79360987642	88521.46994066465	15624.999999498817	0.22789054582915616
9168.012629039647	-2713.507696303347	86219.47626970767	-53564.03452953331	69761.15385512212	15625.000000002432	0.12592884050164455
12648.309642713655	-17695.953417562763	69477.10238459986	-15835.136029019908	44914.981193763175	15625.00000099626	0.006221210924894319
12824.7971928412	-60235.41689951526	88469.55730162794	-51965.915296748804	26681.975228034717	15625.000001529785	0.12545791081817817
6105.344474915493	-1953.057738618418	44835.59128814633	-13887.436895442437	33010.84907476932	15625.000000896589	0.03778085213944958
141813.54361187108	-198106.12536552898	290697.3300196731	-70308.85617650591	86435.61886684744	15624.999997748644	0.04240212741235404
613.7953665317691	-22198.50879593293	67441.8276918639	-33706.004536252454	29566.690934128117	15624.99999884494	0.00884753218232624
4530.854975154856	-6648.772830202943	134932.1866023494	-2663.646653504642	119264.30168929067	15625.000003138572	0.2930760176811926
3092.8844380609517	-1957.3811390814371	43011.21343632054	-11065.422349508735	27825.10770461074	15624.999998038344	0.069257002003169
34106.049356183736	-49226.988081320655	119962.06553650647	-18005.974530639593	69578.34940932738	15624.999993500212	0.40539523486989326
2987.1501371876802	-9167.244182965718	51967.21701292414	-8784.39003539132	39485.91987528559	15624.999936361331	0.060068297637563085
39468.39695597894	-47585.88449100469	167702.8509354964	-9809.857396362291	115869.36643521022	15624.999994772254	0.2871091981002387
11800.470861012493	-20718.461901969116	99925.26857610248	-37594.03443427564	34592.833868213114	15624.99999895382	0.01493862350514355
7349.427326967683	-12084.524670636514	118560.5240687675	-86734.53677449204	93173.26066192958	15625.00000618113	0.023964755115016615
122767.04499642085	-484.25277083140827	470730.3736481869	-12119.339270740893	34298.23975850501	15625.000000089645	1.6186995932532044
33304.20945497372	-1327.5308771459386	127667.7664265614	-30735.630815214055	52442.66487868239	15624.999997699866	0.0985571884316122
192589.97045463615	-268448.72633479815	340258.3879599777	-77179.33564834247	70513.60931780403	15624.999998841273	3.245185893939348
9869.110003193142	-6408.868662986151	60690.477817631094	-13158.35109658059	44161.641533721006	15625.000001453329	0.003621014444774945
22322.889383630496	-55937.6580877612	94287.3866531966	-40907.70167230496	31092.63683066247	15624.999999363781	0.013285730356063195
9240.59548395261	-21022.72404796668	68857.81890713802	-18206.136896821117	45063.78555863604	15625.000000715918	0.03036071337611237
1331.5898811709735	-52026.84250560057	82217.44169923413	-61540.85440072863	28770.468555009997	15624.99999715844	0.041945075274370476
8568.417232754757	-21985.816328861292	75350.65692818526	-18131.131146576314	36432.92537203821	15624.999996199214	0.005184144011526034
26904.116801916098	-31991.28067438118	160409.98749942065	-42125.455362577995	42605.21331568895	15624.999997836843	0.0021925041746831517
12956.664737775776	-21280.75778914421	62815.628926382575	-12757.92537633199	31935.863698580983	15624.999999615951	0.008934722622772347
34393.85973504372	-1268.997041657567	112488.62282819673	-40856.133005988784	58642.32350830734	15625.0000355714	0.26519481958525987
13538.711550367074	-17146.90955397106	80815.84590179051	-20334.028274779244	58208.61941388409	15625.000000090495	0.006464144172475769
11219.213045775083	-7620.828275107432	86011.66669256563	-28844.738786160247	69672.37862433502	15624.99999954203	0.003162651055731299
174773.68516213493	-9029.699319733209	392854.5134521008	-183784.76135971176	200177.42577401036	15625.00000048722	0.06321572480830895
261026.93511601043	-1236.701828463847	519274.84006635833	-157128.84334446499	186926.17615966583	15625.000001061351	0.3860648393740566
81153.7493383291	-107954.00609110712	173569.97358586028	-27382.33708432428	63272.06267239994	15624.999999212027	1.6839867748465462
103134.36006831635	-180474.27061552939	222780.45511089152	-78314.49083639153	40633.69240847651	15625.000000251755	1.9702067417609919
218543.91692348995	-584.6840360414891	372833.69365906576	-49672.36781702557	71714.64948558249	15625.000000695145	1.5098962732701777
27809.833665771977	-9937.707935458659	226664.6076816254	-61690.73745551799	190516.2894835851	15624.999998464365	0.0013525588238181
5954.618470517869	-1929.85981555246	44215.81755828012	-15462.478938384978	31074.2618087699	15625.000000171049	0.11947804821746068
5822.662911369938	-2416.0487957321666	41263.33978124708	-9075.4087724804	26778.54751762291	15625.000000135384	0.03288428117014219
9168.612960444996	-928.3322877307372	54221.905104701524	-9003.838513353789	25756.498814780905	15625.00000289167	0.2728793093905926
16221.961664703093	-24413.025883423645	66132.80024735944	-11241.043982345722	38109.84668425444	15624.999999815369	0.04959225958514542
250668.05268541226	-425668.1266043107	468299.7786898424	-177584.5463455785	39531.69796046999	15625.000000154709	1.0355452750483296
92578.64241547688	-141279.73303852679	215479.37824284774	-80127.76915550043	66743.67571868829	15625.000003016423	0.007921999474377467
66819.23897976382	-168321.87535953603	203605.14280977088	-102837.28630062367	32086.210424428817	15625.00000075793	0.6603674815199011
49882.27404502828	-9668.40540718804	186564.15055481574	-111693.67372202898	118527.70235505671	15625.000000863707	0.18659399641545144
33985.440304156306	-246540.376068838	298769.38083326	-226845.18035739177	45393.736508335765	15625.000000152464	0.02300220978222498
28242.16891922953	-44405.20213638793	96266.80353434198	-21634.43468425094	50628.42859405652	15624.999994196725	0.13425531147724884
11943.08934452815	-125449.12405975464	151839.86458808335	-119018.36976090273	25330.386809313502	15624.999997277213	0.350798748309661
2536.027666661954	-2686.307256157277	31311.49321834708	-7841.014204444073	22711.848174637824	15625.000001993612	0.07629942400785598
28520.12514171256	-97604.60498873502	206161.56110384065	-111909.97519018213	40428.23042956616	15624.99999962168	0.0011440504083570975
55682.674823150635	-102474.2277058861	186330.47374164156	-49779.18867389675	62871.80879765193	15625.000002411896	0.022132748619964938
59213.80237059447	-148186.39095687447	184426.37192552615	-95841.3827963968	35228.24984517898	15625.00000035519	0.2649699510320239
32708.59334903859	-1069.6173000411775	103739.15222892849	-34840.41133541358	50363.8095885039	15625.000000533464	1.041237707109255
43886.90069802402	-59917.47653475928	119704.99922598456	-17052.030823342116	55380.36553666706	15624.999999181564	0.2709125230091869
25247.187845779525	-4157.837249015757	125622.07878782274	-9184.374497917364	22332.88221477857	15624.999927435536	0.28088184698203
11403.519542727608	-80095.20548897648	107901.06598388091	-77553.248812888	27241.58853840788	15624.999999200318	0.18410121953481048
11635.906846543425	-11936.351222261053	81100.56341008714	-18856.836962549904	25057.221501084976	15624.999999567866	0.024216341747474238
33216.05425455165	-60454.203620579734	141755.99972430605	-27975.763131207725	67248.12755956207	15625.000001323926	0.08299343627607345
172.23828924863324	-8986.058684238258	40627.2603087195	-15221.620369099863	24547.987841442904	15625.000000320804	0.023773277309542498
6976.043590936611	-8018.784645753089	49938.717427780706	-11218.682794675773	20988.902566522695	15625.00000052607	0.024095077531707396
31941.314554566095	-783.6175108522697	101510.3432245396	-18436.649192959718	34527.86024813923	15624.999999445205	1.0920364237451603
3409.3036359651014	-26718.50402400468	150864.29842033295	-31072.560138251727	76315.7762840772	15625.000002767818	0.0016288714802837443
71234.85926496296	-7772.316568407314	524356.7020328593	-427118.26177247637	438919.3034216766	15624.999998917756	0.22620408034200962
1001.0028050674009	-4514.460306388006	40512.61032820819	-9090.482176675243	25415.46662465739	15624.999895146117	0.021633417792050805
10175.88053203683	-3725.846959241753	79945.05379156185	-46150.280923649756	60690.33070333708	15624.99999896434	0.0873476898734673
10530.733048879152	-2036.2470840196204	51996.71462802196	-14145.589961569247	29683.074354951663	15625.000002059678	0.11568175486947853
51820.86892948736	-9102.39019401706	293375.03018135513	-19014.845465854967	27573.78479127819	15624.999999451253	0.2694826688184083
57440.410710706376	-1363.038374563441	190017.01538635092	-31088.932438749936	58426.158053994644	15625.000006023154	0.07759771427901191
22188.311930216092	-31676.091692181362	99688.13385116449	-10808.576105780434	66239.97847489221	15624.999878008617	0.5048815902386369
86559.97663992654	-143772.11558079228	185049.8383467067	-58383.71119398295	40648.08853016424	15624.999999292259	3.5173324035408684
45092.560010121844	-76574.35417367972	134639.7098328179	-43419.30508495979	50326.320809060824	15624.999995959792	0.011491541448155819
15084.965575835435	-20972.98918814934	141478.6581790368	-25795.226299611502	28145.366297829896	15624.999999066407	0.008530928411869311
99458.30379878776	-13662.285934943058	644125.1314676479	-525477.0296107018	531615.3081497448	15625.000001178454	0.10440130799830631
8364.040375421551	-22251.427685672737	54449.7625764556	-20800.395961534115	23837.04596763602	15624.999997355684	0.00690793286935917
1597.7613948695343	-8101.96052042593	75742.69737331934	-30548.970586210486	56663.26352978648	15624.999998647994	0.004588408092382158
89134.95978280657	-15093.429388709139	336633.70878849796	-33428.41444638981	35324.56872596158	15624.999999088324	0.2479127952449705
76883.78461854764	-3452.671013973828	334633.775005881	-229093.30148033059	247787.00985037183	15625.000002976973	0.25345305621314773
31961.426583972938	-1599.3654752695902	97490.89254928424	-13918.04861457572	29803.943511674846	15625.000000459935	0.35821900766057063
21717.122587008616	-4502.574185692196	159289.05053577147	-118660.13022223476	130395.56536550367	15625.00000185573	0.8588903467094464
11243.237087487782	-7206.699710917204	95672.16961089733	-44624.28146368362	70694.99794000581	15625.000000725278	0.005700187724535513
66163.44559383768	-797.6280607776134	147157.87549295946	-28593.02340431779	44724.0421300148	15624.999998170286	1.8189959269983664
26221.570655950698	-3299.1282776866237	94425.28675494711	-14374.07454933146	27916.943991008215	15624.999998914216	0.25971611854137233
45704.00995677701	-66807.56841523376	115771.78199336486	-23101.83434467815	46846.034874342775	15625.000000380285	0.30348474630628086
4739.851372738052	-2493.8969522814573	51605.21782236135	-17869.749426350772	34091.54966269874	15625.000001151899	0.05931051760687864
175867.006755105	-2534.4499383877264	814276.3027756657	-616528.2477928761	630260.6157297812	15625.000004075351	9.96412486343291
33060.21285278897	-89697.03342087072	167049.03040993563	-75342.27665215547	72570.63573094235	15624.9999992999	0.010741452944350272
842313.7105290382	-2484.0366345205575	1.1483651732622082e6	-61238.738769166404	77038.32270608097	15625.000004219706	4.27098451066109
6650.972354836902	-2915.533812532348	50097.112483818855	-21583.975227328156	35829.05520145273	15625.000000096159	0.10875875011939838
10973.515130555388	-29331.830143303494	70565.78709081234	-23751.98213085713	39976.62307831043	15624.999999968644	0.07939315974753623
34793.44275125449	-10456.803908702028	137230.33508554104	-49826.63375127311	56172.97436783725	15625.000000840628	0.08056290816210407
33876.2874292801	-1967.8836914393642	111162.57272241743	-14411.737814677575	29082.519153526668	15625.000000107386	0.6698590780558199
17379.103454926444	-32274.47392690422	68765.22817909336	-16065.168207476076	35303.329717293454	15625.000001760065	0.47071730359044006
10749.597915483348	-14444.84672055248	61830.49845955102	-11019.099347889656	39816.628700637724	15625.000022416934	0.007392571937408842
5923.461638366105	-8632.867237165161	83176.14302825963	-60034.60066601925	68130.85239481379	15625.000000053791	0.07469450166848172
9328.558665743301	-58324.51415841529	88497.13928214746	-60279.76286277608	25466.114368406208	15625.000000206377	0.010824468436418395
372800.97069621366	-536617.1224584559	1.0838436901347588e6	-344613.07173729147	536568.7248180746	15624.99999910454	0.005743114074816419
11153.782871992273	-2304.7353791483274	55392.073515941745	-10498.102810239978	25132.9381940623	15624.999999083202	0.17342745542100144
196756.8752184143	-29730.239085168596	401937.9872327867	-78209.46893158798	65929.11479042069	15624.999999424945	0.10635773820126808
1.0287889247376415e6	-6688.231410828415	1.3371742594162268e6	-99785.96126880907	111838.89158268116	15624.999998638988	1.6855972804412391
345137.99426774157	-301742.30991765205	652957.4126397303	-124175.40069745772	261965.53542826485	15625.000000701839	0.0008571875525521963
24389.74846198241	-46402.43299408845	84962.60802561557	-23450.937384885154	34065.39792970463	15624.999996748404	0.11588634688790254
4297.053345500693	-3288.7288547079743	42657.83597013448	-6490.117175334057	22136.44442169105	15625.000001034663	0.03799480750075527
6709.776209156786	-16187.511927952852	79782.05614267621	-44771.49933628266	59388.062849843656	15625.00000173179	0.003062981213164502
63280.6713162515	-44235.353974052705	240515.75349563156	-18639.181872284877	151384.5896420549	15625.000001441282	0.0007285020952649442
24342.940031101796	-1558.818724670119	111797.03181921519	-31955.14911757987	53879.5948256804	15625.000001594846	0.06592857242238136
7201.444862459936	-1801.0193673172798	59188.00475070141	-22944.44229448373	40780.779369665775	15625.00000137229	0.07417459659333471
17594.328032346893	-107700.50245431912	181834.94931835344	-96955.01937778332	25260.570733123932	15625.000002420147	0.0057276072709052
14988.391262114637	-24676.358974099676	80303.75981706771	-11157.216903345688	50942.53684338083	15624.999995091988	0.0983246093013698
22910.402608676326	-37839.35250860698	98501.29346445436	-19814.126103760856	58879.72787542721	15625.000001265638	0.1070980122000241
19327.551068313347	-36914.236533680276	76069.73086214717	-18929.606895997364	35105.508085579146	15624.999999562217	0.11685464147264421
269495.204684922	-712.3936387787375	432586.89384464547	-78186.30356891942	96532.2448067097	15625.000002015775	3.293469750018118
86706.06482165298	-10296.801387875192	184156.4655611419	-27491.242868600795	49975.449608099225	15625.000000319515	0.010941698000197153
21923.377684420608	-59005.732157960534	101954.78990966408	-45753.59886275298	42154.12684561062	15625.000002049019	0.09953610758860493
43916.878896726004	-153944.28211098816	182093.34735009447	-114090.34128351044	27640.48515359033	15624.999809638131	1.1275054338282882
29929.077929609746	-59904.38245862024	103658.93800214166	-32431.98411051024	32701.532927516615	15625.000000785338	0.03237862574642709
3769.4952050208603	-39448.15962070376	62488.95586188859	-41059.35695130033	22067.958295077082	15624.999998846644	0.12828024689951092
8764.456689859933	-28749.835121392953	86393.92260431267	-24537.575260549347	35815.08691279352	15625.00000153599	0.004829906624946309
12746.01531075412	-1998.152386224143	61574.129200891264	-8202.718581971	23765.80542157071	15624.999999657735	0.1610910106304245
5297.515957605308	-30822.82613018128	64106.92036637113	-32851.81310765006	32235.526965272118	15624.999999164527	0.06042516871240992
41132.018910284525	-93688.34619569275	143514.34453131226	-59828.90861039485	48907.39336759443	15624.999999880609	0.17156121376818062
342266.22413692065	-814711.6589410406	848604.0990000379	-473887.2544443256	32637.476941449793	15625.000001271786	8.189713885806812
23000.468776750826	-691.210086733774	84878.896398807	-10794.057902585106	29367.250625000317	15624.999999833894	0.3153108818207351
11492.970785715392	-3096.6575107166013	69965.13718450302	-12775.921557299254	35362.32723903301	15624.999996381492	0.01324481535978303
35459.35445209135	-104082.39853686471	152604.5477938467	-73273.94859507725	43680.22030003987	15625.000000018521	0.058159917607143875
21840.835087960997	-31721.31530905121	90398.60204852426	-10703.107341337354	55437.08708466885	15624.99999978033	0.3354448401852379
14732.052695726285	-5927.192957325882	71029.09178228537	-32855.74115673725	43843.438101719585	15625.000002502362	0.07065223305146684
18545.192776204905	-21790.696052984313	95022.09046946486	-15580.57830246433	62580.68727109743	15625.00000075325	0.004818012661952728
1887.473369304298	-4744.928845779167	49321.51732325767	-11812.024069840485	27273.40255217103	15625.000000782022	0.0212012155625409
12849.87931137111	-1293.0423079145694	93085.17915704077	-36972.522522087085	62313.46526606371	15624.99999990196	0.052339311649767045
38414.332034971674	-1341.9032194290626	221178.53828827667	-51263.15958569129	113313.10943203053	15624.999995245118	0.01408034020023818
5626.991760489604	-6196.756668756132	42307.08847658499	-8215.144399967197	22340.55812681548	15624.999995188002	0.012974652866929018
6859.576120284561	-13996.427527896078	45341.12395139731	-8159.858663082516	29009.35600932475	15624.999997728824	0.1806225400448719
16716.536019888765	-12483.206414369335	91783.27532016337	-17178.2421261474	23236.995028518064	15624.99999905362	0.02556171753049804
2009.048703231555	-30033.55829155313	69280.9592530282	-32048.324873865196	28059.201588846765	15625.000000111737	0.01352432690093892
28380.256398406753	-35793.20432496513	272575.6603984404	-9169.185186919625	224593.95724008098	15624.999999719636	0.10984424286779629
10362.178925456472	-29016.95088901522	54949.84927311761	-21217.48850684846	24138.311635198246	15625.000005539187	0.11134987563936304
47823.965688536875	-86671.60438314406	124762.71416373597	-42378.14093853801	37125.107775500976	15625.000008213683	0.39586797516484096
35672.171953752535	-30697.334584884717	120830.47628408248	-40290.08255764752	32188.417454012786	15625.000000098866	0.0037733099841020896
87269.483317763	-112026.4960328776	261276.8452023561	-25742.750391714464	134783.37605977204	15624.999992513796	0.1437235716283089
92181.09633293189	-3892.294160112998	192676.76294599008	-41843.55210974463	55126.530475689564	15624.999998619343	0.41838390184030394
163442.3764211882	-402838.6165563303	449128.17169066163	-241299.45323349707	32391.53606394489	15625.000001121458	0.3051014656315553
1338.1857957237316	-4725.805517857736	30761.988443176684	-7838.957127191246	22858.51698968005	15625.000000340711	0.04352377883170415
48528.876346825506	-132947.1403669541	166295.3438654672	-90557.8771328133	30509.14582389798	15625.00000106666	0.10124693853044402
20694.44439836021	-6738.681429097505	88266.28474669158	-15169.987046268274	35446.92434304219	15625.000000564381	0.006928723542475855
4039.532888015601	-8076.017233094783	40527.4018547968	-11795.456022070779	29473.14314228238	15624.999999212683	0.016619094940974216
30023.84980041322	-1611.615695210194	108666.0793382157	-49172.90206031106	67725.20963714962	15624.999998963392	0.17837467598493895
21143.246949555658	-1444.7271657716774	79115.51055279505	-15268.015932724615	32063.43560480716	15625.000002926663	0.1906336539751955
110126.20510934971	-129030.24727092905	300696.9079217872	-45889.87537149188	169773.5141238143	15625.00000182489	0.09063281868745826
56962.837542302674	-72574.79776456393	157198.84953756863	-16385.44091003423	83695.99049051519	15624.99999209831	2.9046617343451073
10925.281377950843	-20144.764839216892	55085.63472243122	-10074.97230010508	33631.20544078096	15624.99999881993	0.48572720344492815
87460.47929503358	-116332.96030085091	240600.00690695609	-36437.294782645164	106850.2944658703	15624.999998530837	0.01562066229473771
43234.739416578464	-30890.60010650466	150078.4569493311	-14836.624967757787	62865.681293730624	15625.000000383472	0.0008317796291063771
18713.97791121451	-6303.425156844959	84536.48436013094	-17829.99685325804	36999.226441534614	15624.999998128464	0.008493435411421803
9039.65710162705	-20781.631976054505	50463.59175514413	-16269.066575882196	27573.83302085032	15624.999999769048	0.041126078699517545
109580.92407993996	-20680.85866351775	575733.6113970256	-207384.50998685634	382957.799878694	15624.999998168729	0.0013038140706529
3371.6480728183524	-11359.980646843302	40215.07401897409	-14745.026860237456	23400.660905421973	15624.999995449674	0.013728903615333292
40769.20671934815	-24305.148627877887	437822.1740790302	-29600.33661566553	30574.33235553011	15624.999998600542	0.024585077477670934
2252.197697145063	-2207.9198037738524	39890.296198756274	-15014.440372683524	30003.14326589396	15625.000000712962	0.13003512848631424
440.8509208137766	-5340.662707715437	39720.657784526295	-19052.128510001086	30941.78359007697	15624.999997573737	0.05599395309269797
163721.77499787355	-178954.219898496	433224.76375236595	-15805.677575252521	251073.6637086835	15624.999999931868	3.4535605035392
15349.009070910794	-8408.137194545181	91689.29804837873	-28561.264976661914	38255.473706100776	15624.999998677005	0.03209439524133169
39152.206102430646	-52400.99067611594	116033.25255403016	-17921.285885552985	61363.294506956445	15624.999997565847	0.11954609285681134
19615.352658022442	-30488.417904308677	98647.6118272437	-11980.4459386636	61454.277798266616	15624.999999059248	0.10326127327488997
37199.37719589094	-2509.728085104713	119900.02364731723	-39597.78500473886	55218.81898049018	15624.999999649557	0.17808023285184651
124881.13946258451	-467639.35970518086	496492.8055764894	-346732.7016955869	27938.088929375765	15625.000000664255	2.1217980728122967
25803.491097901482	-10871.884074813017	96101.9924860358	-25010.30834897849	30948.929957645392	15624.99999987759	0.06322466722334656
143580.93667757412	-1611.254584739464	778812.0089695354	-11547.523197594064	36388.11101983284	15625.000004427158	0.45839221707992805
36230.32811039278	-2094.8684322049503	140341.30008145006	-10681.720630365822	36250.88214945374	15624.99999825185	0.03729271529184884
33904.87472049985	-589.5931856155803	102659.0811556711	-13501.221393525273	30191.961062238785	15624.999999204105	1.19542204830004
18460.659907467914	-2243.647133124511	237860.59285200527	-3107.639858514478	22709.441550931428	15625.000243170653	0.26775480808502555
26758.642773783096	-32089.82487243513	151451.11592903303	-5898.893975673254	108297.97412555848	15625.000001112721	0.1758171091933542
12073.59102732956	-21979.98416463728	70340.21722140023	-11726.250483574695	42443.09770479938	15625.000002148008	0.047925693891006
272468.87310077064	-744.6859252438912	454989.7540499625	-63603.872676784864	81439.84490740518	15625.000000854214	3.6014435501644773
2818.368802296044	-18050.70903102483	44559.513597115976	-17540.08030263836	23667.49713503565	15624.999996573584	0.0709261014071624
40458.096344072066	-320467.6902121631	502328.2101114561	-282988.35851526563	59260.016976179206	15625.000002515357	0.014060843957329225
8506.537045812445	-15035.728911260507	65120.10370280761	-9173.813090006517	34464.55486587929	15624.99999966284	0.007500512246811806
139646.63552370446	-13306.769446942126	277371.1056767233	-77538.84371499148	80924.4391168904	15625.000002872286	0.2493952954192625
5666.575824393509	-2016.5304332398769	65034.18550085524	-8879.57982297745	28680.29828787464	15625.000002709508	0.0418888109459094
13077.05801688377	-39848.183762832254	65446.11819582409	-29439.03544021095	24600.828484683996	15625.000001859502	0.24644759969506758
4793.919728013432	-21173.82936838048	62530.23317017144	-22190.522749486117	34516.758994068456	15624.999997049905	0.011426229354847337
19907.64192200848	-3727.160715032658	109686.79161373898	-63573.94011750724	76394.90415728232	15624.999996785977	0.3385355193613086
12971.1160561723	-1744.3070851938974	70979.61043623944	-17718.408226096137	33683.04305597744	15624.99999900585	0.16823242637881605
141714.2386834182	-157800.26613086567	582958.9423334436	-117159.85719941481	415065.448700261	15625.000000813714	0.010143320220848332
2683.409559813158	-7064.099123902914	60386.718881287925	-17009.312967824597	32431.843386045406	15625.000000852688	0.009892996101841342
66706.99002915426	-101313.60122480053	286846.32227986853	-46646.68385061533	177540.9832187602	15624.999997838197	0.0252492040960762
74972.09922271076	-2370.6926995019626	163978.36398033693	-40026.99917584125	57715.05766647536	15624.999999527034	0.1929486492709139
36852.240242208	-73152.32803471315	113634.74437492334	-37591.931073822285	36748.556608113424	15624.999999147181	0.2389464409985487
7738.182052647237	-20332.70358899531	50057.069990711316	-19521.484868304833	24068.37951271607	15624.999999963518	0.009394961897133488
163172.8651035363	-150531.4018242101	554879.8635127874	-208350.01439256035	185138.40421020953	15625.000002075896	0.0004281803377557045
221225.15239315346	-9225.82470664748	379140.882317539	-68733.46820322669	75678.00996298448	15624.999999708729	1.2642537773608322
73584.71762428357	-184730.9537103647	266709.99373651406	-113010.42179506937	57834.41677699165	15624.999998895364	0.05654995362242311
15934.924142433563	-28511.537944310112	95013.8447349784	-13715.384053583111	40007.15670863842	15625.00000600022	0.010539197488184932
551241.598951474	-643679.967134381	764914.4570154548	-94946.66963958275	116118.68299857285	15624.999999311134	1.3888048413535654
20711.390911773153	-2264.0853793687893	95723.32181996721	-15083.664885118647	29777.836310615476	15624.999998564432	0.3387871023394272
27236.34689072738	-6734.3019746724	112128.21737283084	-10518.56959581557	26651.30573801219	15625.000009740295	0.020397964659208147
3291.700317567519	-6153.573644147229	43922.58613380492	-6640.203527829088	27020.345740528297	15624.999998925028	0.011179504269971342
11616.057387588899	-5168.500558174097	77011.12579856216	-17587.53460777778	29504.23623390469	15624.999998901005	0.09319233601530122
3788.5291601907084	-4500.664386722958	39197.00192536577	-12554.329148976714	25449.43725059647	15624.999992324563	0.04660824908667309
3686.7501222281862	-8031.969120290891	40240.99461662932	-11191.932335831429	22814.506536446337	15625.000006754359	0.01373443661563694
8092.1921721100225	-34685.53624885029	57577.1663805889	-29398.515519260836	21207.27399503521	15625.000003477151	0.13491179191852684
49060.04804769548	-1831.0004096012563	170939.42473866307	-73609.43395313212	102881.82375824453	15624.999997038569	0.06883900905863848
4908.441112362645	-6478.608909689057	58451.655344772604	-5175.923967266261	44535.00492467797	15624.999999199717	0.017332715442632343
14063.777434116864	-3905.8292881722514	72703.19784356937	-14417.504390013519	28113.437428380348	15625.000001760229	0.08576502223323777
5674.160108004467	-4237.998069811994	81639.11537327332	-55512.306872474815	68297.38473662162	15625.000001253164	0.17010829730880392
12239.19396000044	-14975.40865791944	81855.95187870355	-49385.56231153451	53938.85660193971	15625.000006775314	0.006249795761387065
45723.275571350154	-26242.409724991303	297434.06441150955	-221629.6391230859	217899.19611553522	15625.000008901	0.007541468673182854
18055.726635165578	-24630.227760077796	93207.77374114083	-12148.609747567454	64116.982708951386	15625.000000333408	0.0357425292630971
22075.346344401456	-4552.599753245045	80764.54607760525	-30182.533288382852	46836.5079668824	15624.999999057034	0.02637229742989221
17935.664497812075	-17354.287947329198	85486.89658381582	-35863.46889678115	54905.10670648057	15624.999998468702	0.001724450273368964
128044.91119091678	-7330.712004090372	304900.3031525747	-140589.04177813418	152698.78719043126	15624.9999978677	0.1355389787636832
15607.678542292444	-17206.76264949015	87118.32309033058	-6114.33581319917	65232.40339479491	15624.999999701613	0.04424774265438976
19529.957653502526	-2506.3597537869873	98810.3528976303	-53164.74722222448	67057.06996348407	15625.000002135028	0.5685615063046631
11845.482864278516	-7130.8834168780595	208518.55592817173	-177584.02082546422	186967.68111039733	15625.000006962684	0.4518752098506688
8480.557478660005	-24541.12787506124	74549.59254426422	-27337.016855462687	36653.415312734665	15624.999997084582	0.0033253497967817435
22274.821505223357	-19459.3295965878	79725.04890739542	-21680.957242255638	34141.32468443265	15625.000001676748	0.0018408044171089035
111103.82289879606	-15898.206405505123	408829.0325652906	-39036.335451182815	41096.27289526428	15625.000000117012	0.1535516943143973
7491.992121995398	-2746.6914889435375	60557.50484883309	-25952.194726484413	40974.454741637855	15625.000001417166	0.0935375322842111
39039.35926590873	-677.9916004921702	117874.43789636719	-12958.377208902064	30660.932029108662	15624.999995361271	0.7077891854541793
11571.817527621708	-32963.088477934114	83439.9691102638	-27527.826985000236	45507.06939062033	15624.99999856531	0.018803563776364756
7035.893376442953	-1269.256507831975	55379.911747754086	-13338.506141560618	34977.40071032243	15624.999986645998	0.04333337264033435
2848.8165988841356	-13318.548351952573	36900.251720668515	-14409.258463409496	22462.693046472967	15625.000005952199	0.08878685590954183
1707.0929375087271	-4889.509908076123	38426.010328524106	-5740.836920931642	27743.750155069458	15625.000003603083	0.02967474198669816
221104.1332177163	-50847.91071381366	896250.6903828569	-47339.168271360286	37359.04659387551	15624.99999618961	0.008809819552866473
56579.17103784857	-141893.9956996655	191213.92956099845	-86328.44130600942	38802.96287967515	15625.000000572792	0.2076376765546392
63700.14595860323	-24443.971255694883	167451.41370970025	-66044.45562441465	62476.49729558671	15625.000000839345	0.00944929663686673
450873.7377542927	-455030.71756919014	1.0091538004268997e6	-22306.830828165228	536764.4471467196	15624.999998568266	0.04470578806452106
12427.561499906673	-4036.4331036694985	64718.029571212974	-6645.725257277463	24612.13094347212	15624.99999946942	0.018529756259754778
477.17836378295806	-8942.459530300413	37821.65223003876	-15341.97991778137	27147.82823615663	15625.000002055212	0.03958029993768838
12302.251233449275	-22909.9822341378	57495.95115607884	-13936.78035094359	32435.201579072866	15624.99999948034	0.0662068566784278
2191.518915399134	-8205.93457807877	46473.58821748968	-8085.412366544668	24764.09112497307	15624.999997761846	0.014695715783214025
12694.850568475202	-21378.00705580949	88180.9579527555	-27825.280199341476	23992.300158206606	15625.000000451517	0.01649943606049548
3056.807553918224	-8602.054319049981	65143.278219079366	-6414.67585643885	46816.85630456652	15625.000004323025	0.05333807281132626
569987.1935180214	-641673.7318466055	957776.0561257936	-72171.90101075626	302051.89375851676	15624.999999855161	2.3083872038714586
63605.109695057195	-902.1242048981912	185345.14849698116	-17488.709803674243	34752.61740108229	15625.000000468055	0.9889268564311001
1984.4179142105281	-4415.1059491458955	41973.74326370655	-12670.913858948856	25733.61376377273	15625.000000996773	0.05169273928717775
43774.83820324952	-70671.92204932445	209694.24400526079	-77559.64360607407	87544.18753783086	15624.999997391322	0.0008043448800244007
11499.717517844512	-29965.110779760602	100935.16001868293	-23821.419964865323	21881.487607987365	15624.999997057988	0.0028017685446494467
181686.89886750374	-13542.878463452143	344311.0808923261	-66745.1487731072	70245.2530013157	15625.00000061588	0.2633773575221124
7678.169864695119	-2179.888684876789	49469.752017316874	-10673.706744987552	25427.353534287293	15625.000000366323	0.16440086889742245
9041.960596553788	-7415.276047368079	89761.3822241143	-54371.90167254758	75159.33204625729	15624.99999855863	0.008838058376031363
1216.9803748996364	-11164.409845159436	35522.66066854622	-12768.15551171363	23078.367430366852	15624.999999924734	0.12251800404804811
10348.939995763045	-25441.309580149384	53577.012754196156	-17395.86689736601	26372.762905535586	15625.000000724322	0.11766316317538157
9952.609694309067	-2594.073773849639	59551.403233463876	-8036.792466663173	23899.661965423264	15625.00001094048	0.07701567951567227
27789.78304333553	-7232.0307704108845	109040.69750072033	-12295.070347442794	54388.99750562859	15625.000000014858	0.0018839137111251883
53275.134885434585	-651.7354141973058	243509.48076901044	-15162.816149772021	42709.11134329776	15624.999994828599	0.21632820783306794
61632.230082582595	-190354.10180575194	240320.10157677162	-130952.02121332573	38023.07868984078	15625.000000834229	0.11114471429107346
1090.1177735752742	-9951.569578511699	33930.989819956325	-11924.672915050704	22281.431419202912	15625.000001091405	0.08644447110120647
43353.60337434421	-542.0477651317324	136435.4220005757	-16077.159744123488	33427.64789513168	15625.000000497424	1.2575670092114717
47359.31131256636	-3336.9287720372977	204409.82832170595	-100073.32589189551	129911.06781990007	15624.999999144073	0.035187591415469656
32657.82552842616	-882.1674647651704	188436.88876061552	-6645.08270700711	28286.067443797052	15624.9999997453	0.34333079858057897
14828.358095780419	-32015.904324821804	72147.35229592478	-18949.992373292924	38781.65078260128	15624.999998624799	0.26943058940312603
13204.415387939076	-2145.6411100772093	68603.05244679851	-24488.599352118166	38891.99260217905	15625.000001869375	0.3088321900890314
21184.80313586656	-37763.45207729429	88279.98672914703	-24229.528688907114	48952.81039788149	15625.00000085734	0.05914608637888454
14553.92026172167	-34384.07773647688	69914.89213482695	-21691.18496523327	32289.360470634314	15624.99999981184	0.09713253243870362
38724.74266142541	-46511.51133977925	132336.55250179267	-8907.078672367918	84042.75661340299	15624.999999961396	0.9291736712295812
1251.6815880748695	-2097.254746287489	43086.84265010438	-7337.008210210269	26007.304412111713	15625.000003635643	0.04102651948125456
9447.97820081703	-19164.37527234903	58586.37954095289	-12009.577569168625	25756.775835635886	15625.000001063643	0.010695722690423678
26659.952829206028	-51105.02138175425	108597.74433858955	-25314.754653273863	50864.18172487558	15624.99999958789	0.14296098558456916
46869.24224417807	-504.29763161227635	259415.24335068988	-7840.944127673851	34503.47743637033	15625.000010627264	0.3697351949297093
4937.783889073849	-3387.080678758677	48147.36232075328	-18981.148543276824	33278.7274689225	15624.999840062112	0.06288382997021269
20486.75951550994	-1936.4910966801767	74692.92679773888	-18325.998636801676	33024.83198182186	15625.000000644453	0.3605206593390046
17923.806916597016	-15298.481414705248	86058.08774699544	-24800.836915176784	26688.321101878304	15625.000003150519	0.02750022562337167
1507.7337708029663	-10223.465588873078	49224.78166784991	-10287.560451729154	30429.59626034156	15625.000001703735	0.02997018382092924
76711.61468469296	-16608.991204675796	273706.5139670177	-42185.56520478617	42788.7065380176	15625.000000213957	0.1271110779814411
17452.996350670204	-5985.961970291526	71324.17590493483	-9894.293765002276	26744.498592852928	15625.000001007524	0.011293780515215856
1586.0693568256256	-15443.376220603388	88532.81420856969	-20369.701291160734	36499.14445345116	15625.000001235381	0.003437318136976649
48072.41975868243	-1832.6278014297372	145286.05489072078	-61033.620294790846	83004.9087579588	15625.000000345362	0.12053733103206386
4233.611564835559	-23285.935906914412	53695.72269385664	-22295.037572036574	27468.467089887192	15625.000001323642	0.0507552367546183
68556.61443445191	-146158.56704638805	193038.3149841586	-90834.22595995734	44714.88975840341	15624.999953667633	0.054816622869564555
3108.693930741829	-4118.060444662108	70799.18842360975	-11647.976369717122	38274.40849460013	15625.00000053012	0.006797050730313259
60617.22162874189	-3243.137313845824	185815.00858434272	-15448.956890284178	31040.885109488416	15624.999996673228	0.22789958080386796
11384.477267062459	-86043.87091944528	137187.03500656903	-94815.00856556311	48729.75784353074	15624.999999085561	0.012571189802744588
24940.615995398515	-763.0737059658596	115954.3805535158	-6358.718473376019	27812.39694952259	15624.999997710838	0.21253326108911094
24640.562483826387	-33795.466304858615	87782.60915013848	-11088.192729323586	52545.91720339522	15624.999999792044	0.3582333406183723
33031.34776461012	-2945.2249635526096	136017.62384499554	-80263.51599541446	93646.18628271858	15625.000000995686	0.882406630849172
28728.356407413707	-51352.44324826403	235583.8245054248	-62417.67160643246	181114.713131996	15625.000002364504	0.019441336334229963
27797.699240251968	-82206.14847340697	112622.65123461769	-61158.86332592438	29610.264207256536	15625.000001423006	0.1790642959587031
5960.237106913246	-2390.2898150340093	72530.23967828261	-2628.768488251764	28289.83063680272	15624.999998509149	0.013753537048953431
6219.870294836146	-1125.1363827774185	52645.593650754075	-4132.895080587274	26901.516366357624	15624.999998885993	0.03745528609862901
575.6195612245938	-27464.024453800386	80058.7001437837	-59698.194156390324	48908.62129035109	15624.999999165193	0.010513874287537871
2386.999902680638	-3963.3041445197887	36742.60688837741	-10434.613198435945	24016.45891018375	15624.999997574749	0.052598216577521686
766.9903137220681	-2279.0953322941205	36682.89727958059	-6688.403131377127	24777.771628634335	15625.00000229977	0.043358270801400825
77738.31776788866	-131344.86906048714	183816.61892926204	-57882.22724220762	51440.40940605065	15624.999993793754	0.4750386225566641
6200.277506562765	-21858.1518991497	48059.06531050103	-21005.86280269164	23573.924879468046	15624.999995870166	0.02793996860960978
914992.1731409966	-1.043903279995715e6	1.3422640513099963e6	-159335.68055505748	297607.80730225315	15624.999998944491	1.268821853910867
48442.754558940855	-5896.9853191801985	124317.29905550444	-29671.694152133772	42758.18502007227	15625.000001357323	0.06272296101103902
87099.16259540475	-132584.0509140268	183668.52969773166	-46412.1095678994	46772.26393681654	15625.000003214642	0.614276686391137
2903.486937392249	-5559.603960171773	53034.77164165905	-15985.028360881744	40316.31290802727	15625.000000271932	0.007614559512884986
11390.951280848982	-69716.24314869405	101746.31420431647	-69342.36177375031	25399.453953889424	15625.000001334389	0.009903823408305791
24628.8534868242	-29413.29706915375	101163.97350369673	-20511.653781727626	67744.93955050292	15624.999998066749	0.014767473228756461
10239.073243438905	-98433.00298902212	124313.48453309684	-94381.41707263394	25186.489990910362	15624.99999815732	0.34824687974013746
23041.57714000253	-10816.695279209223	245986.41605050192	-27541.24030707583	49689.13615669543	15624.99999701837	0.008555839981224254
6338.514185120308	-3309.7208284090157	271348.40615754033	-40266.802335553446	179439.18923791347	15624.99999969796	0.0010466319133951183
6025.908855478785	-15520.560833309573	42019.9181605912	-12143.364663096685	25293.71571188067	15624.99999738827	0.12493759747927667
32824.46629256687	-5488.186944019709	145188.30692041563	-12951.662568982858	27046.827136806998	15624.999994723665	0.08158732677592069
73895.23038217225	-4631.634257481404	173133.93786460487	-54387.645931206556	78261.386695177	15625.000001503548	0.03448436067221488
449173.65073192865	-563993.5754274596	687742.8720925031	-132432.75636458196	122066.76403093617	15624.999997573832	0.44837522704634425
1956.1355209770918	-6936.795286458457	90943.22649777388	-21266.390034512195	48036.107402976144	15625.000001868699	0.004408752186858963
3356.0902001709474	-5190.965364879055	43690.85967548402	-6481.006200198488	25299.714793538915	15625.000000942657	0.011305794725728078
8001.21783831541	-132660.9986274062	164478.64755518246	-136709.2996354861	30453.521884343074	15625.0000003159	0.08539662991438866
3832.592535399448	-35732.75617613256	78820.6824772323	-54928.771160935496	39471.42004739534	15624.999999674235	0.004093398554794951
21491.341391192786	-646.1596101333071	117621.88369415805	-4416.0069217321125	22093.201933089284	15625.000000933045	1.0075014062065664
13584.327756718987	-4098.65331941571	87888.1195231903	-49585.68382517096	69976.83249616876	15624.999999525533	0.02800661437515521
28407.814649033593	-98135.6646068155	126128.58895361127	-71699.8998046316	23752.31037206854	15625.000000250151	0.21589606769019007
1758.0110585637285	-3651.8627123547876	34223.16455605527	-7253.403663697136	22515.426377321593	15625.000001079134	0.03780451855111941
6419.110887559903	-27857.70863137274	69390.13603905975	-26699.134813268138	32371.735936161363	15624.999999474432	0.010251626315279296
4119.031666790799	-1087.5611648569165	53049.73507310437	-3083.1058073669833	22012.745221794477	15625.000000889124	0.11581927404520638
237976.60868287412	-13349.233480148165	452763.577066127	-107218.94285302653	128523.33269529213	15624.999999847227	0.025117163330895618
11813.66226846086	-7678.461182752556	59784.779940768094	-24684.631880041987	36027.64664624934	15625.000000623268	0.014741022450914944
43560.340345911885	-11582.05500600973	241075.13760953263	-134594.88038832892	151205.3232915234	15624.999998349158	0.011680228699637423
10204.524664181423	-18178.062576875484	71371.37209647389	-9436.17021891514	51546.35506850677	15625.000001035245	0.33431639161313775
72611.17696899566	-15545.20646835472	182672.21147308103	-19044.365619184042	30033.556142377667	15624.999994132551	0.011394127700579995
5907.07497345614	-25963.029170865957	62434.355291081396	-27450.621856005535	25961.857043480224	15624.999998665291	0.006315507393522618
5002.620545450762	-2287.001696886023	51650.146476341266	-16509.219298836324	33526.188261442294	15625.000000229746	0.05298452884522809
34076.48363390005	-112106.28293831996	149452.44307205162	-84311.0765429179	35664.46840435511	15625.000003682217	0.12808903372190533
25857.61093231276	-50922.22086738836	97913.20711159596	-36077.365557389756	45767.51914015808	15624.999995326885	0.04899379941056265
4330.954697385517	-1830.112268877914	43254.933222085965	-6647.112071812041	25675.16557695417	15624.999998988817	0.038935529420995554
10443.25326270482	-28719.137236789295	60594.51122709864	-20558.1747516948	28790.66978666232	15624.999996344588	0.07275264122594634
22969.329642876342	-45762.71999454421	141850.8018206933	-46695.246107687766	23486.481365798638	15624.999998853149	0.003755323000207552
91361.72847294084	-116276.07896070853	206942.1966799078	-26258.54981224765	89807.89187042078	15625.000000472995	2.449985426625255
4019.6725880466392	-1005.6298632266967	75537.63654367218	-1372.1911121316095	25104.34354825644	15624.999994542915	0.06716463998384334
91229.26965393203	-2599.3626214113738	268148.3137689394	-22804.023395195338	42614.49445084784	15624.999999540334	0.16108444697977942
6591.231195010331	-18862.781909040958	70965.36169268246	-13814.855824277458	41298.22670395064	15624.999998422227	0.025412397336834727
2128.376291187298	-2785.225451049034	31691.52302961277	-6127.332434167607	24024.498119650038	15625.000001077995	0.03554305726177993
148649.73595119183	-203687.8195272507	264346.34580336465	-56142.628479978746	58396.20300126074	15625.000001115564	1.730399707216992
81930.01225972753	-2404.5942786205273	199945.67073219342	-36858.79393112057	52691.06704814779	15624.999999430946	0.362196409377971
99652.20278644256	-112049.66080999497	253112.92109030116	-13688.10765127388	139038.68016465893	15625.000001443417	1.4862961098533731
43440.56231820845	-8286.745455910503	143927.19550137897	-45191.755635393725	54139.00586328696	15625.000001612105	0.08967212290048925
6850.034636212378	-8702.189911065927	64693.31526788203	-29067.60094465413	44188.12606384088	15624.99999732152	0.006345744637619256
135232.95107056684	-323406.01569997426	378316.15860628744	-197881.33781168202	38982.41329638462	15624.999990615936	0.031428201004349225
6683.806857178766	-13310.197166089965	71917.51386272171	-9000.702437854401	55200.286737617906	15625.00000117706	0.09348507464985431
26547.70423120295	-30630.51629104327	269549.3505160503	-5879.540604499585	211842.1494320046	15625.000001348162	0.020023243367256544
9270.463528532768	-5005.106769720704	83765.32840470856	-49058.68476720252	61354.37204096446	15625.00000312517	0.0925829940710999
8475.748754681204	-7256.231328791839	71879.88813725114	-41949.25481953152	51033.716266947566	15624.999998175059	0.10546459691398252
24144.40639455359	-24941.746922754486	152490.99981804227	-18236.847402069558	21904.895151600023	15624.999998492232	0.0036109566876387543
7546.819643600342	-1879.0972825437566	78719.52380510847	-8456.28753508558	25809.246485738127	15625.000001029526	0.12649892235388732
21493.880647353708	-43169.99531747036	132410.5526757961	-47628.21173235473	87775.96867961566	15625.00000090483	0.024338013361366217
10002.963028523955	-12423.807293703703	86043.02474742221	-3763.6682295235923	70356.70737373097	15624.999998392184	0.2703278983421071
112168.50998944162	-224629.03563793798	355753.2222891448	-152549.60118538325	130109.2476838734	15624.999996676721	0.05730283278390839
50225.92662446544	-68074.88123425526	136765.69821441875	-20899.898447562467	67609.71472787033	15624.999999393469	0.49621024196647046
46456.3643802701	-30405.215416841267	239484.1678511058	-171978.14126676955	160554.38558294845	15625.000008548901	0.006985053359948206
11047.350050491565	-23882.356584160952	156531.83221107878	-94908.0602433075	106781.10342384492	15625.000004510279	0.001935413234631131
286488.20627219277	-9383.681748380652	575006.55959058	-142213.69272295356	156395.0589350692	15624.999993856123	0.09828414441469707
116959.87796739218	-5261.788261937438	244929.98081853244	-51431.15486768194	64369.09564624986	15624.999999763399	0.23292058591929135
85919.31845419807	-1813.9942861244967	264580.63573030604	-154166.2404145212	168484.26988702582	15624.999998991758	4.799419176877112
86892.7505685112	-681.2551814391863	225356.95527152793	-14804.052085222991	30948.69391146797	15625.000000963468	4.143293974492378
89334.6163221919	-2759.213978079555	181255.61450202856	-40587.32872546738	54448.806547771586	15625.000002614164	0.9072430737685
20249.317901810915	-13196.14562851758	94731.63406044248	-40555.19831643864	47971.57738929439	15625.000001219887	0.008247218964597167
6902.6128686034735	-7868.035662756709	81806.24019519555	-38139.40948665311	52484.35852992779	15624.999999562904	0.010822367328416533
14633.524413824249	-46537.04365284565	74726.63225109706	-37077.68180307104	24866.379765291596	15624.999999816951	0.03749123492551155
31618.744136568585	-1067.6002368242662	143182.3416695178	-10633.153347160303	38759.57840311673	15625.00000111504	0.05864541750612382
24343.969264121486	-10497.513659739445	108228.9038919923	-15086.134646843191	30586.267376505813	15625.000000072105	0.007059261133941347
30274.335005105473	-8887.84324411914	145021.04463633616	-84531.40247884486	107628.73632131238	15624.999999735213	0.00991931468461979
31997.997463426917	-83404.88554960936	146677.15173211857	-56122.812111244806	28192.507366212027	15625.000001753506	0.007943290046184666
23733.761074063426	-34442.021309152246	97091.4047151655	-23764.246789581317	31269.166964446427	15625.000003930647	0.00161893510828749
3694.6289050891064	-2830.2867420931534	39578.28803219693	-15951.211752734438	30013.478363711154	15624.999996774248	0.11905356916359151
23831.905414409248	-932.5372437187435	96573.51196856669	-10358.835598903068	28292.68157023951	15625.000000110478	0.3288357115639359
28465.4943268424	-2719.664879781125	168570.62101451593	-120267.22257722751	135040.24306817143	15625.00000100555	0.5996255944782285
38049.275240185045	-55337.0725219326	144559.5270247414	-18074.934523842792	83082.74544878223	15624.999998111056	0.2594523708996311
93027.90823376531	-153394.6557268447	247241.66539452292	-72642.94810430249	92356.60048322772	15625.00000016241	0.12837771851992963
21571.1516621559	-58710.182527151184	93885.16708092799	-38681.73481585827	32666.43147866206	15624.999999711377	0.2345674822537245
25340.07628580302	-8585.305171031461	140905.09794068884	-20689.45163090728	30105.978342260758	15625.00000146395	0.08129173085623054
397206.5283797332	-12797.157450039382	681005.1632514525	-199294.7153815548	203756.47218713467	15625.000001194168	0.5219582006093691
24383.653211640893	-4647.923573090252	108916.45161930122	-21863.513462279894	38209.29239749303	15624.999997425068	0.03459272064903545
3912.6937824123906	-13903.914965670905	37327.38494261349	-11946.194154678557	22140.062238830815	15625.000000123922	0.16409178821537088
9048.677400592103	-28179.47246145978	55167.281929491786	-20444.165118020115	26072.788879483414	15625.000003920402	0.46075170249001685
1913.4285184421515	-17897.91877755641	141347.58738270093	-18739.43060188219	46183.791282155245	15625.000000995657	0.002053366362898085
31319.808092609906	-858.5497824580339	141163.59885873826	-7657.714856249238	24535.972134247866	15624.999998752699	1.1441137710403209
4304.109477446807	-13438.113031944955	56231.0769923047	-25782.493859435508	29895.524126935994	15624.99999972419	0.01319402914586503
35179.01725350751	-142483.63168344798	217807.96772110485	-113362.32197284291	51125.918005314714	15624.999999479289	0.012496664650436461
708.5844396849216	-6428.121322546433	45588.74754510464	-9145.831404126257	28950.403857433605	15624.99999891015	0.014983811867657121
10664.6734847715	-19583.930438743933	60128.303242669375	-10009.640190008926	38492.40116495051	15624.999997403651	0.257563536646266
7962.962053657291	-3136.5022446109506	47918.759050821274	-8207.371863505585	23746.36635929266	15625.00000220813	0.042970003927383475
9606.795621516074	-10279.159971797722	109221.64401407985	-3572.8493295398175	88079.82505736462	15624.999999793341	0.026283498507477594
50899.86216037895	-1698.6338693873895	124565.52408604565	-24485.985678821016	39291.52650330943	15624.999999954793	0.9937697721806855
103153.63793164332	-933.7890801344913	316102.35269681795	-28047.385744178413	58326.092430170596	15624.99999944606	0.1672272925731232
5248.600235117177	-10623.679048601072	72013.69717318186	-24919.7879096439	58653.8892641479	15624.999999677733	0.0101647045545962
14240.690965428632	-64189.365609230765	93290.24923718348	-52014.44787345425	26448.018386067706	15624.999995374237	0.19957580308950224
1718.5233075918259	-17561.91286141396	67875.12033056241	-36784.18424929329	38611.10669666537	15624.99999860466	0.006597476481116404
1360.8180330714406	-3668.4256140195675	42766.314163565214	-7785.088264795368	22903.329160325164	15624.99999880979	0.041633293049154904
3555.406363987109	-2659.8589492982464	34978.567342907656	-9949.549166930356	25901.762513694674	15625.00000067387	0.048300968102743834
104720.95091751764	-464.8140783636609	284220.9355791341	-19324.349558868693	38897.0327903708	15625.000000588194	1.682698063896288
321580.46239830914	-14005.785453408374	685973.3076504424	-325085.9354486068	329142.49535730307	15624.9999965092	0.2458820741476473
1550.262100399399	-9028.155333641596	42309.837835426646	-9614.920340527955	26126.40028313431	15625.000004749745	0.027345634936354248
20203.385827842198	-3036.1177646974957	91436.40745902344	-7578.41911924837	23003.764870683903	15625.000001396487	0.12687072622549816
11981.042319451528	-2244.526454070139	55230.931307682346	-15326.57946759244	30933.84578169055	15625.000000497399	0.09511312111109375
39171.90308219171	-8701.163690641493	154021.66955341352	-30848.72820283874	38903.98020352426	15624.999994171696	0.15935486495914236
17654.740655457354	-3186.863111608931	113888.88421251281	-56750.26013916583	88197.20597616311	15625.000001087887	0.020440460334707082
11523.998438964147	-2987.2702806452453	99747.18750123975	-64900.31144221001	81826.77376849054	15625.000000942859	0.10902955109472992
7569.443530252264	-6897.574519708335	56232.212202329196	-19802.699318737392	30730.93434016069	15624.999999884909	0.0262867308810038
8894.053311552154	-20937.221652035718	53125.7271279851	-18806.562322833342	25882.311513959663	15625.000003935653	0.008679776818789403
13529.645127010182	-10812.17661183828	204693.2726838435	-4271.5566911800215	168212.15815894713	15624.99999937083	0.003965180515606488
1785.8565965510352	-5214.845890834238	32999.93647879409	-8141.258685924076	23476.62998659612	15624.99999266892	0.02968397872587162
6998.158718473394	-2661.663003071342	57516.27148253017	-28437.46388344832	44660.10230482771	15624.999999361084	0.07145460714658554
21299.666093744105	-1936.300672009238	81221.64441836905	-18086.919306014956	36022.40191058291	15624.999999682826	0.08097554943069302
15826.170149201569	-33699.75683160831	66020.69098485465	-19432.051701732067	31389.562806621143	15625.00000186725	0.42552910388834625
5532.582934672243	-30046.01568481041	57692.40557098961	-27004.557723794227	25552.52551016907	15625.000000423512	0.11080194731027868
9396.792628335721	-9623.013611604707	62982.111692955186	-21329.608878158226	30869.269960087797	15625.0000000442	0.011924664378176873
44337.221561795304	-671.3779746862447	237184.91069277603	-7196.882708747645	26966.783460576706	15625.000001619479	1.0051644841760794
484.55853061199196	-2899.288279769144	39467.914215103985	-9028.018053465643	28422.846614007154	15624.999999139494	0.026258740969653874
4594.023239275011	-6644.571924826072	46441.42989089177	-7279.069437532806	28913.903109117935	15625.000000403259	0.007930292374316496
189261.62053386433	-2036.5739460636614	329426.96666139725	-48375.54381118165	62661.951467654944	15624.99999987056	3.9218463519905957
5675.275774892449	-9248.701086980116	40917.664461208915	-9769.594566061744	27268.153298201913	15625.000002446002	0.013341994499473365
4583.90391772787	-2669.0170725512753	43804.64257888532	-13643.376715180359	34209.72120847013	15624.999999401989	0.01977919334610885
254529.9242293567	-323942.68653239915	454414.26949484926	-83215.20920127461	102024.7709865924	15624.999996225612	0.01756105569149885
4888.96222055699	-7232.0167651323645	126675.38168070486	-2986.9359800303387	112344.54504475626	15624.999999033234	0.3407393729170349
11491.341724047175	-2693.5623163376586	62338.700965896016	-20832.18511255883	38413.42555341666	15625.000009185867	0.03982218742306012
3269.0745537196944	-2200.6203669463493	46837.91748456271	-14734.067753678344	32861.279101540465	15624.999999459764	0.041198819225439595
25850.74887045279	-50776.95543947235	95167.79301161785	-29059.935054988993	42243.557953640106	15624.99999909505	0.08970994777133925
11719.752206637131	-33614.73731163693	63595.04407573998	-25552.900343400936	29090.38117020487	15625.000002997396	0.16522968992230355
12958.974660238964	-9450.864488743091	73231.87089460187	-29212.343628759514	46240.136956896364	15624.999998709744	0.004521379632321533
97570.78250627709	-199808.57230128092	248598.6330644386	-113056.19441141188	30686.15082253931	15624.99999989845	0.015578498974711544
69187.73062581557	-3934.053854181745	171659.14442122303	-36268.099348839256	48686.479961265664	15624.99999868789	0.686885751347291
12566.794956714257	-30077.4597514396	74618.28149210321	-22364.357994514226	38484.233599695704	15625.00000113617	0.017384636635468253
8061.017766921141	-19660.16105457442	51656.59790232591	-12807.998265571892	30511.340465586167	15624.999992561527	0.2710090566146999
112475.3986122352	-147495.09647842203	244864.6709327906	-40176.811829292325	96599.96663527167	15625.000000016164	0.8240714435352962
10561.904299789108	-1865.9493497798976	92850.1546599972	-9435.393332746055	27180.991599871108	15625.000005827897	0.13463795437828296
5752.09733911476	-16098.370671185148	46135.73308625151	-19930.658678590073	26413.54581021684	15624.999999287758	0.009870338707970572
24014.063001046146	-20272.588552088222	110422.72979237814	-9146.39433591321	73373.55000925204	15624.999988818658	0.0026223605976817784
42944.99275858822	-8334.759906921368	177722.43743532302	-56347.104826618044	112184.12210543989	15624.999998856469	0.00335939482990895
5659.638910736521	-3586.61557859642	68469.36229588129	-16815.81652022544	35896.52442455666	15624.999998727406	0.019285482369548048
11204.36737706928	-17431.460277046863	82031.26050546697	-43723.127642493164	48209.25987739838	15624.999998645522	0.0035914956119580694
62994.41106519874	-18565.43680810616	247181.33493309148	-130709.82799358014	152459.61762899195	15625.000000326185	0.004547849540525266
449050.524622655	-515274.6327538071	640135.6278638048	-67110.01056035818	123097.94247007363	15624.9999999922	9.23393847457456
18286.558991096907	-54022.320526287454	89140.85790769676	-36858.59266891466	30628.561515457437	15625.000000921267	0.1711776054847027
72727.80238526565	-920.2064695733916	182865.82775878126	-35460.672209928605	55925.995474683776	15625.000001016771	0.3595913418016616
9183.720046399965	-24697.965814879393	57412.144280452194	-17767.274813390548	28861.205935781854	15625.000001538407	0.053865116914130935
5993.8805185535875	-7048.800996047659	48369.90184862921	-4477.028894534706	28152.634162137023	15625.00000014863	0.007385721043775256
21998.477614872118	-26947.965740840336	100741.78431293211	-7341.325208175911	70450.28234543237	15624.999999176858	0.14975790688317503
4152.708947814707	-8233.674140775713	56528.24634226471	-8339.922064837647	40553.53000487642	15625.00000011181	0.013254798177888811
144431.78728342615	-234411.527038079	283368.20131451543	-91449.9467826013	48227.40752035161	15624.999995946884	4.008929482389836
37756.76326527221	-1184.900769975853	144830.87600588464	-36218.27747823742	62187.55502473386	15624.999999804988	0.07498179849181955
25097.72573610426	-862.6832400232724	87440.344340502	-30367.274669635448	45809.19712707652	15624.999999354215	1.5575821359492485
17315.824695797317	-2084.1585107382643	81272.98356040065	-9113.582210420016	27762.81618243974	15624.99999902707	0.06496823909980733
16198.52237203846	-51220.454421667746	81432.1350837068	-37047.84739308934	28760.92271506523	15624.999998728072	0.2785001961444315
3574.172610882816	-5207.9562402094325	48531.750173278386	-6833.113043908515	24763.532043325384	15625.00000000246	0.011370344433120003
6584.181331913254	-36603.719035704045	61944.98266996449	-32896.31678274769	24635.70231759935	15625.000000663556	0.32659675798873733
3612.9753753950936	-13077.948606208432	39950.13134004595	-13443.299592271913	25203.547686494887	15624.999882903416	0.05799077652400938
12510.622880600065	-1190.7607834534683	104363.23914621831	-11056.394031810722	48692.40807847763	15624.999998777193	0.012404501685947651
69332.39474895087	-96487.59666927673	170343.9463211587	-28427.085500061978	72001.24575012784	15625.000000289598	0.8531064741808462
4670.144352092197	-5203.21549826282	51858.66396159645	-11262.372539359334	26154.040011742676	15624.999999881798	0.018551861172728744
20815.368077755717	-12348.782283594524	175803.38466990984	-12506.609797372304	27067.983179055915	15625.000001124517	0.011475259502478179
43173.33950967917	-106027.9800129498	165634.51822785076	-64063.305916992715	41278.02792290413	15624.999998904847	0.0699631336977049
23888.618489026878	-66455.25582512075	107515.48865596188	-51637.85471565114	40022.21779779427	15624.999999836513	0.077022223882403
51263.457197050186	-113886.07257258202	242875.3529777245	-63703.69093320277	86533.63591339129	15625.00000346062	0.02709699607399506
20026.6690705293	-5696.364492836903	107930.50340366618	-23491.641419919284	76885.39679515033	15624.999998509216	0.002160514254307364
26998.8471969135	-53645.97861275048	94617.98394671084	-30750.701754804464	39878.50609187217	15624.999998641739	0.1831208673976283
12742.65581808416	-117329.36079808616	141403.99867223587	-108310.8664268956	22727.743292186176	15625.000007993076	0.44992233468416276
6932.971850224771	-782.575170697266	87661.0232066589	-1857.8226252742606	22022.920785856375	15625.000003219597	0.258579051395894
20071.933912428554	-2320.8461561847457	74971.12007975804	-13397.336072295904	29884.4006664419	15624.999999834039	0.08887677123526828
100178.31213959053	-110989.57508418491	450397.93133922934	-80290.34346034087	336138.99967460154	15624.999995662758	0.04087098500001057
14412.471598490607	-930.356567223705	71620.91888566315	-17181.548624664778	34010.09399792366	15625.000008761883	0.31857141926414995
582546.2077474832	-817.0175136033713	878633.7487123634	-123667.98361274334	159181.96264723098	15624.999998932315	1.0332584901163633
4320.337666389394	-12644.330776017308	37852.70110312136	-10058.719050459858	23553.402792641296	15624.999999400432	0.13956376247691957
3450.901538620391	-5079.711247997824	37861.22917516598	-10720.071707111463	27797.027807051527	15625.000003578876	0.015383139620244997
14508.06223149953	-31410.45672112264	74229.77593174062	-17809.412059736314	36690.52148494701	15624.999998540938	0.09857502431743054
6061.50401985317	-10742.9743134307	56496.5708403923	-31063.48457548154	37006.75311187314	15625.000001169154	0.027921444270521255
77124.58263145557	-5076.920906290949	187956.37721314054	-15874.656247992156	37101.586418164836	15625.00000055927	0.03478294572351749
6446.417938794708	-27155.632866540283	79777.78394652344	-31696.76778309152	25118.03913838975	15625.000004484435	0.004433733412663879
112822.39852790989	-191814.75115464814	369956.58611383336	-139213.25833842554	165779.62769452343	15624.999998580257	0.003858610589934799
8848.046580333506	-12164.330656919672	64742.28870220325	-4092.86309107079	48567.30901177821	15625.000000662281	0.21405060984758328
38451.52199979406	-46418.891431373544	220375.26821161993	-15177.161992398986	171393.77250026027	15625.000003468376	0.19138220140177928
6929.078415110005	-12130.94838907048	51426.44111964911	-6556.423034288724	34539.48316113508	15624.999999916083	0.06584519919781882
59023.57661927177	-1311.513380312099	169779.74239833278	-80842.30952114468	96571.30183945355	15625.000002905537	1.2748403492927167
10633.53407823954	-12286.709890156202	70842.31753514637	-5563.268647947414	55179.07979181086	15625.000001349463	0.06120735631602138
3098.9859664526616	-6608.883658267814	36882.31346248902	-6499.471099765848	23215.791298944518	15625.000000809801	0.02014118632708315
8592.305423433489	-13450.565105203117	58433.300508651184	-5730.464903707823	37152.858261231915	15624.999997555453	0.0559508377706045
17616.41796351195	-51578.2328557329	81437.95671855984	-35332.256781232485	23308.661449590407	15625.00000188395	0.10034811626462062
20836.151692310435	-32573.132307792548	73003.42837227118	-18783.471143499308	35565.234258998535	15624.999999961461	0.014996986120834326
187776.71567262782	-6995.074101090578	351321.8929884598	-28076.7183741708	48857.4713137481	15624.999998608218	0.05906998597801474
3637.553930420021	-1794.2669033069396	42186.20191718597	-7034.661885393485	25576.851226117942	15625.000001515858	0.04564118725656807
5967.340774120514	-1494.830932616085	41379.76094692183	-9147.948950428445	25066.794904867824	15625.000000950342	0.15278660782033357
5618.920373592991	-18862.538651218703	48434.46665665571	-22232.329503755755	28182.168334336253	15624.999999641353	0.025324232586140753
13966.773112542212	-19729.48244367317	105420.54619815407	-11620.629040352826	83482.25474894539	15624.999997856994	0.11047538217934406
65425.263211132005	-95276.8367597141	282832.26370079565	-116574.55963695186	45002.00363242056	15624.999999815953	0.0029658569474911153
6303.035399036563	-6195.0907372023285	49152.391839987766	-11492.09730148935	33554.435655855974	15624.999999626694	0.005940917557338336
42115.969726455834	-60510.05668539251	198487.0642181998	-48787.73933367665	132448.39631512034	15624.9999982242	0.01146606445322714
10236.80338175509	-109166.97814345031	133382.32820763934	-103801.35669196444	23619.963914166103	15624.999997420891	0.6594867471059825
92251.67773055614	-123559.87411249305	185274.4931227941	-33146.83729860206	60778.7260573142	15624.999998818408	1.5357915488404341
14426.324450548782	-47318.212945410785	73474.84281321868	-35508.38728953824	22833.297982687087	15625.000000194326	0.09140132005598887
39221.00417679874	-46170.42224674439	170785.33234565286	-7935.724088114017	122520.89361489238	15624.999995365979	1.2845896256112195
3014.2779730293114	-10353.131822257483	40833.35351814379	-17078.317581654424	25656.55238039886	15625.000000704904	0.01419028935701879
32891.24726639374	-5630.207793482754	104013.51576121897	-24790.43818409156	35730.16159631344	15625.00000382142	0.186343161350086
65339.37776378449	-8525.287546211812	171605.70391768683	-69385.53405084647	77414.49689394422	15625.000004141824	0.2063208231963312
23223.728977827574	-89654.23033525921	128441.14168650283	-68398.35953929927	21077.63390881369	15624.999996904677	0.05247904103116273
15916.049978541792	-1533.6145797247382	64407.84168912005	-18171.987914566766	34673.06052748812	15624.999993341975	0.15634511163964757
52908.01879418024	-34415.42757207978	220024.64553419128	-109845.4785343539	91760.49305300007	15625.000003521942	0.043328061226183934
36665.66835875521	-91443.54596812185	130315.5998277486	-57838.8302574929	34859.16078471441	15625.000000812033	0.10732891436427874
9376.235023122463	-915.2572422911644	50829.79814057822	-9442.47033507499	26443.904458918783	15624.999999397105	0.22328783838599991
26687.661556798957	-8171.1936313623155	238055.39343770497	-163063.35854557552	205633.46079756145	15625.000000773434	0.011534003282650031
5124.550419058338	-17817.559718527897	48589.517571154196	-17153.300887080535	25112.431540418373	15625.000000501284	0.015898911331236144
17556.835762832685	-3462.821260859215	119280.76230895778	-82410.54069619083	96434.69771106305	15624.999995334598	0.2831795287422055
2403.444208028959	-22875.014112411925	128674.89581638388	-91144.57501771371	92725.1476464381	15625.000005157664	0.0033029112892005233
89333.31941848435	-56990.13180100155	334777.76155472826	-118233.07890872355	78131.24402042944	15625.000001361477	0.03636343612117786
95782.2955333858	-115716.5736915022	209724.95481409482	-21733.243345283387	92036.2155298476	15624.999999627838	0.8402918518607732
70922.79129641288	-106649.8705560636	159154.37115997763	-36634.24456357502	51465.75868723066	15625.00000100545	2.136905933272322
1013.4406875683444	-3570.186197387189	35596.56931080736	-11833.771389364249	27765.464763346255	15624.99999941608	0.036647961530378
9306.54487150651	-131150.93384179543	197490.61788738682	-169316.87443326274	65449.21401840006	15624.999938947265	0.00603116936054904
65887.29219689369	-88178.72254160332	155227.9951581507	-47896.150694197815	54402.95704302522	15624.99999793619	0.004147170600583387
5196.901534315981	-14358.08381621069	45109.976959553846	-13741.129428055987	27878.381532973723	15624.999998837424	0.028709012888069277
634894.7349522511	-667493.1088447091	959927.0916830334	-47225.308290657034	275111.985785852	15624.999997895695	0.07697429909210177
23126.562077844865	-25689.678925440996	100190.54703451751	-9586.906975759077	70008.14761356055	15625.000002513363	0.03434791531414849
7228.872431083597	-22705.602510883473	52412.750285768416	-21026.872550237138	28436.172310230206	15625.000001225038	0.056556741930873226
12338.116184143528	-25241.66661339062	63382.32403177673	-19968.635706588575	23214.306416578173	15624.99999860305	0.004067477983098143
5010.3051684263355	-1329.4024264259858	43068.3740355254	-4610.490432133287	24310.676803877723	15624.999996911545	0.050322108350881835
27372.328169871354	-2175.3275869064564	134145.91010891274	-79255.37000278546	94531.07595196972	15625.0000013104	0.4331949337272917
72908.21983813187	-203415.15600660702	244522.33553938288	-140285.5892420801	39724.14813160889	15624.999999118801	0.16281304683718154
61012.38749867967	-4010.1142728753966	286634.571426606	-200333.89994087926	217906.710298462	15624.999999769274	0.20512050837681114
22254.68280389104	-53708.787093604915	128534.131111263	-71289.23572409383	73337.86860103847	15624.99999778971	0.00646749936388389
3656.035333633128	-2214.1006112165924	37187.02744467344	-11565.24801874849	27300.348256680285	15625.00000315607	0.07764795763791184
4630.787759187257	-13207.394569813776	46486.672286764835	-12242.066418991042	25213.506972716717	15624.999999748561	0.012960444382679076
13978.777923743362	-50279.41939621824	79949.5209754935	-43963.89676359532	25489.131797625574	15625.000001240993	0.018753724982762163
100794.66472289615	-249331.3445937211	279598.8408063907	-151562.8613820243	26250.280221597153	15625.000001477223	0.3754786781795399
6921.612986077558	-876.6983398291068	75941.06710453781	-5971.898436170528	24874.577657614784	15625.0000010961	0.22888671854829182
838703.1822426241	-7140.410970899222	1.202607563449366e6	-254994.4759979843	264064.32739770156	15624.999999920132	6.278136378738057
25944.62378301486	-43255.77444514416	153154.89938723182	-23193.278549581897	96006.25953667396	15624.999995329541	0.011609139121731985
26200.954922972804	-141083.07254378274	169004.32248242456	-121309.4865833199	26285.425416111546	15624.999999956246	0.18922429820279293
51499.49692595303	-6508.827286544911	148868.57900922932	-29814.189134601012	39757.01738687849	15624.999999063075	0.29991978441848355
69489.39607550674	-15353.395572333786	176492.12176849344	-60917.79412964075	62294.30149111377	15625.000001565422	0.09241165106113632
8190.595161482355	-6862.782434228473	83672.25244315338	-35514.35180672336	70861.72741621992	15625.00000115882	0.00450136858863818
28081.99193104246	-84999.65854132111	118094.59585530555	-59881.8977939366	29728.151444203882	15624.9999997931	0.1283055756055669
11258.341838604667	-991.4731841136645	93183.83849345065	-13903.536314950272	39804.1694069204	15624.999999750851	0.048428619289983925
82368.87018387066	-997.1151360594667	232811.97265214473	-100990.78810568992	130133.91568277963	15624.999869516585	0.22376710437599562
1.856466827977356e6	-2.098184222498046e6	2.258821686414363e6	-242892.0919228112	159825.96822648705	15625.000000881091	69.62416835160404
12507.27275321398	-47964.79871912378	75788.73447037133	-37157.873941951024	25711.697291319702	15624.999999772346	0.23182647597624031
13213.693076017442	-2414.4558935689565	104193.27163648303	-59648.97282850617	80930.20044637637	15624.999998856118	0.06363645596917462
82647.28877368676	-121793.88705983854	189118.332571655	-46634.34202126291	66616.019998109	15625.000000717268	0.4137305045575113
834.0902865101243	-21190.453745849478	79022.27620112649	-37572.02498650304	50152.530679441326	15624.999999101887	0.004480206626461774
14103.795135544195	-904.5676832719873	62158.70107624965	-14968.729751199315	32977.31020268774	15624.99999940118	0.17963732953309752
4068.7237891257755	-15614.117086146893	49912.189475742285	-15800.883521682408	24648.020242346596	15624.999999907712	0.010456876506613205
81667.76930359815	-599292.1550660334	636496.9832914525	-527805.0994101779	30184.580309122335	15624.999816982541	0.10870624598970953
1944.0727744699325	-17622.004882147663	42520.432329443254	-19969.259990961247	23380.90083780577	15625.000001486056	0.06892628892602658
38168.71042716864	-62123.60433592764	119128.39621465083	-26041.65019159444	55278.46878285671	15625.000001660155	0.3255799383322134
121535.20348322554	-3442.3125755596247	238600.0078524677	-66103.71860006195	79310.13528505852	15625.000002982735	0.9632283035550974
1212.6039954810676	-11620.279728159294	53162.398823429176	-16719.496708854746	35716.3594620256	15625.000003414585	0.01300382409599474
24306.526797450795	-60750.18184785695	104096.99229265336	-38234.08286020065	38219.525477750896	15625.000001396413	0.09725823684953123
99485.64091128341	-166589.43014261874	234607.59889746076	-70989.28786079078	55931.03284002797	15625.000000807955	0.05747737829788313
18668.797938570962	-31180.243688486604	73469.8928831194	-17090.57685329119	41267.78506638127	15625.000003337453	0.14015660091747698
43798.706571551746	-706.3625572813271	119852.42743150359	-19651.84205952317	36309.488660773495	15624.999999524405	1.0941137142294082
1217.417696165644	-4185.940797103845	50394.993420182116	-22946.19921454265	40555.33028785357	15625.000001913562	0.020498964306882098
4284.8178766441415	-14360.52406975759	148340.60825816338	-28866.701783348028	116660.25918153103	15625.000001619599	0.00312133296031244
7027.286873378092	-7055.63171761456	64683.67309411708	-33862.217655956745	44348.30257733539	15625.000002471847	0.03520564006381229
8732.088692337598	-4117.4946800058715	49222.60077198861	-10527.816642410025	24070.9702346818	15625.00000131489	0.04981264612683002
20387.44993009745	-29550.55907389747	214190.5183586391	-48169.3202063692	179959.12810697174	15625.0000035431	0.014370776163295781
2449.1166277293523	-8062.3958048856	36338.745895890985	-9727.57759613471	25879.826431956608	15624.99999773549	0.04088198273017251
4626.729459138587	-5636.970861822367	43512.353279177565	-18014.15619185008	30648.963033927605	15624.999989083153	0.025018003620844338
3653.17865223033	-23266.554923820775	61948.84667862533	-35573.458387097344	35162.37732929876	15625.000115256757	0.006596821263815562
59420.42889363261	-2242.350096090358	152254.95085948132	-20961.891259844066	36187.33071557796	15625.00000106953	0.4491656179227992
34442.62389095462	-2507.7159508858326	124046.19529696026	-22484.542938085604	37651.76531895499	15625.000000576769	0.23717282689344496
4357.866894780702	-2873.073012539666	47716.59568727067	-19476.728829156757	35000.27806930019	15625.00000038775	0.057876102092543485
241585.29180544196	-258082.90862403216	530666.3504244562	-33778.32090999685	269938.7584788876	15625.000000568245	0.22380861761441423
38270.56669163059	-23496.933407393168	251841.5995028701	-176295.11493822257	181079.9763948823	15624.99999323301	0.0047144489206294065
12159.922916328294	-42732.11664690418	67285.68836490836	-32733.744901835704	21870.59557639117	15624.999998172289	0.13171882283646716
26270.761005950983	-689.5927538728874	114585.56814457838	-15731.25934267502	36303.21349717042	15624.999998002972	0.2458501748513105
9344.967461861728	-981.1599986530291	161458.23876244633	-2018.2001368224385	32754.84647050187	15625.000001270691	0.06241913456984071
7069.874512952578	-6347.030146693371	64533.290756576534	-34807.09958005838	48872.88072246214	15624.999999733582	0.017518104256489468
15829.367944395177	-8277.425908763082	71381.02212589119	-9187.041380276782	28402.677814182673	15625.000000896265	0.0041137628119996324
12354.335611330132	-34157.25466113814	61297.2467552079	-22973.676094598588	25872.282371497415	15624.999999322714	0.41988997366458747
2524.45942165419	-2199.461315986042	36631.17804584671	-7688.946576770266	23024.999214201947	15624.999998393349	0.09900399336145477
727212.3400710993	-892026.9531219574	1.0726761560538425e6	-178735.74490387665	180156.59413691284	15624.99999730676	3.23406829444139
24174.541599045435	-42337.95310097687	123971.54486157018	-20109.988954265515	67892.09387517563	15625.000001020151	0.02616595582268662
18991.20837637448	-1744.169682620537	70974.33359973041	-18706.958883594045	34115.29326797645	15625.00000082535	0.245328083029889
18142.879563112627	-43538.26882564694	94137.24004286906	-54822.656193436065	39447.61502759071	15624.999998901385	0.0011749742856304183
13169.801581082751	-27836.430565908908	58183.05580985037	-16693.830226884416	29504.393556263636	15624.999998906242	0.313107468150686
123063.98885742668	-9386.748516346819	737817.6271540308	-23810.47787394934	42273.92329548136	15625.000001688004	0.0643315064351877
5717.047392613931	-4291.6632318477095	79688.38603255956	-8956.64810161943	31572.36686278414	15625.000005294452	0.010666466873395213
18672.039318289877	-1168.6338885383136	94776.11865929008	-7983.916815941277	26496.83479440183	15625.000007654104	0.20711252860516682
34582.50488442576	-48221.12054894011	119783.40253679205	-14989.425894314989	68799.27582607279	15624.999999550775	0.3421153324709084
12034.265519315919	-75296.5032096672	101114.64111284805	-65954.74988156074	22840.788632980002	15625.00000006271	0.17754083912026003
1355.8123002480188	-11428.347583618059	41265.30982666687	-14892.654208946806	27084.596551919225	15625.00000193881	0.03287557735481472
257250.02396390107	-275437.02060115745	553835.0122888422	-18656.35572955028	275526.1763978485	15625.000000378423	6.615870916106748
7383.873189121165	-6893.969314090355	50544.81242794404	-10176.551348781824	21085.271213398548	15625.000001330714	0.029338710573247412
170961.16854236723	-8189.504483434219	326657.45681905106	-95547.01965452408	106062.3230181666	15625.000000263884	0.18203908755297907
57378.26318685629	-40114.88763585829	286760.3337675403	-132313.16449016763	202738.94570892636	15625.000003139663	0.000851573327981025
34618.15583884878	-113877.92336371171	188175.59131289797	-83173.02146333936	27387.692115121215	15624.999998231906	0.011232973707178717
6142.844335033201	-39378.44007659159	63307.50182600935	-35605.4052390409	23074.40794077881	15624.999999802048	0.3758084419185104
35851.998463931726	-11459.696472112815	282416.19360894733	-208900.1610046283	226214.7700080499	15625.000000328442	0.018156086058175726
16989.905767596938	-22345.94927330775	133082.15427571154	-6244.84547700481	79935.0394758204	15625.000001001747	0.010429644214981342
22929.91349762179	-128305.38653140223	170297.0012978015	-108387.02672276314	21896.217940496368	15624.999998792202	0.044861229192500095
65690.6246195505	-2283.605212930772	322182.431876436	-47586.98907458357	112327.83193544814	15625.00000231529	0.009863573920547247
4873.645842053768	-2810.510329455759	60065.9110069147	-7885.2858907574055	47144.02032573069	15624.999998226442	0.006277119678683279
5743.31700676951	-2046.4134845463705	57627.95702900441	-4164.186731278547	21276.345002390957	15624.999999590847	0.08816881305266612
13154.455340045368	-1656.0831707994637	61156.640335399905	-12538.734340763793	28706.969364887686	15625.0000001218	0.14917866648424946
3572.5974606518057	-2821.773714134469	38697.05382929396	-10463.704740330148	25099.63077189635	15624.999998630956	0.07633480246945581
50325.12314897681	-61697.11312281167	152327.79073825505	-12412.43185897128	89387.92963930868	15625.000000761149	1.643257383349594
3111.9396225266246	-16494.75300206233	111659.52690407174	-41644.78613840709	66801.24689663117	15625.000001391447	0.0020422474691594345
32711.652309181492	-1736.1052567858314	125437.58537698464	-65418.36630567281	84733.41662827058	15624.999999011698	0.18934370096857628
3329.315053751372	-3328.1976403630897	34633.60488780972	-9228.168547427325	23414.6916636416	15624.999987327727	0.0600303256738497
9539.788084150605	-990.5564839373146	53462.84710034856	-8548.764309147184	26343.03196533554	15625.000005645765	0.14998793021914797
167510.3400455849	-304129.3671990185	383317.0049055907	-140608.4189596671	57825.5325420844	15624.999999491072	0.06110717377081625
25479.02604829544	-13937.00355776952	137074.15652864045	-90215.1165162986	93697.68676961973	15625.000000292974	0.0313184645176588
60203.314840660714	-78999.94687158645	148497.68376792961	-22992.117757463096	66443.32226724278	15625.00000027218	0.134733756291817
202091.52453819345	-255124.62176671496	389028.55287940556	-61870.7463283484	131763.43105831524	15625.00000016497	0.3025133206293612
1411.438450348703	-9029.763151247498	39475.216987136315	-9239.948979315273	26236.236648560727	15625.000000561939	0.06231796690528193
8763.226665581393	-26143.78722039243	50883.00207144069	-19084.442320621314	23837.58168994646	15624.99999913258	0.3363796643116752
41787.56950805026	-1932.5948243702783	128939.50711635884	-51290.55153966189	65929.00609382597	15625.000001313803	0.7536620873393434
25144.03517359049	-29586.49246606781	111701.77982830383	-34400.0803893921	77333.40484491602	15625.000001522956	0.005797991343581104
6184.050378674365	-3290.9534298768267	55676.44702167483	-29445.969177083112	45274.417390122544	15625.000021085609	0.05356020546900666
10355.680605899252	-30125.10310419579	72503.20143061038	-24541.74195101601	31282.785030546365	15625.000007250754	0.009100628535150347
148306.75786661592	-1208.1361292708734	314608.77666751266	-19038.623997327926	34547.688446260305	15625.000000731201	3.9490149424702596
120367.25507758469	-183548.06189752833	234653.39155016435	-64602.18681116181	50434.14253568898	15624.999999923642	3.6549222303692583
36073.17586265771	-3281.8468347315065	132889.92920120424	-46483.97905874427	82575.97863786711	15624.999998900397	0.015522932241412183
11802.880861275415	-5344.55685445305	63343.591142639285	-10202.868543270408	29388.94910243689	15624.999997112609	0.00818377838385641
17619.084567108017	-27528.8536138043	90146.47560156108	-27250.778280134007	21815.301128643594	15625.000001181543	0.0034368903255749842
216336.56026109532	-228407.03930169164	522365.4954227131	-14468.307707707947	284191.26437803416	15625.000000155684	0.2731005016658528
8004.607375862768	-40641.49855845815	66715.46559457516	-35229.4850601141	24592.631311021825	15624.999999123542	0.1887289996277413
11075.88963163536	-1980.8597824192807	58480.193031882125	-7740.792162417979	25959.650434820956	15624.9999994291	0.051610057300085256
1960.7964979408653	-1785.0169058919137	51548.24837925131	-5829.659558730443	23449.237956541154	15625.000002001208	0.0838898475114485
44802.32610409399	-55761.699649610404	154605.9716969723	-37111.95583630209	93897.50675373917	15624.999998521267	0.01165244945367924
2308.855369846165	-1991.629719134842	43718.41953328863	-3040.77792692558	27205.76705731539	15624.999998037732	0.01901883317834563
1078.9236466750517	-3962.706963629462	36691.044610948185	-6330.760723592364	28513.35268825214	15625.00000066751	0.03455761937227622
6383.0253449097345	-11926.482435807526	47639.30929560122	-7631.660781989202	26515.114277281245	15625.000000660792	0.01670300934791666
153296.82903913409	-1045.5635189233556	352995.2068124125	-38121.831324158746	64001.278690921376	15624.99999499193	0.3225426112041948
22144.156939509554	-35265.84374016308	78741.86799279488	-18333.289386495966	41489.98185988923	15625.000000859434	0.06512345719158857
3470.9119582836574	-43510.326986654116	182756.99424847437	-162788.3922888373	136658.6045379009	15624.999999656662	0.0036879130639800592
44284.96331340912	-4817.685618523978	177556.5048136238	-85359.25126764264	125319.29849590373	15625.000000215623	0.01679199952031484
166352.69810826366	-2210.0860023291602	301725.2071360652	-49504.52653155383	63686.95865120186	15625.000000315627	2.8305231940789572
6676.96357836423	-5736.408131401171	71109.14356909157	-9473.414810419403	33950.16761420126	15625.000001504668	0.004775342805961346
61046.882668107886	-77521.18682405115	161252.74186716884	-16985.991939102838	82652.42961689064	15624.999998152052	3.861243344287122
23415.959176421457	-41514.352628384324	97099.82013867328	-23758.803167667313	53581.54996011592	15625.000000108434	0.07312732466860239
2720.714161245938	-22563.94709724869	99083.89778011444	-34171.102764541545	33866.05385295258	15624.9999954573	0.0052565163559455995
12984.806106136879	-7247.900875622189	214331.12361500622	-181322.97841479734	192450.4034925222	15625.000000308484	0.14948077704816626
26995.44788111525	-25013.082441097846	349893.0422872074	-255519.38352049483	269133.83312246273	15625.000002477216	0.0035568018083377536
72408.353048232	-604.6206908297581	167779.1674483557	-25571.85484368581	45766.69805098488	15624.99999660498	0.6151302444308259
1.5140382407814711e6	-1.6271421025051987e6	1.8893228806917188e6	-117080.85507359053	255447.27565753477	15625.00000040083	1.9764505856980785
7911.603549821291	-24586.463308406688	113313.94465369162	-22941.081728827437	74627.28732563453	15625.00000076454	0.007563946844406266
3897.8701573640865	-26985.080870625417	54019.1682164208	-27407.05269426256	25856.43984907234	15624.999998820014	0.09986693136632704
255228.93867780158	-1128.5795370294254	437182.1869368082	-125893.5447963168	140980.78540390276	15624.999998636871	11.649850364178056
86583.2460451888	-97521.70429132023	272445.2457304301	-20181.536197697133	156005.6312755307	15625.000005955517	0.012123348061022183
84653.75302979597	-1779.6449398054297	227986.88196664958	-111191.90296344852	126922.48832305579	15625.000001006956	0.9760675746387562
159244.4893938133	-16932.862083520453	399446.0777557892	-203436.6192321094	202719.82299730647	15625.000000861182	0.3608532797661707
72778.28861323932	-128525.89507790533	268900.2669340484	-169078.92830153773	108764.90986429673	15625.000006963208	0.0004816427752906418
3586.44089292657	-1058.5117726013887	40520.04268208246	-3833.16614933619	22055.40958203507	15625.000000599073	0.10754702337694808
59594.688661510125	-81916.1324915979	163345.3737595142	-23417.040422769292	79476.94001239445	15624.999998235086	0.8740948517240272
42447.482418182015	-15329.501500627961	143472.5257005025	-29852.009296866483	36482.76981150758	15624.999999507669	0.013294777519536973
538239.1544690306	-442.8286374891158	1.180326578783893e6	-14706.072391022113	31120.105431911536	15625.000030833064	41.11353137402829
23866.336415755577	-43112.992347853375	106905.57356248071	-21788.665936825644	60413.215742314205	15625.00000068841	0.10641580392959944
71795.83794914283	-104013.43741478186	194065.31387682777	-44121.50658437421	88332.49955807597	15624.999999409245	0.09966235721813343
320871.60139447666	-663972.066257021	943125.7158168103	-344119.908788007	167778.91985082088	15624.999996813043	0.0821899906967747
66821.12443736332	-987.1100178166371	173266.34108478023	-62060.78957258348	82103.34576290144	15624.999999697662	0.3924141121285579
163567.10834601044	-74840.88542818734	427576.6807594987	-104079.73575014176	132997.45773687187	15624.999998060124	0.0008160148171737054
249795.26347621594	-9815.104574164796	425006.58066247514	-119607.18237696252	127857.71212794218	15624.999999321693	0.29146104740021783
22654.579354366542	-4463.523174368602	297990.71246922866	-239505.89897871914	265701.20999044884	15625.000003643843	0.07562227796112694
25043.75728712759	-2634.2593531759962	87074.6530557924	-27955.015323345302	42230.278406204234	15624.999998810386	0.23709683678956098
40021.074682766106	-2473.4295738017718	112420.42148992853	-17559.646801087165	38060.63427446785	15625.000001351993	0.05393040234534848
58886.40052719057	-1870.2091040480782	179063.2138995647	-86529.67081470383	103455.92624185845	15624.999999136906	0.3912445101399575
191357.76701132365	-2111.1946140468935	672799.8938907189	-458374.1959669165	472679.29492421466	15624.999990759301	7.80154677906008
5488.850797718108	-11138.324118048595	40539.56510420752	-6851.198878764413	27502.707627358584	15625.000000879561	0.18248821964222278
877.9492144067408	-1080.7584451070652	43737.984403065595	-4303.0600001679595	24456.666515595352	15625.000000595712	0.07586678816018315
725.859093720821	-6578.337724192981	54684.71085515292	-20250.56253320267	43967.646981852944	15625.000000314089	0.010352861280818637
69541.5128470317	-82531.49146631215	160900.61146765307	-21675.23762193462	71374.19449622105	15624.999995210776	0.029748836318970205
320583.19587120414	-3081.97881863145	575090.6068634167	-214562.63158284128	228476.33288760856	15625.000001166478	2.4507563237782786
7545.493489615546	-1285.7202692889246	57530.35244320589	-13146.42903211141	34423.62735086051	15624.999997638748	0.04610025361790402
6873.422055307018	-9966.725978044049	46891.62991531445	-17691.00386836479	30061.96120243937	15625.00000005562	0.006269476240119902
8587.393226868793	-3356.7957428386326	48422.59938782375	-10942.048202138292	25250.13550330454	15624.99999884113	0.06040520088099667
17165.492875499534	-3582.518946554848	102567.86869247738	-59240.26815575818	73583.75102988302	15625.000000331922	0.13527735183573394
2915.196726000168	-1587.7278745790165	32876.78070295808	-5181.264900775866	21638.942256480936	15625.000000972157	0.1017811107608798
62173.74600047205	-96162.56387329643	145610.938816417	-35152.98020511097	46609.40148591885	15625.000001661145	0.52316067818858
5460.71885910361	-3335.8201374961495	52419.54627982044	-14843.511836746962	29516.672452310857	15625.000000993517	0.05641454162573714
33502.93062140156	-6215.972154714972	142646.92287195826	-31591.36182311053	45599.132391643885	15625.00000097731	0.040735905199182895
16077.512042775284	-6331.949100153521	83487.44303466752	-27841.743902325165	38413.540449204855	15625.00003624428	0.07708346094463459
2942.940023283907	-6660.771505779767	75045.3916488785	-4905.387588872747	48568.23444925365	15624.999998785062	0.01305232204964726
48031.250356292585	-59334.28792814643	210302.76471280964	-18257.91683085994	149330.6290781147	15625.00000063346	0.2776241583715065
20178.9409536077	-7958.529406462578	124653.25694781065	-34287.98101499282	50427.19745640055	15625.000001070468	0.012198153168858368
6527.687515174999	-8012.081335598508	133838.5692266299	-90361.7533101084	118790.94701244007	15625.00000088611	0.008428951839214759
108931.96633295483	-2614.8779167019215	287217.68445403606	-22097.340451153443	37476.25244748521	15625.000002873272	0.6327063387266044
1388.4686269186077	-6268.460789195098	54418.915006898234	-33264.95482553011	43772.53587765872	15625.000000666063	0.07348337349358654
4678.570501762177	-2707.4387523244295	47335.4945694465	-14549.86542276905	30292.33642887882	15624.99999925993	0.05522757486384063
47022.58875211288	-69098.7972240996	122624.3161214425	-23118.61438697654	52492.03121572071	15624.99999873226	1.310356226717825
3678.3215264922583	-5323.819366705113	50546.531568561004	-17153.925038396505	29749.814854587297	15624.999999300733	0.0345873179084972
2486.555115255236	-8762.007897308795	46506.64999806369	-8159.397583784303	34710.717688930454	15625.000004842412	0.08377147738838345
2627.2034067306267	-21466.29853551267	46952.17078593292	-22884.817333944393	24056.19854857186	15625.000000109316	0.08215074457895592
13222.517627016772	-4860.9192663535505	121148.19786489381	-89642.93341246781	101705.6993368297	15624.999999777923	0.26918703718477716
19696.199827284905	-959.1510964564432	79728.62949305268	-13500.672037186554	30997.36498332424	15625.000001102713	0.26933384216293355
10875.728481172904	-17153.924613391486	71305.6815422955	-7724.204050140339	50598.534412588226	15625.00005179434	0.13712086382429467
420773.08801281685	-1290.4386487433985	720174.4930682881	-37057.69372071147	53160.4132877122	15625.00000060792	5.838533595822546
13048.690992527818	-33821.5570864279	81712.03514115835	-42116.12524340583	28374.719318809694	15624.999997654035	0.002196840225238843
186921.33653326496	-1881.854308604763	312845.6313856484	-61872.71199931071	76236.18895639123	15625.000000665641	4.747150499230777
24263.605863795878	-5630.067469264257	90358.51944279355	-38456.224618553	49173.492233531564	15624.999999735946	0.18184023616262357
40802.01421891281	-57312.111079749826	141359.01593643083	-51892.056361117706	72858.66373281053	15625.000002742963	0.002385530763916743
113575.5023660434	-46419.46326104528	226957.1000165916	-49611.828755414754	76564.98842468765	15624.999994791346	0.0011997423655212454
28332.968444795282	-60605.05202857748	232457.63551128434	-44467.062668662344	53480.86300981697	15624.99999071873	0.000761184907884483
32851.27054447566	-13149.887008691614	112990.0382275664	-50533.001233686286	56363.07086370705	15624.999994521233	0.01605211357517303
1741.52071439016	-3071.9803270497932	44735.6977711362	-9259.080802404922	33780.075040731004	15624.999999606718	0.013922759723928134
97502.63167287185	-10300.422765262745	276117.2846100618	-80580.30368505669	146736.109041347	15624.99999905632	0.004603730943587643
18366.55763036672	-61061.334320358954	108338.61974513091	-53614.44455707967	46094.212896903126	15625.000000815679	0.05043524185291125
9177.547568849986	-13516.243173214461	55490.63945495058	-15383.825506293564	21863.30235688202	15624.999997891951	0.006556482656912422
39578.65334830632	-96766.53723502782	154354.5494883333	-60156.10486698251	28904.350126434932	15625.000000633689	0.018817041412678266
15085.251349355935	-5388.81231839085	101159.02102516942	-7362.731331440837	62820.0551049063	15624.999998696343	0.001177078799593467
21486.670248972834	-38581.08126685879	175016.72740256973	-47104.52201261901	132202.0567689219	15625.000000543194	0.012957141201180107
7282.154599986718	-12152.92136989376	46220.08239509526	-8766.713174974548	31786.835459469487	15625.000000133496	0.04607367352067091
110172.6238569339	-4816.909211484293	278218.0503056457	-46254.98109318262	68042.68631036696	15624.999999975465	0.052036256048825294
16000.134606608859	-741.4831931723379	88063.8664024401	-15993.910061490807	37161.211589744096	15625.00000101854	0.13825147955951353
7699.137605225156	-18557.18055955552	59275.81850756793	-22355.96508891957	22436.725861818097	15625.00000159025	0.006587084680763845
42496.34005414654	-70143.33751626535	163017.5961054394	-93041.82677773637	54059.06562488903	15625.000001050776	0.0007617011887759368
28361.870073818114	-40233.7697737605	122500.43025888519	-16606.929095699135	80215.65117152332	15624.999998832576	0.14440788292516077
89428.66293525428	-7898.324802551954	187430.38379361638	-34417.60635083934	47612.17533444133	15625.000000025699	0.0538119719614685
913.2349220467913	-6177.289188123148	42078.519013946905	-8801.486527279798	29023.144244978976	15624.999998368952	0.020170776584017315
10563.699281493922	-51048.28408060546	91425.05398707208	-42127.530773932885	30741.776702944444	15624.999997373143	0.05237003081644908
33554.656532135814	-3772.68970735569	105890.11894118751	-38889.34865061271	51905.42615097532	15625.000003459616	0.2281874976673311
7779.742370209598	-986.619980303276	48447.91714760358	-7043.707253324104	23423.683606810282	15625.0000008295	0.28763756562425985
146068.8360004925	-202065.93235077424	274162.7479676128	-57100.853323139556	70114.2549138616	15624.999999218096	1.8833302464712103
116891.32947401376	-3161.620131054443	229559.77357931505	-66453.2043472262	84907.68452747483	15624.999998831254	0.17825108652978466
55311.61992338786	-100690.79396226193	158170.74551296566	-51456.85471695468	56657.36855265376	15625.00000107997	0.2947179020175383
5880.113747666939	-1797.2239204057073	59317.51142629236	-12770.405011296389	30590.381798551418	15625.000122289173	0.0692316368515594
6987.160796712131	-14636.161799616606	46385.72154035882	-9976.669187188956	23999.96285032839	15625.000000951317	0.018972254346131107
6744.008265871435	-3432.8834570329727	69256.7724007792	-38734.423664967166	52949.38641794618	15624.99999891685	0.10462961791628558
235012.2467302049	-2142.820408399137	445056.3077564132	-168992.70584227712	184118.6664469881	15624.999999046973	2.1620816924729174
125139.56056927411	-12235.49810737158	234245.76304441606	-55290.51430165264	68281.97140214466	15625.000001118658	0.026967090419560608
47374.76816494702	-57791.80824479292	138489.3890145074	-11690.340388873621	77364.87520333967	15624.999992837314	0.38889675944578084
17631.881858514982	-40064.47116821772	114171.67393168587	-37048.135561031595	71358.88927624942	15624.999999411633	0.020291320013429176
9790.583075122757	-44171.05014305981	79060.31836537953	-42526.62378597594	33059.38349160912	15624.999998911582	0.03635769689868361
95873.26665343637	-7874.265384253475	277902.5523203622	-48750.052535132134	71340.43600120344	15624.999998084764	0.02029572274213648
542708.7921342077	-1616.7918344547215	850439.3329105744	-191727.64973562653	213755.6552259761	15624.999998698215	1.2623899802177847
33305.70406625564	-3650.1413018113053	97305.42033657883	-18758.870207068678	38330.63636069652	15624.999998864128	0.028496076254188794
605.3882102509724	-8594.717758013227	57083.06390686662	-34875.07364833774	45002.4816181162	15625.000003411493	0.020079947746841898
12678.5082164934	-4044.0600984542325	56538.30954782598	-14005.500308048118	28959.49341672362	15625.00000134582	0.03141072938478528
38011.4706565525	-15624.013391328368	218159.6306613093	-37879.54859996759	42193.86818265874	15625.000000189437	0.032741983899772974
4816.148527675332	-2914.273013101236	39180.92474247719	-7066.269975180399	22447.617377653904	15624.99999876854	0.048880256236367846
36492.967146406176	-838.1226131167743	101530.63498587953	-28959.753837427423	44402.66583759355	15624.99999984256	2.057657003795168
15510.504153223925	-87954.88202724635	114184.8060768253	-75461.11554047203	21171.88314568001	15624.999998335174	0.11265668940516609
25506.432418418815	-87382.60046824277	115041.58550029167	-64200.20529076492	25583.845463780963	15624.999999960834	0.3046449834745311
11978.28899203941	-54627.40471925107	97207.32980319977	-51107.49515785949	38278.962078735414	15625.000001942251	0.018309532079047265
20662.706695538283	-29566.920434984975	97805.58075389586	-9526.714986195992	66343.35431071615	15624.999999364853	0.9962394498231132
28364.941997463287	-2493.8858432748166	131977.4679250062	-81967.06452277538	96938.40631656676	15625.00000337933	0.43844467011390215
2829.130549809546	-5373.307738677124	42553.50231100689	-12168.657707033926	25610.23045748903	15624.999999877415	0.02369956363072823
18666.344256564375	-76789.89473582219	112076.7007074227	-60293.07636478529	29969.702282578495	15624.999997227796	0.10570911305786329
207314.96976643606	-230141.29980328985	698239.5696951597	-25179.584834282345	453738.71835217247	15625.000005326874	0.17927301342510604
18275.32461121415	-17522.990883787086	97572.44676728168	-11072.33213205281	73644.45884701092	15625.000000979848	0.012223306383402147
8409.73219977999	-2475.3091175196487	55476.97833832864	-14442.08610137241	28762.58136999612	15624.99999882889	0.17268364218136206
95734.14309141507	-1553.57380924288	264728.4072883541	-82831.93235941217	115420.11190518353	15625.00000059381	0.08904376697709819
112840.2065044689	-1147.311451749838	299553.8683946619	-111832.94243252609	155538.38883811634	15624.999998731651	0.11701556298867022
27632.004602921486	-103279.66351401544	158594.57722631306	-95163.87475218183	54093.55776971944	15625.00000016452	0.03093968340657942
3177.170932704382	-922.2385189051022	58252.424190955324	-5978.601245047258	30973.769272130026	15625.000003085232	0.04005657933973722
6120.713682328262	-12996.643133823269	54509.92253393037	-11885.353916933831	28857.532337316807	15625.000000333544	0.0060856285776620285
65613.94444774115	-166114.334669183	244924.74986271746	-134124.35936042073	77573.70347615005	15625.000003902824	0.02740075745994084
785.4991163427785	-9004.941609626429	44214.57840337779	-14149.425472735154	28269.16051195285	15625.000000402031	0.014026885771146911
8993.806758157938	-21662.077317542164	60040.65285994229	-14418.846700400827	34238.23489941895	15625.000000564381	0.065529334993496
8494.456969815365	-28293.38528538833	56436.68232992734	-21400.969387438556	26630.297798585903	15625.000002675748	0.2248775155186492
242571.7991409651	-365506.7158784196	463799.92063358123	-130720.5521986872	66162.41175344423	15624.999996255952	0.029053875128870796
737.764150906436	-8070.006823158878	100297.40498881238	-25557.673569502313	76066.19770582332	15624.999998876396	0.003110615213886522
6553.441744580807	-34935.95443430008	179506.54760483396	-73730.97161046613	70693.48435560358	15624.999994955375	0.0020489923311654877
44161.05459645493	-116968.67933537504	196541.30961893534	-80119.57403504933	25633.495824258833	15625.000003359208	0.00533454957977227
6370.290393255884	-1258.2710172048537	55224.34846989042	-9386.908485097287	26660.56804136932	15625.00000396563	0.14115237123968305
39982.99783711649	-12395.765589285425	135357.98825919785	-19303.005505486653	25406.812458970293	15625.000002553454	0.04717179057372861
4799.1256125462605	-4091.7144865564987	52700.20355597626	-9137.968914243018	38877.28595502383	15625.000000672426	0.006552072479671926
4415.412632070736	-17951.738363565855	45880.10248675787	-20745.143227304063	26150.130856397012	15625.00000139825	0.027660305853613135
8397.307877608688	-18514.379941362644	80021.71974205249	-13086.745195726995	56047.811682037165	15624.999999929481	0.040808707059623896
241878.89172892316	-3836.3846922843077	408234.82649819343	-62774.36540760312	82345.23699570316	15624.999998656662	0.23016311205251283
20534.698319174946	-57715.19588164649	88659.96689052723	-44001.23224610959	29952.833325664367	15624.999998787627	0.10056671693662243
22638.28740578299	-1867.1446056789136	109566.74831535289	-35976.23558873299	74433.18862790635	15624.999999652151	0.01787046865122346
4819.716932023759	-12064.535438269406	56359.66904661246	-17197.22882322152	38385.97583860997	15624.9999453153	0.007396354881884237
11412.22175113688	-2881.0747034588176	65537.48872551066	-21206.7323211279	36241.49639687524	15624.99999738374	0.08093251505877423
11143.246523693248	-14682.21618454234	57351.67723935505	-8138.604095304916	36841.79777501791	15625.00000172136	0.015342230084590036
42584.17214835381	-81679.62171509044	125722.73975791884	-42857.47764650965	42529.05598878971	15624.99999711373	0.2131906894835336
52325.49255784965	-135451.90709938266	165564.0685248876	-86064.08275910278	29257.84333012963	15625.000000885862	0.8427924984091899
10755.665049536634	-50179.97936419211	117402.39166008518	-65912.77296734421	57608.98113635543	15624.99999075121	0.002257594575624269
33002.05361351493	-49202.17677780375	103172.95771352714	-19796.56161495438	52713.558915053436	15625.000007119612	0.23583388252544246
4478.232906828198	-17477.250334002798	54151.73575692822	-25498.452007153774	26030.381240464267	15624.999997382823	0.008227848618448998
9811.502658225694	-3559.602302551667	61296.903634904455	-18779.56120283847	33592.79718961477	15624.999999038024	0.049169549137228465
6247.616222062643	-1898.8552509534197	43012.04036949176	-12145.128799044134	27176.112561121932	15625.000003384208	0.1695115319690666
36889.64159393986	-45781.315002109855	172310.3998187529	-28354.511219570908	123200.72172355931	15624.999994123034	0.03408054276235922
17423.5823514284	-23004.284206085664	79328.47200032114	-7711.962402810575	54510.07609134153	15625.000002600598	0.2459307177624814
19017.08004898358	-48694.94957402222	125047.90536952743	-86000.56678674612	63394.85502022877	15625.000000740763	0.0006609033252206593
5862.804830936495	-3894.6064371443954	49153.774443767456	-10864.705526012096	27178.209544948084	15624.999996960687	0.021940977521374975
25279.105606869998	-4864.901174698221	107104.65159131028	-33552.90808692796	51825.66888404044	15625.00000500369	0.0211989918412333
3081.5853597223395	-61277.69791547535	106069.34735855111	-68062.24562621338	32735.44572309463	15625.00000057451	0.007327819534717294
6200.033639311681	-33977.380889179476	86441.16920851676	-40752.02776657157	46456.30642679734	15624.999999622567	0.006741317510996099
19829.156245001202	-8801.08155760297	95503.77764415172	-53226.53557053581	62829.33011864136	15624.999999566266	0.02788599387521094
37982.70760574646	-52226.41220891685	112942.95994030312	-14878.237392212031	56403.47641478712	15625.000000794927	0.40606492407303824
24150.27049990387	-3476.497315040297	95408.49705875228	-9486.00922094201	23608.65454169095	15624.999996147439	0.1718453746069248
14812.549442536963	-29136.6822188785	62423.00240269157	-17181.93547425305	31553.692246732182	15624.999999027163	0.10727593835297336
4661.83806940229	-13717.417784576095	43814.24079214999	-18384.543292548027	28558.73775076234	15624.999999678716	0.021799522074132525
49569.9933341382	-79220.8646688772	267378.25427651854	-64950.06887504905	186537.31681175806	15625.000002867047	0.04908747911570028
16423.64991261874	-55385.76151727134	120897.40291989016	-47734.25231884624	57948.6073474375	15625.000001195032	0.011492446728318189
27725.909255807936	-1486.666282589522	128369.96513753285	-17920.894111893118	53953.3468364873	15624.999995764781	0.017197195764889924
59276.913339897226	-76416.92260359765	203385.53367831348	-18913.68144804998	121006.31182007669	15624.999998590181	0.19251642840101565
40007.578801634416	-56073.37378695124	111852.51090304807	-19252.83291624267	54642.51400053926	15625.000000363374	0.3473253146280262
18732.520357561785	-72286.46364555956	104580.44260369038	-55164.72308214341	28431.416957103807	15625.00000054248	0.19211432258842467
13373.772162071906	-10803.277115001109	68387.1186003575	-20000.724242016084	26188.353514418486	15624.999998940668	0.03324395635314423
15618.575585666214	-17793.149724472278	81110.80175442173	-26398.789561444777	45332.154761753	15625.000000217427	0.00181377163967541
84041.50702097412	-101329.69730996815	193029.62352303497	-17775.587038516256	90912.88066259693	15624.999995900303	7.418071710666563
15101.245284797798	-5190.383471762279	65628.6171507157	-21311.813952038367	34319.41546904282	15624.999998968615	0.03641153766227785
363532.3840043859	-951567.4697314037	986807.9340416419	-591166.7277292933	32873.814528421404	15625.000000957183	2.179859655870038
71734.1115801428	-8485.789292870215	178687.24331249855	-68417.13471251733	79995.64239871613	15624.999999707159	0.04864044235791663
224660.32368636993	-359445.5466542973	608989.121039188	-136727.13409773097	194639.12203961954	15624.999998230254	0.0455560321320075
6055.846957843794	-5822.017307225264	47588.68813841883	-5069.560207913659	33240.0023113467	15624.999995870632	0.008453721643343135
122131.79125212831	-143731.19397010983	258239.5946715865	-24384.7020295174	113494.03575571277	15625.000000677031	1.4143316912421162
6862.828193533964	-12298.816934931665	52388.06813010883	-7895.909660447235	30857.91940285579	15625.000001894688	0.014752876351011275
20068.772027821993	-77116.18887064705	104350.99944254188	-59541.18574243761	26568.36243964847	15624.999999453868	0.7536142236945125
16036.642933258903	-6714.0556336591835	183008.11948410992	-111472.69299502048	140928.8326498235	15624.999999635424	0.011846979428123483
4950.3581837504535	-4201.950974213118	52564.15792972212	-10385.285052680256	24605.858242395443	15624.99999939108	0.041290411627777385
342.30979005249173	-7127.752023071981	40519.122792355876	-17796.257796127575	28700.197661978033	15625.000001113705	0.029045754524719823
8934.372817056355	-4558.215562870668	62550.381110049784	-27885.37137514069	45217.644663449784	15624.999999741216	0.01812773479252437
30639.176225522766	-37088.37318145702	118509.31329387572	-9277.267768888942	79929.72869720453	15624.999999411728	0.403962542419962
1682.5042922746943	-17260.379291159854	50277.616087880626	-22660.607863158744	30496.233988582127	15625.000004860238	0.02412666312024825
155548.64418209586	-8909.124059944123	287998.7214409588	-49378.07507211003	67233.44223882296	15624.999998530711	0.041467389533977904
17506.503391385064	-5437.397236369603	207202.91433588872	-6866.263350955562	21886.090412572878	15625.00000006933	0.13394464248011773
14359.414948105645	-21655.40122130135	72320.30317466817	-9765.406773270044	34939.540437732845	15624.999998966105	0.008468759167495047
30407.268303396835	-96601.27951170207	150702.52901100938	-68856.17664874418	42950.47098146856	15625.000001068169	0.04403738611277554
23012.192440898187	-3778.3679720742475	93437.85647088193	-40015.20346072102	53124.69973300715	15625.000000475366	0.17470609694165154
7558.560416033057	-1322.7787780149738	55299.83604142754	-21124.545299378144	36699.38383237934	15624.999998726278	0.3268318711448147
2862.22125821143	-23595.388119510484	151304.39101908077	-120171.0514997066	119696.90145718389	15624.999999785125	0.004052633682738753
445.387623343815	-4022.8435727894266	31491.95365009198	-7328.809640417015	22634.03688546133	15625.000000844522	0.04846712881851386
76866.31030715394	-140090.0731496052	207886.65296769087	-71437.93870149937	63127.020508566464	15625.00000238308	0.0510875255043279
6291.267142176424	-8495.546528790892	59943.402371372984	-31136.49533493314	47426.2931117617	15625.000001043203	0.006497285975033244
1599.6196704214053	-8541.405024092295	36719.90455603716	-11964.75906207366	24272.455548629456	15625.00000504806	0.025303240829997395
9936.260535832536	-17033.870243375277	105180.28916523531	-15978.527996105491	78967.91818440167	15625.000000558524	0.009982326364306321
4263.2557987652835	-14108.168034543312	53779.15147940512	-22180.21335287136	29016.96980621002	15624.99999830965	0.006145867992364284
312.4117033226594	-6062.059289363853	32190.031627177086	-9376.679851987923	23477.54539442432	15624.999998124375	0.05734252720990328
20255.5418920534	-29436.135636323146	129276.34966208188	-13743.54016228045	97957.29931882201	15625.000000553902	0.2027539393462545
14651.363064777397	-46334.56141165553	81144.6041108669	-35479.95693949687	26421.141138836327	15625.00000128766	0.02199258689207325
11005.57754912509	-20799.54862340737	55219.33117392317	-11144.64135552496	33055.39596257949	15624.999998909687	0.2853174214742539
63970.07640394714	-4613.7872093301075	314528.56954234233	-11252.708117698301	25547.88538728792	15625.000001042557	0.3502479001693878
154555.3213412931	-1490.664298513659	287828.53314817854	-41959.29193234438	57603.47045641384	15625.00000078786	1.9821912133255017
1809.2769431735312	-5932.749496220384	49924.54515336895	-23505.68168310855	40238.643466842186	15624.99999852014	0.013620096580030348
196347.6798924231	-104231.707574054	619575.9539961303	-66031.68263354638	61702.82988340047	15624.999999288353	0.0007692041553972277
26093.64590020942	-6620.823071348709	98360.85799166083	-45358.0673502977	55276.1763904472	15625.000000837192	0.1293958623820382
1539.1535794778574	-2819.807163028774	30927.69706543097	-4319.523049438256	23008.312165528427	15624.999998408159	0.042527154948028154
15531.683732009766	-28092.70334419642	84182.02989907884	-15088.306330728117	52428.71091609228	15625.000000015598	0.07822775833374902
1080.297789419652	-2363.631372483549	30551.352980835873	-5157.264128114424	22974.559576408283	15624.999998771309	0.05249426205123325
2.147044042990998e6	-6270.662546070613	2.9855972617507447e6	-775126.811969258	785665.6805171601	15624.999998977539	9.564301025897011
9590.574697633128	-2743.5078798905015	70766.37939576028	-40069.87728268915	53614.304635023975	15625.000005321926	0.4573210982703171
5663.2913057971455	-35029.18922585828	76796.92811756674	-32658.821703179216	32784.67440193941	15624.999995011312	0.020327002149704787
104175.13834915124	-110652.93141355528	458755.7113603244	-8194.93811833342	330245.02005009184	15624.999999584834	0.09971098606844432
40624.140595416946	-59775.801072402246	107335.36159894173	-24740.74130310699	43950.17050238668	15625.000000983055	0.05075373920129416
15807.972093315104	-1188.9605535650992	69726.80729395723	-8980.373764655375	27510.500638471596	15624.99999765564	0.12274152258411421
7031.548218053511	-16313.784044233384	67764.91669592331	-28336.25957103631	46884.24006592238	15624.999997368432	0.0047234218547592246
8293.38919153831	-14040.715358303038	74080.62284631292	-35499.21090617051	56252.56640577088	15624.999999848123	0.003649135020685095
61206.38755606688	-4194.532092415383	248124.34091057949	-148233.170804801	178505.97093429882	15624.99999997265	0.05281598118639665
67074.02762363461	-88691.99500929401	174405.42748359893	-29074.647311687353	84115.99996295228	15624.999998332583	0.17600770552541736
18646.335060105353	-8583.166974469397	80370.2768470411	-22931.407375518393	32542.2259990201	15624.99999765784	0.026597662228092855
158615.66303365954	-12864.978110125354	334411.3059329286	-45666.50844045798	49576.736602291814	15625.000003644382	0.3383795676094908
2293.882126809818	-4079.7939873180912	36147.481405935934	-10819.855926216142	24313.15616295541	15625.000001283324	0.050438155134706814
1273.273618713949	-2530.057363981993	41281.936109753326	-7137.526927420706	24665.716745910002	15625.000000582018	0.04024995141074202
2935.8590184288255	-3730.297335990202	52920.47302631756	-1715.4606621228663	36751.715151870056	15625.000002143144	0.027068880566009194
53131.78541066367	-127878.48940001885	168415.88850673684	-75799.17254708789	36198.57103629064	15624.99999794281	0.43883015022541716
32338.561782998047	-1426.166168609263	101574.35971038308	-29883.045151995342	45525.28459847611	15624.99999915198	0.4893822134777358
60580.43007569882	-14544.174382896586	212736.21632604738	-21219.159357253844	26104.805302471235	15624.999999068341	0.05780065234132689
9568.470950440316	-12939.11716364816	56077.14601124287	-16032.860002804004	24583.52523605506	15624.999999452244	0.005079508109292762
3979.2738115871325	-33568.236885803635	58187.90458773123	-33287.71178907115	23729.38348075081	15624.99999604965	0.19190708842951146
1597.227443469441	-5238.435307653484	51310.33068955704	-24181.872078524204	39284.533040652605	15624.999997442574	0.020067429499737797
39197.36551472018	-59739.30362797332	107158.5562464068	-31227.42596262082	41496.74942227422	15625.000000979917	0.013418702050850807
38050.89927210717	-60819.809037201514	102462.95411796446	-23956.890170382452	40499.81964246681	15624.999999703512	0.828255338439276
31505.330365237256	-63807.29619672468	101043.80210237292	-35132.925053925865	35654.5747502649	15625.000000698943	0.2170318669709006
26758.884610750887	-1528.830065568873	93429.58575251035	-36790.42277913231	51583.86278014473	15624.999998039615	0.9311062700632197
7959.328123968735	-2976.676952643841	53992.64153384254	-9289.249172507029	26957.24058592273	15625.00000263995	0.02770513286543929
12160.35488478379	-995.2182523757256	57244.40980851678	-12772.185287170554	29744.62142059915	15624.999999159993	0.21946729029815068
1252.0326143455363	-3671.698783112137	35671.779351633595	-12240.895659926402	26110.774139913116	15624.999999681535	0.06213802797780512
5381.666945518993	-6306.0464795265	69642.45750659658	-33916.3693703014	58656.060099526076	15624.999998016283	0.006903944106658305
28382.79602095388	-826.8021381688299	87472.36810249364	-16581.256306191943	32876.545490730496	15624.999997386105	0.7337488105576009
655.4568417714015	-4304.450108127826	31543.525510387546	-6875.504810125648	22226.641079922912	15625.000001308503	0.04599471013030117
9940.30925668645	-24481.401050950833	100727.69413775892	-31193.444504554718	34607.5775320176	15625.000002937188	0.002487499635958828
1551.1600110765803	-3890.3692991218486	36357.55338513653	-10396.625797256114	24547.622473587027	15625.000002025365	0.04574326277696122
8697.017770284083	-28914.071827898308	69751.40494904481	-32546.299986365946	39703.571499897946	15625.00000125465	0.027077372023318388
39101.86332116404	-84884.68254544213	122565.22081782809	-47247.12429260474	32029.360603218433	15624.999994890415	0.16409298424751662
2607.1611609986558	-28455.491400835686	69733.91854914837	-45084.60139246745	33784.18913235009	15625.000001005363	0.006808531941861707
11297.86614214817	-34459.31537156744	61069.951069549956	-25838.675067493084	24891.98481092805	15625.000000518427	0.12612475998045397
6618.359572838812	-9267.318835046724	85786.44590907749	-3235.140911284565	68946.71858505563	15625.000001246644	0.17687577825562484
13899.110625568715	-63400.40728396829	86794.15195812855	-53059.85024305145	22825.605912996747	15624.999999364518	0.5209135810618163
7731.246229998971	-4978.700421388817	59925.06057822227	-5234.681350744921	22124.22338974895	15624.999995771941	0.015784860844169676
70376.52496698199	-526.8994466648296	250610.64627152652	-10852.640968449274	28062.86148993837	15624.999998837531	3.4186948982949326
599972.5490633625	-815.890161323332	1.0419865366846195e6	-396757.66386623116	412886.4453442129	15625.000001354696	18.998067931657854
26163.633542353877	-73387.75728138896	112115.1371087434	-59164.83221695135	36887.035339383496	15625.000000862812	0.03074743540425324
2923.1457420296956	-13213.990195140408	41249.50296971012	-17554.21979477183	26623.14939151859	15625.00000095187	0.03490674756520666
5300.906264039688	-10103.151436866727	49179.141000353964	-6686.2252210896695	35692.56618148752	15624.999993227684	0.07329324215759513
27399.105636552602	-1711.1332097399063	114561.19028979863	-16887.17292652715	33474.79093467225	15624.999999394018	0.2500256876589319
21258.887157127512	-11132.157653923603	98006.31740877194	-44093.98749560455	52713.759875989985	15625.000000908309	0.013071550874951042
13947.599050691191	-2759.5366231316	63065.520911686355	-22360.82915410216	38918.8008209914	15625.000003237277	0.05321015435004944
50908.78235775513	-90443.97157954169	181628.73591455616	-49175.793071898064	43514.51555312335	15625.000000051117	0.0029288742110652652
83025.20031046573	-164148.25197245672	199850.2906263129	-85001.57066626212	33236.1914924571	15625.000000432517	0.27550424230758
64582.40283587179	-122907.21690215706	168337.5755658755	-59727.55275768484	40463.506218808674	15625.000000612898	0.28443514167251016
9327.344615260365	-19077.94507421262	53376.61934023196	-12027.825276844742	32676.37220464906	15625.000000664688	0.13016867848919905
23139.54630017602	-45814.401362692195	327935.2504881888	-129995.66724654322	250960.1519151568	15625.000003285162	0.000905941787373512
360197.1395884674	-696779.5219980205	733577.085820001	-338940.84023284866	35369.03050529637	15625.000004299865	3.8672995629474785
8103.042105475673	-11835.24847603339	59618.492710596416	-8916.28357818586	41360.38903262443	15625.000065321336	0.013221682545000455
42724.962759944436	-64769.62691262885	121968.03012591193	-23439.466954743722	53750.042283839284	15625.000001300534	0.252775719893321
11524.535826669344	-8081.5632830806535	54872.03454876646	-11185.919094182038	30160.91060737987	15625.000000743337	0.004054790997259737
64810.17579916553	-112330.17917271552	155770.6989622493	-48885.52021590846	37105.300081707115	15625.000000487265	0.22268693163337727
3820.377554009189	-4012.3566199973666	40508.19372809598	-11822.795219911193	26143.950418849185	15624.999998194215	0.03511540448254483
24836.78786198937	-1307.4440495837734	89915.66663534798	-28520.626343390915	44144.535659087574	15625.000000128417	0.5016156714808198
33487.16012921173	-41411.918694118736	169588.5720022784	-8656.895607422484	125319.41774673713	15624.999999218064	1.148925757558775
15804.65546270425	-15487.869244738948	140228.7643785514	-66327.3264673648	87070.46481916076	15625.000016961247	0.0028036649932195626
27140.09339078069	-163899.40977491857	207954.94267866985	-139780.82636738586	19150.400168562846	15624.999998964107	0.053469169690545486
5483.91029966972	-8851.14516786944	50988.7942170162	-5963.266760522321	23589.648102758045	15625.00000491002	0.007305829556364208
59195.924631803675	-1773.496728316989	209068.7605596761	-121421.56666588198	136579.1975997739	15624.999999627806	1.3091636917853475
14228.025293261817	-24167.43970031631	89984.09746993921	-16172.641553530773	63639.76593491124	15625.000001551663	0.06727236184314253
39265.64842088806	-7107.913670161662	174597.46968831506	-96416.22799922075	108082.72068635334	15624.99999918716	0.0652928633038099
2976.038216523957	-2136.471680318704	36565.624314106186	-4456.7509120262985	26784.072805925214	15624.999999724809	0.022062448188806743
115435.3718756277	-40496.6843848843	319299.42352392833	-140295.22390567936	120488.45905635372	15624.99999999264	0.011267795296680714
1393.2625304154235	-9100.53004942514	40675.3141049038	-10681.962912304065	24848.876185804802	15624.999998657553	0.022920559780821043
65594.31609705543	-5856.489325898927	165742.86950779243	-59720.16455987346	77208.49107125917	15624.999998692798	0.03992536750056168
13246.764377161271	-849.219176688666	65261.838362095616	-10500.521557266205	26837.905867350783	15624.999999992477	0.49456774286473004
223780.13549646083	-513648.61000944395	586643.3721780851	-291458.621446413	49564.44721175617	15625.00000040498	0.24689126203725137
2.0934961644265286e6	-18125.055761410567	2.807350569567093e6	-203855.3332591108	202482.76272068522	15624.999999966916	3.4100636834809963
1392.5905771649996	-2681.0127747505467	95051.43155195327	-25326.66505713138	77148.05329296103	15625.000001101216	0.005231838145829265
20815.62492738121	-2314.034027797359	106579.66908990186	-23031.07593285169	68539.1022815131	15624.999999782998	0.006609006550537719
9772.17684960827	-6504.073570876262	80247.53336172593	-47194.78533731	60753.42044592202	15624.999999971194	0.0242103940338249
21290.047325567222	-28799.02517309071	76734.65256776586	-15516.660438454943	43373.26386460698	15625.000001937286	0.01590678252546465
163746.5024921316	-975.228947012493	294513.3147247781	-53882.762808069354	76301.66758728022	15625.000001397433	0.6022770586586064
109582.53980490928	-147726.58728911116	213179.9923989948	-51678.11439723645	58995.89611834037	15625.000000551994	0.0309759057292961
84935.15479275136	-143145.65389932328	197545.51502170836	-68869.99577589567	51155.0852528784	15624.999999553766	0.05960133510117987
2020.9092096205095	-4234.521799120295	33933.86514001906	-7354.174601730927	25930.53930487903	15625.000001442306	0.027905285453773226
62883.69122919289	-471675.2676583911	511168.2614761792	-426403.38118140725	37924.97994214979	15624.999999086742	0.12808467656204556
16285.414026205646	-106174.57749209373	136461.5538848788	-94819.30943625775	26556.981247266813	15624.999999988184	0.09072194700791512
73004.56299134623	-111850.19882625705	159965.75036545127	-42448.66544826934	46746.91712864247	15625.000000017202	0.40265343091135003
17409.652769388893	-7050.186353546647	96895.3270010023	-8113.4189344632105	32391.73879361318	15624.999999700352	0.00427077778254876
8928.588412622223	-43342.242096884445	91475.15521620803	-42478.943875043435	42746.58481776355	15625.000001688457	0.014030357205171123
5039.582164839437	-11375.41174712223	39116.564218506435	-7927.270527286717	26052.659275990147	15625.000001240152	0.15013332916750471
66688.2136930441	-2423.793305698686	246671.1931167181	-11844.63380742308	26519.607311270083	15625.000001057211	1.1446311398498226
14147.32697901726	-31472.045044030034	62955.092388552715	-18376.937887767126	29992.768581233708	15625.000000483782	0.3765514257185412
6086.357910739323	-5925.972452032605	90568.74870748048	-3793.441213205052	69772.02864418866	15624.99999886765	0.008257776157050003
56852.83783880803	-110329.78500202227	155055.6573247027	-56893.80311815519	43609.98015137727	15624.99999931185	0.4281167548471291
10137.044402757369	-642.0970519279399	97745.728509499	-3522.386266289939	23487.344766072452	15625.000001422814	0.37026906524409753
57481.950016772375	-3644.96346290757	204336.39960063525	-104810.08922552472	126399.38181535945	15624.999998642104	0.06819833804783355
642798.1573093346	-1.4277787290451913e6	1.5767929500417549e6	-870591.4022677352	144144.85357796378	15625.000002576213	0.02748617799153721
20971.85160000759	-29189.946415998074	84136.61968300071	-9128.770518047417	51836.6720901313	15625.000000055503	0.2992762429157926
338143.7376729974	-535606.458614808	588913.1602839908	-200596.63333349215	52083.67105011892	15624.999997607047	2.7171462791160246
22148.830720074424	-1686.635732851064	86910.6778604232	-30560.67701258685	48705.87498451514	15625.000003471978	0.11220116779054126
12136.260377870869	-25909.130983167834	62970.16829906039	-23500.18831598295	25824.629684715852	15625.000001309825	0.0037942208288896636
20989.215362144572	-1753.0581460065987	96711.23222812205	-8722.284481379542	25066.943764881682	15624.999999419204	0.2658457138508173
17633.289228236816	-2702.027487779449	103333.84468600558	-47330.33522563553	71572.54333989068	15625.000000701737	0.03135671990218335
11181.846859530051	-5754.146219286638	54791.7278771438	-14428.582948902615	27244.38970743188	15624.999997220519	0.02352183742423303
15384.67467618895	-59029.12111276108	108215.57970685948	-47171.777227683444	38931.442561499614	15625.00000086406	0.02295194705531764
152632.92003076684	-350823.65502473357	417676.7615919875	-221563.03442534644	48432.81344196168	15624.999999531006	0.009349832598482568
4847.334987035545	-6163.78040249924	59695.61760931334	-35650.189599372214	49320.01111348579	15624.999999638967	0.02159998367901625
45055.38090704283	-3209.3423911556974	209645.04089161483	-7045.760483123874	21395.401320947938	15624.999998859223	0.6444086124769324
14080.39127914787	-28692.721708736524	66864.50504359513	-25098.865112058764	29974.54224527276	15624.999999970665	0.0046408404475424825
4328.515418894479	-17763.109297134833	68617.75701324294	-36009.555682788276	38078.215390748635	15625.000000461396	0.005260419884806699
12952.98142836378	-5337.711270499727	94962.10709878168	-51587.01403410813	72182.86319411828	15625.000000304484	0.016269123146484297
2170.2546272370823	-3388.543648605449	33894.88087650938	-9822.377854005548	25790.09718749187	15624.999998718067	0.03540009820852728
12594.649327323139	-20818.89572803785	59322.72160794688	-10262.563950009715	32819.31773384017	15625.000000852824	0.03689854463163793
214049.09394177873	-233972.15605492113	420973.99697130546	-20594.261569758353	185642.4054629132	15624.999999951391	8.012708989340585
43202.94684747753	-81936.20000719398	132077.29819135222	-40784.433671859064	46647.25994129	15624.999999021886	0.17499572484726653
60038.84963462758	-92920.46227929581	167878.55092135546	-38167.982554756134	43135.567352468264	15625.000000426618	0.008132678621363775
51538.64597276563	-686.5982621211915	206541.28250753132	-15174.73078049726	41573.93267981599	15625.000000394411	0.19670767348529203
18903.529911444428	-2336.9064364118785	82708.62560689912	-39628.82996422081	55743.64743794966	15625.00000137006	0.141859718867567
6277.022800270497	-45868.48680220451	69603.09258221183	-44058.34982768167	22930.605226932094	15624.999676989391	0.2153369365432386
8323.922515497212	-3569.2081400457546	76408.3482731595	-42869.5705321344	57334.26284142406	15624.999998792144	0.09104808462305672
162410.5743288789	-206579.7420420677	305943.20486790035	-45377.70558514632	97760.15318678925	15625.000008671952	2.394092072350121
108300.44796399525	-3986.8528061838365	265348.92469637026	-117395.95177700606	129629.91462457529	15625.000001169821	1.37466491109804
6727.601351569792	-7212.231990719316	72763.00921144313	-45359.41825443547	54988.679325617915	15625.000000346565	0.06829915564651118
34815.840284799575	-3127.9534633416183	138861.2956526759	-60932.38294113538	81784.34304071602	15625.000001969107	0.04999983066273648
307878.5892506548	-324931.48338531127	541280.5730908441	-113312.04304091836	165356.67664249905	15625.000001042763	0.0019064383603753783
306652.0105448242	-449724.73220776627	535420.8143432424	-144420.48222549062	76934.69344233559	15624.999999758074	0.7672910170950101
15732.36862359843	-9910.570285433449	75218.0448936018	-27502.040421781963	34450.22326075054	15625.000000722066	0.03925402603910503
18353.27339813352	-4427.374191832924	88933.31281422944	-28518.056599613057	41681.74757608649	15625.00000005756	0.07970053524483448
24865.445786785276	-42435.535665823976	92967.88511120425	-41087.561463417594	43038.82799440714	15625.000000408552	0.002509622574340751
10591.32240451827	-2508.320391020915	63288.4143695083	-19356.84358141408	33663.60495816686	15625.000000874028	0.1827368268335237
30332.133364141817	-49866.26531212732	121874.78708514538	-32403.163285552117	52293.15522437608	15624.99999870934	0.0030526330591570403
141076.67883585533	-162058.21145605587	440918.16222131066	-29826.408357261214	269732.6836864732	15624.999924052856	0.060866167272882556
9523.746576271682	-9355.8710678077	99489.49136186975	-6762.650652344042	85804.43011414251	15625.000000156959	0.04560517231086792
15154.606067292272	-19808.328267198012	138700.55146878515	-5445.460753093885	115014.431953558	15625.000005595037	0.6581198971943364
855.439117517999	-32432.77327158819	65338.382512098855	-45294.213085861986	31804.06600758154	15624.999998761374	0.027544904636336486
134780.6500307927	-49436.14284056626	284709.4543071524	-97657.92862436315	78987.84709383408	15625.000001927867	0.004011182825320033
42713.06712968729	-2182.551280469237	133032.6163153201	-56774.73249989211	71271.8363582411	15625.00000063966	0.6375887451209281
172382.870099462	-223972.97892658057	593269.9033624099	-108513.72588166001	367549.37739803304	15624.999992107274	0.07646393151433108
7035.129516128363	-1573.0481663397368	50689.68182760154	-16222.704491727549	31725.25175476646	15625.000001827226	0.21034441531071302
3620.0843667555814	-3416.367731699155	35137.163214002874	-6023.256970278476	21863.93640695294	15625.000000115097	0.03099313933719739
15383.809753529007	-33654.680975204305	71540.77872237901	-27510.858258036613	34459.94922137869	15625.000001473221	0.013857075361864613
754.635173810676	-5311.233545174844	49157.30282086879	-14789.806443167568	38248.49589873232	15625.000001085395	0.011648882440631477
15416.358298138424	-3648.4144042011308	118717.90623393562	-34473.675718367216	62624.58284117584	15625.000003415975	0.011314540277983273
3.248516468790141e6	-4271.942608055913	3.7964949059180035e6	-126648.06705883378	141203.8110675693	15625.00000055242	8.813772354426193
19524.43786169155	-3613.6962736375226	89758.14259480072	-15991.415156510338	32573.83050189038	15625.00000071789	0.04466281583398992
14175.787668790072	-4777.855383564078	106515.46309997456	-62113.9902411456	76541.2312242011	15625.000002037734	0.05870861787281323
3290.2209276087124	-38450.656588098704	81056.69983669695	-49204.15230868643	34007.50036865775	15625.000001534645	0.004662886447684817
228149.13691465883	-289547.55853806407	947988.3419369762	-130749.4890505979	653752.1335399001	15624.999993950914	0.03627428001831214
61208.148202238386	-104395.7368303897	152787.579370467	-56377.96964980951	43927.87403398531	15625.000000184904	0.022613918643291
65304.5341838483	-929.5819298626014	159575.4399462407	-25393.712038367245	41224.736227935704	15624.999997236533	1.857387902973859
9716.572975216026	-22540.451939660677	181301.8833444008	-50485.47137301527	60810.83129947299	15625.000003657478	0.002999795794812773
2800.779545506728	-3858.9612468349114	38371.96731449305	-4869.474425799926	21521.64251243822	15625.000000810212	0.023613080981173748
61283.94441127574	-113175.08759026819	156536.71570465877	-56411.09153772323	42442.36729082634	15625.000001190201	0.4062252036010316
59462.75657241314	-3209.369987737558	175352.98050799384	-80236.94110290974	93765.91136569623	15624.999999651678	0.5486852659435671
9265.026074506726	-8279.689891294613	62194.38458061271	-26759.173441147326	36512.1164930755	15625.000000677734	0.019915381402438204
37376.61114019388	-45692.182105802	242014.23847930273	-12554.553459346935	193911.5296736462	15625.000002726745	0.3915419214908663
18085.085202500282	-32078.45286274038	212144.43519482436	-143062.36865673977	171216.61293557938	15625.000001815111	0.0009856064700696776
6101.158511672398	-60361.35894001917	155253.22746822954	-69468.0960087179	32591.947299734635	15624.99999956118	0.0028048223848718148
7078.956427312209	-9712.335206802687	105888.1565954797	-9965.868795708288	25875.31187491305	15624.99986581225	0.009160271320085546
57736.752029597934	-2307.1807226700257	260386.14893723227	-98174.78182077373	178246.09912870423	15624.99999679119	0.016608698177626575
5184.439821617518	-2950.93247870945	65563.36898707584	-38137.13809955232	52418.432331959615	15624.999999485515	0.160811789424819
47080.328987810295	-736.223805062531	135562.98967461893	-27936.35044012009	48952.896358088765	15625.0000042569	0.27777802909574273
28182.808118993355	-55543.339106206906	99070.25945500583	-30097.014742040163	41639.82166985218	15625.00000028507	0.17110426983337432
8050.269152183151	-34366.519351306786	68794.4557795666	-32344.362897983992	22778.209534132486	15625.000000563032	0.007973149073708266
400750.9697381172	-513632.9721452289	607479.6122586862	-115251.64523629635	92968.42549108509	15624.999998141426	5.903715717612545
18367.7622387371	-23255.89009316956	109453.17098539935	-6769.580098614414	84294.338606041	15624.99999997078	0.46221672484945936
3140.906035396886	-3190.377016546372	39605.33181626393	-9952.5201405972	28409.92483340077	15624.999999626049	0.02095457725025462
115272.90916472563	-1018.5208787816518	308485.39458152023	-48371.97440517659	83704.1877443681	15624.999998631829	0.11959005214954319
5812.9800060325215	-3956.8679916857227	44159.759017461576	-9279.326729010834	22676.52034024705	15625.000001828332	0.05986495145296797
2631.524153231556	-14892.855850639062	44368.26396299852	-19450.390614109347	26737.44165596005	15624.99999970608	0.020367177524596165
4815.500330524395	-10850.491212492278	37923.73973578593	-7788.575718487278	24704.79089971495	15625.000003768713	0.09206802354654788
19731.665712786205	-23507.18631810574	221914.9500058913	-4314.670919870465	176280.70757102818	15625.000006317627	0.08113783350223278
2914.5625228014524	-1915.9104759382585	40810.62504588612	-12520.870088373282	29875.725978170813	15625.000000562442	0.05972777353654042
7993.7929870105	-17318.71878719644	47592.90201696486	-10365.298351255115	28395.891593232052	15625.000000351094	0.2305826964114904
28972.777781703586	-60389.54289389559	117817.08836591098	-39183.14454142164	55859.336063500756	15624.999998372215	0.0735355167170736
25234.23435235067	-33857.316523362235	92012.88183068663	-9537.21777005966	55642.189121026255	15625.000001866698	0.43844705774082
3836.1679153753767	-2683.059910053819	41173.65672098669	-4342.609604769544	20697.40209988344	15624.999999120122	0.046755681920662796
41046.164540717386	-904.2364829031746	175595.50420007814	-5680.9658587747435	22775.87341614766	15624.999995774502	1.346564754076813
35546.05083324649	-84589.63292922001	119678.12637985079	-50183.091489283885	33562.529568889295	15625.000000185628	0.7620353144416404
12735.540698036137	-26750.49834038085	104896.90901691315	-16992.571959922163	65612.92580522172	15625.000002088898	0.01614343713638185
170233.42637391583	-206458.8167259799	292650.5707889568	-45190.865983082644	73691.2702609328	15624.999999820331	0.04076715546763032
11203.29509639542	-65193.45066792365	88579.86709556344	-58458.53603715793	22447.08690627967	15624.999999022923	0.25420535624488655
54920.923035026906	-31524.707807625924	229875.17307080337	-63433.44927844836	49354.707826784295	15625.000001438952	0.03732643327591483
19026.062678962233	-24425.18173593142	86604.5903718013	-6674.911443411392	60105.03658530547	15624.999999885991	0.4100712764605402
22632.62316420421	-69552.10497658048	109825.54338135198	-51280.09771803673	37838.53914243239	15625.000010845484	0.08636268033258232
1574.749175244433	-6635.1989247063575	51606.624648881145	-12096.297954161739	29086.98723139777	15625.000005658483	0.009824533170561938
49014.42965706071	-2564.9113348999526	151514.10840034997	-74588.49403171171	89622.69383029477	15625.000017485116	0.38671467852189884
549168.933022903	-713284.4799025249	1.0933617760263064e6	-205174.18347190545	369881.92672493355	15625.000000606648	0.03498999628765186
5156.197196748079	-4999.751629419155	39252.244426494115	-11050.144071149174	25493.30029893702	15624.999997655377	0.01875690659452824
8001.363556406664	-6446.38566018946	77962.15675530571	-48086.18219829467	58350.12805694633	15624.99999928628	0.09691916243903335
59166.58634791267	-98868.81036987837	163989.20070037147	-46250.65043402285	63819.808048953826	15624.999997453684	0.18592366673818841
27959.68234163151	-36647.03933161965	112373.3684832975	-10442.589681740985	71175.76834808919	15625.000000181062	0.14130125347715136
16801.58777990559	-20049.018828706816	105341.98088976133	-4028.972105566777	80900.45146795726	15624.999999552943	0.3766661956485259
37909.26274148526	-6833.403816725309	107783.04728077335	-33566.57045134282	44609.68065821915	15624.999999197546	0.061658946683856894
17926.697986230996	-2952.953815483823	124715.55940321088	-9590.693067363482	25357.232048612117	15625.000006899092	0.1823954046306092
2090.576329816451	-10303.88268906395	35669.03455963998	-11272.365767848001	23964.168000827478	15625.000000012256	0.09584623300232971
2064.3259034362354	-8307.698176433769	38690.492597472155	-16261.28767273578	26549.905974514695	15625.0000008629	0.020379186476546362
14299.963256658248	-2955.2100538988248	65609.78390321435	-22556.41483493591	36261.194961458685	15624.999999008554	0.18539430181340014
2940.8578727049644	-2016.2910636189627	42090.3680368406	-8301.37502944082	25880.045061153665	15624.99999773148	0.05086279784668793
13043.235927925052	-2334.96190069383	107865.24356412486	-71492.26150490472	86828.42126633474	15625.000003584195	0.3270690270484566
728.2979725970654	-8966.145940437244	53434.02515920071	-9905.170149269019	30289.564666156948	15625.000000412576	0.016897804239498743
94486.20706301645	-326761.4253045331	362096.21916786826	-244190.37478533667	34708.83125489675	15625.00000186685	0.42541460366806616
36678.26042464975	-101710.80514259942	156579.91693940203	-66953.5673476948	31566.77074971312	15625.000001312908	0.03721195653013819
104747.39268978807	-1779.690893451869	241764.05187538237	-16458.32532315806	31130.998074415213	15625.000000273098	2.6577762195070176
17917.987918716157	-3903.5137984516687	117586.53711722407	-74671.22342783923	87613.6626835952	15625.000001334123	0.28407298422407723
76834.0880868563	-78241.22689036839	402817.9931581777	-31951.817632660142	321317.50199823943	15625.000001735943	0.09865805394077354
15638.341976382275	-21891.792194807964	72400.60016703019	-7832.377138121955	48459.20374898201	15625.00000107209	0.24561289824395552
54446.047063326696	-93079.06031798024	288801.140205016	-131956.2366399973	194056.0188218337	15625.000002163579	0.011567889664247362
162454.31463004695	-181968.63444960056	342382.43727707723	-20113.41231387693	158577.94334864832	15625.000002359775	4.952985170383757
32028.598821926396	-2464.2603261543945	107486.16326859515	-30668.320378068973	48097.24623035034	15624.999998112904	0.08926895897081667
74474.85051035645	-61597.02244319893	181528.39481375332	-62769.3689452758	46395.68712402004	15625.000001360066	0.0011027653404861646
3698.274800051484	-8024.611309489206	42952.89157552831	-5807.022564784085	28680.010385056026	15624.999963886105	0.039263313147712704
1829.1761747599521	-23745.520920731127	54918.86017407314	-24999.14312483836	24468.633305684198	15625.000040706713	0.026487918987383674
2271.3332853626343	-5634.572346309971	76296.08466898938	-8162.139629725654	41138.98611288008	15625.000000954507	0.003971618152540572
76969.92868401244	-24017.460685489663	292934.0735388164	-14333.187029226527	32330.793110849045	15624.999998370273	0.002537550134355052
88684.48608117955	-106440.52388774705	226427.69081056124	-65364.24103295524	61071.925595803594	15624.999999875257	0.0009996067163405363
4790.75291400824	-2498.1912714550817	45102.80442381196	-12448.962474840937	28394.42383404234	15625.000000631699	0.0580299968526878
4768.711352545861	-16774.731856775365	42147.11817875107	-16961.345345004876	24280.901647744417	15624.999999717287	0.06789514681448842
38223.88851991785	-47718.873359817895	190733.97716237977	-12469.970457831605	136727.21417237085	15624.999999860105	0.11015914771257691
24230.265333779025	-57402.74040075434	89572.2857355822	-39505.66561185787	29150.844537109275	15625.000000886092	0.03761174975123982
36194.573788379406	-19706.797812379722	184634.59493324882	-50459.15259292265	48580.64636266834	15625.000001377359	0.035760904913400074
9657.817860435036	-8403.303815092282	54768.366683378816	-13979.420970756113	23443.30224085699	15624.999998617885	0.021578534655276014
119941.67773893964	-827.4844622734695	273368.28454467293	-110340.88941751758	127557.33447696205	15624.999998697183	1.961266747637438
10457.596518681312	-41684.98818266927	69481.90561646165	-33883.49719962331	27065.20455217483	15625.000001011365	0.35594030273614297
48855.20362047061	-2287.3599162222163	133499.33961305607	-28461.43493619303	48302.932319381354	15625.000000000908	0.08481048917880384
45863.80009604897	-1138.2836310508137	132242.38254355034	-33956.38449487521	52840.923843785335	15625.00000145522	0.2560645982342779
8914.85492280362	-14916.50605769087	59196.20822093118	-9355.74291275006	25624.011450807113	15625.000003442838	0.005018350479722878
67101.95341187116	-8495.995928831428	184665.01853518595	-36407.54207466042	46563.05736902438	15624.999996120838	0.07576560740606189
10548.758703717067	-13983.64490592803	85231.30369724531	-5850.978416523285	68363.12979205966	15625.000001552398	0.16247675959021088
29285.999810471727	-66287.14974098925	104658.21103750578	-38449.84582034642	36355.55946580975	15625.000000974745	0.3491424611552524
49259.72070298448	-127450.88203204527	339075.62782510667	-164436.6729331333	132950.36554322563	15624.999999621352	0.0005131249285778538
393145.36274334416	-3521.1866486750446	598635.9676818345	-137534.13309120713	152974.82305067359	15624.999999922635	1.0426259613734203
25331.81291603322	-42883.34136443437	108728.1860047479	-22296.8515058451	59291.9995482983	15625.000004243273	0.026346769387347393
13482.345861117821	-7804.181107281089	118419.15418334544	-21185.82928118827	33838.136063131824	15624.999999863481	0.02887190287326706
59835.620982724475	-965.8484110846288	175378.28746638738	-15341.213774245887	32647.64203301503	15625.000001744338	0.8538684501336816
11819.87152966701	-3185.756949556584	71872.69095841749	-39662.439039995515	52952.39188642477	15625.00000280069	0.2984811346010051
488594.56724920723	-637449.5357935319	713530.8708780184	-155117.13178692412	74426.30019896268	15624.999999733132	1.4745959469985346
93143.09015928695	-97352.504519687	310330.0055143467	-45948.174786169155	200592.25993190333	15624.999999107536	0.00809205061483781
68626.53615398408	-105308.97669957482	150595.3929161495	-37830.36573944742	44672.36102255604	15624.999998815125	2.799395241952129
19329.434932741337	-44249.839842267334	94221.18277713098	-29729.496135123074	47013.884501809254	15624.999982740264	0.05006226829639436
5103.693873157608	-24830.5415751416	53837.79999827384	-24340.336659984197	24555.825841701706	15624.999998587999	0.02270317052593528
9160.234431411593	-3828.477073711985	93133.90855251353	-28237.186061348722	52486.70290865143	15624.999998383775	0.01184483568495946
10617.810834476142	-30892.246430233863	121047.56586616975	-42008.51020050958	33978.44695201033	15625.000002229193	0.003989848910078512
59775.0788810587	-67630.1468275224	623273.2220330023	-16360.172953703826	550903.8227276106	15625.000001209715	0.2639680645245074
10442.928205907752	-52292.29067307408	117940.48176629422	-58758.707381277345	59810.775687770685	15624.999996495782	0.00656731936050495
1672.3790819440546	-3449.5286239256684	38256.73834394184	-11875.878755519503	26108.467625506997	15625.00000041353	0.05971484068472171
2161.7727820783666	-7517.940094425001	38896.444772998504	-6755.720009743065	27593.892792704748	15624.999998951915	0.07789745014775248
26873.108176241887	-8726.190150129085	287715.24207796843	-216733.29938894016	239508.32707201742	15625.000005235983	0.022373972265749907
13901.770748417679	-42277.23881540446	218936.68974635057	-38606.55931709332	66751.01504127115	15624.999998530784	0.0007463283760745929
8633.923861908297	-892.6413103786499	54054.851357021354	-11117.799598723768	27000.62749066931	15624.99999888617	0.5219879275563191
10155.477464710519	-21787.640119626434	63048.30182479776	-19389.319547440035	33097.039049700354	15625.000000159282	0.006349229283626191
58488.86203593621	-375379.8425625246	404340.16471422836	-320840.4590059193	26608.582591880113	15625.000244041905	0.7238990001180282
77207.94300160481	-13594.20085376357	293690.2821374476	-59572.3027922372	71320.06726732118	15625.000000139378	0.0175754337760455
5977.969182347544	-3969.765749006806	124060.60406451981	-34163.89987149288	82858.86889096431	15625.000005854963	0.0038546490899703835
55858.6432257541	-80030.92500178091	197771.47346750885	-26378.080546449273	104388.20193986555	15625.00000256396	0.04758176518984712
80444.99821615155	-105613.85456873667	305375.73890663165	-26192.51938348653	178906.89199368085	15624.999997032646	0.08429814046647455
65831.8327969579	-1119.8015424993955	149887.62448230223	-40246.22275216073	55591.48218918344	15625.00000025455	2.0163334513123012
269800.99381017126	-997.6871577013226	435396.4453201834	-46594.86726485469	67233.97837551883	15624.999998626881	1.3210848200580552
7265.49039381613	-8860.5787595732	101655.62403814711	-2809.1550232157656	88037.72433056352	15624.999999308926	0.24373512123219224
1.0667351322645124e6	-2666.4180342191903	1.8607860750336412e6	-739062.1131332191	754294.6482829697	15624.99999799694	5.6892192022247805
1525.1764442574822	-15676.304044846649	47642.44857185791	-20162.078397777383	29663.346407278994	15624.999999947366	0.031308226287056
748.4608511770784	-2703.9256393844553	56681.51855672171	-18156.797593164636	45232.36974200467	15625.00000086188	0.013117856412438893
121791.811211019	-13978.752098901803	258475.19128067844	-58737.394620661595	61052.21394967579	15624.999999356136	0.3498074730114609
12740.330147413071	-17635.735710392823	63268.60030759568	-11623.944032061117	43148.849684162415	15625.000007139723	0.03296801510263069
18470.718694029667	-7600.989847076533	75156.79207550269	-22653.330403825443	35492.20758280327	15625.00000085734	0.01382076147097244
86563.94211652495	-109091.35794810178	191673.19069047627	-30852.072240792055	80863.13968957875	15624.999997341303	0.17865484003489454
60256.328019055436	-2817.171138760983	166874.20334739707	-26482.29903784734	40365.362205319776	15624.999999297004	0.6391077084385051
11097.546805535676	-62099.98595090234	89524.55104225664	-54478.44846869237	21265.484534700896	15624.999993801146	0.052819742332247135
19153.898528184916	-3773.059216281155	91272.68512211856	-15490.251266850712	33325.25076314632	15624.999995196762	0.031073166275878836
43961.036716543254	-52022.35682798782	198797.85988262738	-8572.328945193443	143495.28824310272	15624.99999915815	1.6687322530215813
4100.826840281746	-2298.945249095255	38561.86243365079	-13557.978046207185	29129.901873849707	15625.000000032935	0.07993343317136789
5698.107162520555	-5526.309955332268	56354.95407134088	-20045.69645980458	31487.85667351882	15624.999998836734	0.05978761253474538
7720.213775697477	-5459.387109610936	49055.11605040703	-17521.470488417668	34128.9505401131	15625.000000171087	0.010757729882205278
85766.87708364922	-126868.18337248063	198711.61409036536	-42039.82066377576	68323.92965119478	15624.999999745132	0.7001606851416924
3787.7858167798604	-4871.14988932095	43900.6118229219	-21629.142830778088	33313.51144013848	15624.999998239218	0.09147185102416736
7566.787096517102	-24930.435824376298	49369.824462382356	-19407.139235036913	23565.415945885936	15625.000010713353	0.2799079298012915
747181.3579486096	-801177.3764936134	1.3219601867111365e6	-54620.406588466634	498113.45984128164	15624.99999866043	1.3707759620601203
2229.3543600818884	-2043.7072500428017	64428.41021048492	-2876.1156390031324	27342.910990885164	15625.00000018168	0.021014192476592905
13413.410801757185	-53052.95180176332	123500.20333138076	-49369.565027532015	30039.45192146225	15624.999998725354	0.0024386406867278163
5490.122936765609	-5984.088693672546	42092.29351500087	-10962.92612493498	28486.488363486933	15625.000000769549	0.0091824219548275
11223.46414278089	-20152.39366569942	58859.62978093562	-15276.445605611087	34347.462636313896	15625.000001700399	0.014715862121095234
133961.8911522873	-2798.7647715066487	257968.65629106504	-76495.00570761641	90226.35807283534	15624.999996993196	1.521161551202598
121667.95210818772	-163987.78982158192	225409.2371500834	-45461.24449880957	58770.810264227766	15625.000001255616	0.40966584334098943
40110.20245610626	-29768.162977722346	191666.2716998856	-71658.58495078475	81431.25709627767	15625.000000601489	0.0018267231433548383
66900.08276291378	-99048.63708018139	176208.1938905334	-34422.93652561703	74948.05387929047	15625.000010088901	0.3772034474490027
12817.808400300306	-7784.608151603799	65652.8974884467	-28303.95244574631	37429.45556705326	15624.999999889253	0.04236136046711455
1452.2381574881983	-7088.034968008593	63617.25288933323	-19817.90249916178	39998.56413650315	15625.00000081768	0.006381617162218254
10053.97340664891	-3187.086486511325	76767.81010736327	-16804.599630705983	32786.51297725859	15624.999995354272	0.05627853602434655
162457.97458554833	-335630.33268039976	372546.1356228699	-174127.64922255115	35871.420998328074	15624.999997005769	5.97255613927766
55591.99006782065	-172869.8450158714	204495.3940913502	-119878.55044350147	28909.661956325428	15624.999999093754	0.4039702109884024
11968.434851487775	-36016.30157850738	63708.571525154715	-26626.592284921524	25662.01576536716	15624.999999630498	0.11454458194958035
4331.816557456834	-3069.2766522030797	50577.67815791063	-5189.910371884758	30239.379332736484	15624.999999014679	0.009149368362458322
29755.308730383287	-3986.164235616119	96773.83887906466	-25410.187938315445	37854.536269843346	15624.999994101934	0.28109255666296157
213572.35969427868	-1323.79360436512	347146.6223405907	-62236.820676011266	77135.6704010379	15625.00000086498	8.113687198648973
9214.874319974817	-1067.7865179200703	66323.86981105847	-4966.157451708853	22129.778385209887	15624.999999497497	0.2823563502821509
16555.425542410085	-27084.790390437996	202509.51113843665	-45265.173256878916	73364.67201542445	15624.999999223372	0.0010670079256812808
12475.070828867501	-8080.584720701826	84862.81650891974	-43992.31012663875	61882.41769828065	15625.000001587034	0.00762628198948931
7814.614320796531	-26824.050861969226	64347.91839891821	-22339.509541050116	34502.556711179175	15624.999999741536	0.05066680310564545
116193.86713499858	-17481.897559055353	261782.03667513374	-77488.30782845014	76841.42731781384	15624.999998409021	0.1340588054278635
1447.6391307241274	-1533.4859487186586	61088.83096087164	-1184.759053982592	40408.02299721043	15625.000001410393	0.01635869745504391
16984.252060814415	-3074.2057012621635	89259.84857732186	-6136.103272426763	21520.859946226967	15625.000001155937	0.1312809161702064
4171.021840144058	-5363.749881795073	38235.806307262144	-7112.303083113313	20730.543862948267	15624.999998257612	0.021814951108124876
2033.4943267764465	-5259.517160093646	37828.45788317971	-10140.369139451643	22814.104944629187	15624.999995453632	0.034742953300918256
18163.06130154733	-35738.90387437548	76658.9566763275	-19908.758131731083	36109.02691323053	15624.99999824437	0.05317663325512422
352.3202954400549	-2397.2799712418782	37625.121812372156	-7458.048044905447	26986.74480803502	15624.999999514564	0.03375632128870378
6646.024590865954	-18045.441884692547	75853.4874860343	-14938.299599928081	49357.516411906734	15625.000001281354	0.017253781053456815
31095.26539942334	-37225.49156603456	128615.49808041903	-6892.72509708452	88989.28299276548	15625.000000260676	0.9840663998603004
6341.430783301359	-20807.861924870645	57731.904012349754	-24804.61519713048	33550.05057472777	15624.999999376363	0.01045732313936057
32127.65382330923	-7124.721608005886	133368.34795686995	-22148.628710592893	38014.48603416162	15625.00000053718	0.020776364647110364
30341.48018088087	-34246.83087041142	112957.9674486228	-10373.784350910348	74170.26860204956	15624.999999085172	0.04259228654558814
12186.518939036527	-11963.460109490086	146516.41760307644	-95914.55910230125	110564.62921665481	15625.000000463231	0.008183647160933057
19211.50753136247	-23153.22314421588	83141.33038351254	-21525.313890159014	44646.38766216254	15625.000002065208	0.002035819174961882
33784.35963734571	-46846.94203811059	101184.35179180685	-15346.278169916615	52535.49338177437	15624.999998857165	0.26820065796551557
449.491995112151	-13383.612994463736	37981.967301030905	-17886.798655397433	23354.05576087098	15624.999995576363	0.07679874682641057
2974.717852160389	-1448.2864641785836	39113.98637636319	-2633.1372405750863	20948.504356265526	15624.999999913834	0.06919871151202683
4019.0988837905024	-6802.398817506604	38214.965211657574	-6131.065992978758	28411.918543674605	15625.00000259911	0.038757284845263675
14866.244660762923	-54530.019535387124	104137.76014781848	-48011.90875831748	45900.639561571894	15624.999999265307	0.022089191090572932
1119.4535503254956	-6080.025688536798	58944.51263479353	-14004.959872828102	37033.40325190587	15625.000006799557	0.0067562647254825825
77926.99535245303	-11479.016002379118	193160.79717337305	-62136.15222832945	68320.11870747944	15624.9999980024	0.08099087448496138
75317.6212752132	-2404.247516464324	399691.7502309703	-231864.59616909747	292845.8748274534	15624.999994674828	0.0449679733632529
164285.1051299472	-14985.982417443674	311415.28485513525	-96935.59887864231	100399.21452851733	15624.999997710038	0.09724468894956176
25692.866653237576	-35455.443127566214	90988.02075128535	-11989.210742411684	54108.230654857456	15624.999999415451	0.324751256447249
34360.11338949307	-17553.844203358516	570110.6385363664	-478299.4631822784	527001.1982662992	15624.999993586855	0.005639260385683641
6327.444316308884	-7979.543385925828	47758.86115365749	-9440.09729596952	20626.674988515235	15625.000000786724	0.01440981420464758
1.3509545816060714e6	-1.7557808470458754e6	1.8600205431187009e6	-407569.99132417876	91137.72735911782	15624.999999024301	1.2817001538828896
43985.33054278947	-70039.70827607413	123646.31756744467	-26759.869453504725	50889.30430417183	15624.999998678344	0.6610733079561294
5381.838585785832	-11796.878848703904	40367.22308332517	-8609.2996684275	23538.75207532059	15625.000000047465	0.03201339171346839
84216.67651439089	-13694.869313057116	225412.45360643754	-77819.81521742456	81985.88203568861	15624.999996850762	0.06614153278466361
31973.202514442048	-6296.4158447650825	123767.1045654699	-21525.971080793897	32685.093163153157	15624.999997584207	0.11274765894372815
38238.332222892204	-4774.337439166549	180820.5102039012	-119191.2480394179	131684.31910427194	15624.999998148909	0.29554940774248867
55312.46738188111	-94748.80875349161	159109.8844166408	-41418.870947448864	52733.13808534708	15624.999996702543	0.06168886373872086
12701.75701742862	-33027.77302757863	111830.90506926438	-50556.01873107861	53097.2625706924	15625.000000570759	0.0014283004608795663
48129.71317562104	-156605.30785538393	208942.84993966026	-119238.1283456215	27805.67661362319	15624.999999895983	0.008589369620393306
94332.14132679021	-110951.37545957789	236093.58117356477	-18143.64433699073	116823.70473237522	15624.999999998465	0.20074930787694112
37903.79234849976	-62317.87152216025	102390.93961709563	-25347.224872446357	39386.88385491446	15625.000006150949	1.78610069271037
3823.107235655318	-18191.24021033017	52196.62337301467	-21756.69747535819	29282.748516160278	15624.999999065592	0.011862050923599592
25989.231878812992	-2411.025101222522	85440.51084338495	-22298.060544373482	36774.98769457574	15624.99999805291	0.2655034273724282
19814.85983427676	-29680.079676565918	91835.17299743404	-10847.522811250754	60866.31257378441	15624.999998927058	0.8590330327769755
6082.215741652515	-13811.870478473458	47501.19048771908	-9491.75372284111	28943.4412251896	15624.999998375773	0.04622645000201915
5792.515226245043	-7709.046479713405	67425.77992000699	-3897.060102603289	55256.318036672776	15625.000000351072	0.08522960105410618
2325.549554371799	-7871.941698612412	40718.11686911911	-10293.43298409856	30226.30688750092	15625.000002137152	0.03380927449614797
253257.59162680525	-332638.36525986996	446880.6562155476	-83548.37340939182	112392.30500445329	15624.999999024207	0.9218346054200424
11621.690638282613	-17902.730266930856	56351.122125430964	-13214.526371270855	28042.828034972074	15624.999997768056	0.0050255399448125935
5494.77379694191	-4468.55179765675	54537.8300580529	-18832.50153963825	33332.40056211897	15624.999997319188	0.028848683221087135
32972.11577162423	-84652.00558467838	114561.84802609473	-54784.116412334086	24955.094582406804	15624.999993134523	0.08909121906355358
3170.035873883946	-9371.784596761805	52619.769445064594	-27899.746978876647	38225.87180205039	15625.000001216831	0.011293591142211607
13713.160378369328	-2909.606554251781	82830.41651604901	-43524.6130463657	57093.07277148767	15624.99999856951	0.34339138435075756
13359.820170100778	-54970.06866328593	88015.00498754322	-47088.39015121607	28977.000657762575	15625.000000479253	0.033998041621642404
218065.61342607942	-287642.6538952803	387867.27775821736	-73550.427655647	99351.46218618617	15625.00000064357	1.775154558222537
1861.3562973198682	-13829.239963711916	55839.59938515102	-23329.174013886557	39339.989598669956	15624.9999991505	0.014112682788697274
41628.5276104752	-2319.8101418873994	120567.09926076978	-22536.65464727854	37663.61714534182	15624.999995042279	0.300517351924212
70098.03377977123	-7352.529209605609	187401.46596855542	-60391.67566871261	70402.39267619055	15625.000000022683	0.1409657515421226
12344.323618841241	-33557.567906227574	67484.6000974807	-29468.89611701382	22482.387239758566	15625.0000019508	0.0049136041697438355
24808.43670902387	-2670.9344087133322	80778.70976355173	-16788.168234541627	32772.11228368108	15625.000000074888	0.08926532852061311
94676.01161184034	-6710.262816703436	222238.37020080478	-77768.35292201606	87568.24314733589	15624.999999095287	0.41378707868951453
278981.6376167498	-412294.38137273834	486099.11890231265	-141101.44050181896	60118.87103048162	15624.99999933847	0.0782179121009564
23398.958321896065	-26623.645629489405	135740.3247075426	-33843.56605301944	99907.36977936178	15625.000001491011	0.0040365143895254715
11786.440632076574	-15518.72810951318	79033.94342806992	-4745.815844237151	57993.14385680223	15624.99999965407	0.13204305136921957
15675.092037716271	-4192.561646500716	65356.94026708453	-19174.440691272186	32355.486069666345	15625.000000304542	0.07140507065835769
16803.886102268007	-5695.091342229981	80432.15243614907	-36437.74368230486	50072.349494244205	15625.000002033514	0.02984674410932191
30027.764212020465	-1988.5960542934772	124487.46375933354	-68527.13684389714	83100.15328004977	15624.999998089239	0.8585690081997225
5817.597218564128	-24493.159049291553	66486.03937223727	-34744.99352044302	34765.702222767875	15624.99999747641	0.003786679394873783
3053.0397901855104	-1399.6475992684227	52527.59998513259	-6326.795280755654	25570.046732589053	15625.000000696276	0.06962028946682217
3171.793937243434	-19003.59638881138	47138.114529129976	-18598.738036205985	26234.534508135002	15624.999998494852	0.08818730386564408
12320.348669366402	-15097.6553509203	82364.46864938247	-4261.888487003176	60170.094410141	15624.999980692752	0.06478677787787532
38616.38284640835	-1854.8947278703472	141820.96722699108	-75917.31943442901	91272.56671999647	15625.000000090986	0.641053162438908
12764.896139505458	-57195.50869499356	105272.29214089586	-60671.95144383674	47211.84098113846	15625.000001517532	0.03514682650685743
3673.228828504216	-16852.574062127853	40030.011489318684	-16631.918843260035	20464.1874080454	15624.999776357086	0.045042858095528625
16206.364579187997	-3644.808635382527	99537.64305348636	-59662.92245089036	73957.35019399668	15624.999999344484	0.13730032684777105
42954.389910650796	-4013.288515654094	151374.05308205474	-77210.05410352634	90158.1017914091	15624.999998597548	0.29839434580464225
26396.023103558102	-36708.96777369785	106142.17799548904	-17380.70374753573	65540.06080466017	15624.999999226195	0.03645544100208581
6676.276185631417	-7544.303665092215	46148.38623561757	-15865.03584837186	27832.782510043005	15625.000003794441	0.011687194872322589
3156.4502808536126	-11333.534955314797	57641.94278479871	-16730.417214674053	44236.06039867499	15624.999997358667	0.028326956093779315
327693.4602636365	-491503.6581981101	583540.1646274759	-169020.63811947804	81019.37140534617	15624.999999312713	0.1656914370710406
80554.7628670481	-3073.566695046038	200253.1375120764	-18038.946489145237	31588.21682319293	15624.999999383148	0.9704810771015718
10184.157086199411	-26595.844649078557	73702.9099311463	-41919.4737638426	41911.94521565526	15624.999978982145	0.0022818025021693468
2209.200077987698	-49269.70585918256	77862.82403089725	-56742.581866780325	26473.486091511943	15625.000000121794	0.03163032252007515
25119.138771310973	-36566.663246649274	92155.68756826782	-14212.202439841512	53986.517765829674	15625.000000003736	0.22011324116347228
463983.2381797591	-480217.5110944826	1.1974628354847247e6	-20803.234841929137	714030.1376742788	15624.999998622994	1.3629140305381655
9486.760712931755	-64662.43152057077	97826.95119321824	-65095.9326905777	29781.572012026445	15625.000010185177	0.021500336577089336
6791.45891005516	-16072.720010192996	63517.232159196545	-18438.826554535124	39721.6282818114	15625.000004372843	0.006157593082548057
257415.65296674456	-9487.077976439497	531167.1765308293	-218370.71252132332	225128.9735747676	15624.999998890133	1.1573467590390927
33689.57490934541	-3664.663431986235	190322.77185517678	-24825.444187832818	49342.30176464429	15624.999998838211	0.027328019664557508
46941.545257642625	-967.2405667979147	126010.85902354261	-44288.6917404917	59520.07672812503	15625.000001300621	2.712988487184955
2.083067765309074e6	-3568.3992694579647	2.6909899577045795e6	-483392.3605529246	496559.69351225684	15624.999992729514	17.953996887396446
3270.8918234415873	-17083.36575016607	49247.561610899924	-18755.860574116385	24725.60997490011	15624.999999029718	0.012363638734775952
552345.4633315596	-1181.2123891449573	868011.2280748715	-83166.61722505167	115466.33131989441	15624.99999891604	0.7499945629414163
11096.486927085556	-20876.094941409072	235937.72992412548	-100574.9822492516	172654.63352162507	15625.000001285109	0.00114735624452482
176306.1640137785	-269353.8979623222	502705.00185268203	-157696.686338468	230448.6167560037	15624.999994689439	0.02487617136245265
866.0224390070653	-29273.39044633694	73060.27305035572	-36672.32653890271	31038.023886352312	15624.999842681922	0.006369175043807131
13077.659106056624	-37863.81208122139	65651.37833423087	-28173.010627185802	25729.495766223758	15625.000002861409	0.08484054932039409
12047.200622360833	-8445.19997497672	188504.5162224123	-154917.34232502343	164254.07737997232	15624.999998714247	0.11872523343348529
3819.0662049282946	-5616.198389928995	53350.77016491746	-24500.66619389207	35615.62258113669	15625.000000375687	0.07057488069591038
3916.4374011095997	-9247.384256194513	47458.03473801042	-22009.223818378017	31333.122178587793	15624.999999108202	0.01345138042299684
20153.15225353496	-1976.046087992514	81272.33548362133	-19336.326694801923	34292.887538090064	15624.999999901242	0.28876967652454644
9254.876054615954	-27408.02774194483	64290.517571644334	-20270.443453880354	34398.15411284108	15624.999998459338	0.10192554097479785
1823.820441795788	-3335.192132194052	33103.94634773134	-3338.357004383707	24560.27801408685	15625.000000953176	0.0462144509533233
36342.55733957702	-822.1618405966692	116391.4732352625	-37685.753409692305	56014.56326997287	15624.999999337135	0.3956825685365859
2579.8195710742875	-8158.597712107665	166805.65844217225	-9722.893195062235	111111.26643557125	15624.999998583167	0.0017448451953868775
6198.423342686423	-23971.658280678428	74730.53204169293	-43474.4994681909	48028.6297481386	15624.999999930573	0.004190496792481583
10205.922774963085	-63785.24087708185	410729.7861618421	-203821.97792546597	252241.74788813092	15624.999997703972	0.0005350792628122556
2446.4490178611304	-3445.78842992081	42396.469936995185	-14089.393179266583	32015.21400443645	15625.000004183647	0.021992401716956236
5255.171494970651	-2274.170273257245	48072.4845528258	-10163.381537245863	28470.339233241655	15625.000006384784	0.0347285168642931
9226.81467224806	-15700.348604343017	67510.20032268763	-16124.828382984153	22830.23204814142	15624.999996776227	0.004797007834129136
194377.5702507152	-253208.93881855396	322097.38879802864	-59422.711238493765	68136.43202608624	15625.00000076719	13.093103448329687
259293.03425629437	-761.0717655460321	454103.3856102468	-102684.3515030255	128065.8718600922	15624.999998546162	0.9308227675924611
8631.629876974826	-1506.2658695277496	61905.53015416788	-25910.847480075565	41866.49575989164	15625.000001709705	0.22112449577857757
162067.36650986254	-6327.881699494363	814381.04382913	-567358.6104553972	644976.0840571541	15624.999997018524	0.054075543714951387
35094.49650606103	-65572.62922899805	113827.05289791554	-33453.520752072436	47386.65087308253	15624.999997901235	0.411245980132062
24280.107587278326	-947.9570963542283	101947.36960400557	-20476.983709479366	45425.664951257	15624.999999961692	0.06883102408599817
6803.662741087683	-12191.388282108252	57497.592069809165	-6151.610524061238	41572.33162097898	15625.000000769382	0.1935382476868265
8223.183931802982	-2604.370828880754	56422.61085489765	-20840.371209774166	35826.74132339755	15624.999999554071	0.09693235264067886
173913.56684856565	-180445.3901887535	636216.1125030592	-10331.695745910558	452661.92349417537	15625.000000655295	0.9997188462811315
5851.998534514023	-4967.971266183923	74853.21616921798	-33726.85078953084	51618.39802096684	15625.000000614818	0.01599606497792383
1963.3174826182535	-11993.17329243559	38969.37098487388	-14188.474664764715	25613.269651319046	15625.000001011333	0.07239740098479173
134189.46637778252	-190096.6426351314	255766.55307015104	-56521.487182192024	64201.35867360444	15625.000000690932	4.225640111647199
11592.550144952322	-26069.245547196937	147094.7639263048	-109424.94087156175	100790.86938946173	15625.000000964186	0.010394805723400442
12160.815756990574	-3114.925207834971	68688.4813705075	-34932.40925115644	50289.91384487809	15625.000000396685	0.08331925826929767
32402.944259477314	-48787.18407641226	170288.555378858	-24841.373788094785	118308.47630618105	15625.000000875505	0.06874686686700744
29982.448746251095	-44384.0872681988	186417.96582997643	-24311.2287417731	139333.96894960108	15624.999994459096	0.08583565457866345
10196.185760466862	-13575.667417900419	76786.34136027964	-4427.770485745308	59983.22462906903	15625.000000250719	0.278859070744767
201177.15713688693	-269275.3040995046	389150.15906664706	-89454.1922699748	116871.71186589013	15625.000001384782	0.08350977958550274
878.7170476598603	-6978.535669040477	103535.22795512332	-22970.81874450637	89748.06382245004	15625.000001644064	0.008899688264202933
19599.457323998213	-36561.075663306576	74438.94473214223	-17715.26272140697	36442.849893307066	15624.999999538482	0.6570932300743931
18713.73444570222	-5171.1422861199535	82648.6552284477	-22325.415058635303	35529.62532277194	15625.000002730645	0.04546411346524808
118174.87897552736	-13264.055527469987	987503.7248209866	-847836.8596085996	850851.0242042758	15624.999999162952	1.0937440455087757
15025.013858279071	-21132.287418595333	70889.92720786837	-24903.017558523185	43912.38660536574	15625.000000155298	0.0035924350587523872
21429.40651660679	-2655.0195549704085	119195.47015779666	-77114.94500880905	90998.90688441851	15625.000000682907	0.7312094872860344
11638.853025361259	-1322.2750052195306	57955.015258992484	-17683.48781569923	34052.08081811472	15625.000000395587	0.19411296914331144
94957.2830437753	-4084.2487864825234	303576.0835624138	-95601.47422671314	128767.54727872189	15624.999999401349	0.027085440390921773
3431.2742076831637	-4218.797442104202	42689.90597648546	-5836.817024383927	22369.64704248635	15625.000002351706	0.019642903600129664
15237.086226130801	-59109.317980753316	130061.45486063046	-47913.84891253099	46085.39926593254	15625.000000158396	0.00800627663030444
255515.9337798499	-354695.16394864157	427499.95746505423	-101504.90329500448	71922.26002313744	15624.99999872698	3.6609468789597095
111689.12737731752	-41709.50780273905	332627.2891768557	-92022.85417091195	103406.18657998228	15625.0000020492	0.0019766755744937223
36450.83307249884	-1407.4929901254484	230407.82862595213	-3587.6047122382834	22179.128179887397	15625.000002137764	0.6208362722978651
49480.11065356076	-224332.1342385832	265798.2824375626	-177982.32600651443	32998.22390176833	15625.000000680418	0.13575007911396683
19848.39768830035	-38124.660863796715	117585.40534702176	-22009.35250220506	72426.32651269506	15625.000000093132	0.033059937344706025
23797.990745178482	-53282.561290304126	89374.25102455029	-30972.768403805996	35194.06708857469	15624.999999080675	0.6418911929094013
7634.800168002959	-29015.8774517004	77402.28838159733	-35670.377775217064	45565.929039182265	15625.000000970835	0.010675710912528785
28494.590844823193	-45093.85704775865	135344.93228155328	-40325.641562442586	56658.36262693402	15624.99999318985	0.0012664398854673286
6645.704091314517	-14646.525352793862	89788.30216272455	-49069.567659011926	52728.72357595654	15625.000001291744	0.012304094931625256
5879.3172076584415	-1193.5018034002012	61701.42801935947	-13958.798401195716	37668.83013340833	15625.000000307506	0.0366514666277752
151516.51038854878	-4295.44180636965	277966.74098129984	-62254.17538618439	75408.04571684718	15624.999999575235	0.5405573498929597
55460.49154369827	-83853.34115632028	335816.39056072733	-82709.70470001127	23692.944697152743	15624.999999662621	0.006874144805819126
8472.662289048945	-9753.946364742213	60562.055460173346	-14079.028153516516	21995.451514458433	15624.999999209485	0.02584620135150352
73361.44833779127	-2104.362918990897	466755.71310368506	-317330.57187005295	367996.43542446976	15625.000013888348	0.08819233375517829
23462.683117546458	-103107.8333303325	251691.79272692552	-103346.50533955442	87184.47521711838	15624.999998847365	0.0011619857599718644
707.9679814678966	-4430.228757020658	32067.60421317602	-6152.216081976139	24339.289662616076	15625.000002228262	0.06243986916958355
131687.79521120852	-167038.69949803964	253632.30412029388	-37604.868780585886	83589.52199087146	15624.999998584643	0.5489493089582181
80530.47729903075	-117087.34439301025	167910.74234616407	-38365.30740271461	49751.18291299394	15624.999997881896	1.1699647031693792
3652.91493470814	-3914.867368137721	50848.479102522324	-9419.276746749667	23364.920136790286	15625.00000147413	0.05951499080516326
38986.53351341502	-11827.340562303783	314847.4394725069	-85362.13541532533	198049.16553381816	15624.999995649923	0.0011598957775741825
16502.47813579688	-19345.04341067917	129339.62513790172	-9935.043517229109	46941.21745783796	15624.999999865588	0.0008015274659006131
4297.730555433755	-11153.48869347937	102579.40455398487	-8550.064155204638	73111.54538893126	15624.999999577587	0.015460087147946168
162494.25116283252	-212711.09405204747	301619.5098358569	-51006.83579909787	79343.11026627688	15624.999999340103	0.5799392686120726
8544.098794215533	-1004.9426083256949	219013.333813961	-1733.1631193395265	48931.52299213927	15625.000000859904	0.01734078037799436
2552.0294684739783	-4852.326926161377	37732.01755308022	-16616.829928042163	29281.675561239244	15625.000002536457	0.04442472505532849
3402.1221231478694	-17379.551008230723	76199.86191517086	-34523.8331124499	34917.10248467043	15625.000000530454	0.012436528700750758
18110.169577133667	-2036.4432672228263	76173.74486685707	-22830.61017551628	37545.9924187375	15624.99999983891	0.2966181146948082
23850.54834829102	-806.7716885326081	84025.56226490776	-16457.868004318225	37288.91342779735	15625.000000189611	0.138438863014297
18597.673911993046	-30457.704644624104	89689.71693736609	-14897.85276929586	57395.044669357194	15624.99999961571	0.162588906845446
1005.3120731624385	-8793.799841746111	61327.63623634787	-10789.59671712678	30703.03712034844	15625.000001183507	0.007704913771236444
2.265378336826964e6	-726.1660998658044	2.9323664312775116e6	-578938.0216003351	597502.2388143532	15624.99999954105	29.95494247368906
76372.0832085954	-10559.333927650412	247577.27672923915	-15735.818415064132	35574.65124462824	15625.000007630326	0.013801382987064681
29938.702616609167	-62027.07934178074	102359.10036497517	-34422.35663743911	39499.80435765578	15624.999994601501	0.49594692684962743
17382.9256994047	-1059.437764488511	75822.25418396384	-28569.680208657166	45797.751271985675	15624.999999273194	0.26701027909776825
32390.166241401777	-1024.9107200167928	123479.23084435792	-42551.70772961191	67870.56786806892	15625.000001004519	0.09782931504434506
17328.82651916631	-3678.7258609857463	77525.17723980558	-11723.360517198853	28006.71480674256	15624.999995134422	0.04086547340225166
5204.479069826928	-2773.76365457648	50314.20000298672	-3783.625492676526	21325.064872096103	15624.99999972121	0.036580995105182215
51699.80553926427	-2925.4666174915765	130850.94109911169	-30249.878024267833	53466.50070411001	15624.999998152405	0.04105576251401809
31400.594008078864	-64743.18354135644	99511.06759172404	-34684.38900018538	33252.51008948506	15624.999995919876	0.5141543077981723
135010.37912762392	-1106.9905465597276	248060.80976228535	-40753.15170169436	59067.40109927533	15625.000000533579	0.9049398189341847
205441.25050573668	-213462.4588094586	443429.74712743337	-62890.75217176761	199309.1242718444	15624.999998955303	0.0037466489232800197
8176.360397946531	-5353.0047355756	91760.60257038813	-16729.1623718569	33929.064500475855	15625.000003484893	0.0192990688877806
2163.4882995366934	-6399.411679050679	58302.06746685982	-31131.086693948368	45640.847267298785	15624.99999999399	0.015769673458978995
11861.105452808924	-2039.6297402054188	74957.77610657182	-42602.193120307726	57205.21726477092	15624.999998591316	0.4790481871168079
19152.452264595377	-43548.53251406009	72994.59449800689	-25710.323190894138	28671.324492855463	15624.99999999674	0.7286690390836994
234885.14916214603	-392485.4319590556	501315.84978402173	-175470.27961426938	103403.64001754916	15624.999995870468	0.05960048709538169
64448.86304623682	-87141.99709451527	161507.95906027727	-24174.217106579006	73122.43542935775	15625.000000110464	1.0753046191195972
5843.562531116822	-10342.865592942653	49852.85967246629	-9725.935957362304	35610.086593019136	15624.999995986902	0.020507612377593538
180458.7358894181	-266308.4954627985	354289.2039074007	-107443.77665005134	86098.4365567042	15624.999999838734	0.10874615915378569
1215.7843860443681	-25965.851162425883	81387.55802472588	-59111.89829507307	50281.771413035225	15625.000001779292	0.007983886722036614
4050.772672690934	-6286.851254649404	39396.00637820022	-13712.688883994335	29812.322902739164	15625.000000397866	0.013633632599288696
35425.761366424405	-4084.256602887765	175339.16047118796	-14895.978646328862	29011.50007244738	15625.000005791604	0.22325896286698357
1105.1708574932854	-14189.957698759803	95670.5927203075	-74381.15383385254	78190.81348010637	15624.999999729935	0.018939378903494574
18949.011946829123	-818.6588774656411	80171.19229091064	-8950.469368027367	25355.630959516922	15625.000000156342	0.6988445973966816
16764.770372005536	-4007.6674271471147	282720.5160410493	-2792.9980819121974	23530.37998642132	15625.00000090873	0.10178502616418919
294298.6978985568	-4265.785420265521	655218.9544029934	-49053.21441379888	68919.27594514657	15625.000011204393	0.2226588354860565
44944.86259935236	-72647.34938002954	117550.9775755015	-30214.434627937368	43516.10253817979	15624.999999433448	0.36283576513305926
19154.835573838616	-27291.367394812092	269885.9489525941	-55577.40056071377	60821.307492187974	15624.999999598658	0.004078753684892704
505056.6359361073	-735282.1510129528	1.5787456638245604e6	-284611.26251733064	787482.1383564111	15625.000003599576	0.0037918825967285692
3075.030769201325	-11142.216335213627	55046.58320912371	-13099.415740124969	41602.993794490874	15624.99999934851	0.045291818791787966
5618.963021381617	-5129.71272009987	49736.38688774628	-4465.248699936966	37310.35901403185	15624.999998675312	0.011172617215633594
7084.1512362443755	-11116.880438991313	81633.30073810514	-56836.83215738267	63047.980127925155	15625.000001189215	0.027720534217887557
47773.11805954174	-145351.5930082921	216845.5799720566	-105307.93952781084	23814.071330836654	15625.00000138914	0.007596653686748327
18404.190081304467	-4220.020840713696	94889.55611254711	-36872.38682325787	67963.68074291735	15625.000000841455	0.009285014379148589
10107.347616118604	-2555.921821763033	84278.66647240461	-13075.979778628323	32855.26233607798	15625.0000016446	0.03737014374574331
9802.356435885635	-21541.805130124318	64244.29683413014	-13448.995817173729	27123.05134233052	15625.000000896642	0.012914317535749023
110285.35558505057	-1758.5595207533336	265534.10220459785	-13759.399548507867	31381.027434508112	15625.000003189263	0.5803392874704668
271432.5119714632	-432818.1535343511	481758.83922662184	-162168.4279634738	44158.84235219867	15624.999997859937	2.4171016217236723
15540.967153758094	-33483.82588891241	106493.73692140297	-28106.693119352592	55837.483656009754	15624.99999937535	0.0034692983083247577
405750.6254911788	-631713.6673465664	897170.7354915707	-226861.9111964688	189107.26607706415	15624.99999916352	0.1497916628856661
16702.43161699144	-127474.14045510054	152291.789523966	-114206.27800534366	20349.857861103395	15625.000001377648	0.17504430433720208
73350.33030671411	-113228.75722095583	192681.7600902631	-45975.78914695674	62101.876962353206	15624.99999856897	0.016637614259754043
57440.32409608539	-75978.23231406212	173481.69069303924	-19596.361947746118	94793.56859490207	15625.000000479333	0.6892638890104142
11771.574267957414	-7750.299353936247	82429.25862863986	-48749.28345636199	60556.05159744795	15624.999998685864	0.02123400801573463
55265.356959992096	-210558.68047948577	233849.0421557429	-157406.48680621537	22694.479989988613	15625.000001450782	3.343210410451405
19711.7602004378	-3500.4318083202306	87551.91896229092	-8261.256572071568	22534.125062226565	15624.999999136806	0.14311219907012
97600.18582658446	-153086.61491627572	204261.80568232527	-56259.73033840506	47803.750775974244	15624.999992134923	1.0788025335844433
49655.890973145135	-718.0472665922655	129795.47125583855	-25197.915996528733	41129.327946448	15624.999999462772	2.0176552405112296
16155.998379565004	-36339.6687668977	129123.85246875798	-56808.486595350594	40797.641769848415	15625.000003448178	0.004193503458865207
29750.838280705677	-13020.328636807244	141890.47804780956	-35312.598947848805	39757.23277728638	15625.000005375347	0.05276297675334759
63355.937984959746	-97956.31328203098	145850.6145003331	-39442.811410139984	46546.66352552932	15624.999995950377	0.2567039931194098
6471.583523713125	-2797.0308319039177	54647.11822150042	-27823.269148804015	43811.65012056078	15624.999967853772	0.06942230100129722
47629.037340244875	-949.4683562950668	140311.38904753426	-62471.2809094572	79714.02830656948	15625.000001243447	0.7820761603392684
30070.383384737586	-1314.6204370577648	204842.9901867304	-6437.008163121518	23173.971934044734	15624.999995628837	1.1473969243128463
126340.3265623562	-242687.92347658984	342011.1504364293	-120262.93495090771	83650.54305422818	15625.00000473042	0.05445244858599242
95538.87311237765	-7548.013925834763	243908.57985676796	-111164.07675531748	127944.71118165992	15625.000003480513	0.04508167651296578
31744.67992751584	-37980.41781135589	115016.7187020441	-13257.994346857857	74610.28873140813	15625.000001863926	0.08423752849040003
62743.89997053084	-624.5610946324996	142246.56729784654	-32662.644610497784	49279.343990575464	15624.999999604897	1.7728929659768928
210986.11542914482	-62181.56940054671	379176.4290621234	-72140.82592704624	76320.49349971721	15624.99999969377	0.0018945085927213198
5681.827002903432	-15673.172821697168	58768.093058537925	-11292.503472063094	37770.40544282796	15624.999997189385	0.06708339566152824
98163.77789495137	-252294.07816185255	284090.3237515925	-155788.21801950486	30970.166960214905	15624.999996043363	3.1301576287307027
199600.89950913377	-235578.89169590757	377601.6352626969	-36490.054915495915	132492.96908298822	15624.999998443498	1.0855897934389906
3766.0250342223317	-1573.8820949361698	85501.74360722149	-4978.487839431225	44981.50967651732	15625.00000038653	0.006555444682064907
365511.4192551356	-3689.067324810312	907708.4904374545	-141131.56896952304	295553.42504623625	15624.999999067863	0.014198479359984984
2543.369648857196	-5120.133980224768	32732.87089472347	-10374.59667708227	24288.014053492618	15625.000001654524	0.029389564551504287
3771.290728423999	-5724.914004933749	35118.90315354739	-6781.779451028631	22554.178238744425	15625.00000026911	0.017095216299452456
24569.132644219768	-70861.40960456348	129993.6568773237	-54981.248905197426	29458.37193181204	15624.999999014599	0.004014520734210992
20733.56261953278	-54234.81697397225	84892.04869987699	-38346.44821420044	29858.118437109864	15624.99999112892	0.18771479999595142
27483.241413038166	-1512.4758280189894	183544.03325692963	-4616.252745932279	21944.122247724772	15625.000000177417	0.6524292254124286
51938.0260843632	-845.8486382785011	187859.1547213185	-8105.475920801722	27819.658439415405	15625.000003999543	0.5489767129629498
123583.58227716449	-1019.6201627536611	331420.7516839493	-167725.46224028786	188196.83989898505	15625.000000200918	0.8566935447602226
3042.0975035121082	-13520.313821117914	45358.73341847118	-19241.601208263703	29504.9263919254	15624.999999527412	0.018219860248796863
18332.290447487027	-39677.882574119176	79049.11109629348	-24249.67124434939	33026.89828708535	15624.999999383985	0.03278014636423942
9923.456227094655	-1719.5338325245584	69560.46316616687	-36161.2531175467	50941.82552348111	15625.000000999256	0.541307334267087
2116.106189461425	-3827.443268556602	32052.096692629002	-4990.372276675054	22910.39665266241	15624.999999766202	0.032241039907658524
17274.837714068824	-84485.55141269951	117266.60746767418	-72763.78657228267	19667.13595460984	15624.99996043113	0.01968501803273423
9494.454062669785	-24525.417121133185	84195.4098834992	-21496.13525232878	50676.02399447013	15624.999997295876	0.009332227540882851
2731.117960029543	-2559.9868658497035	34384.653184049464	-10292.304349855705	25651.159122258476	15625.000001669658	0.06823502011788955
30086.58431731399	-5237.196646266406	111241.2880946522	-48420.731633050134	62289.0496103756	15624.999999358452	0.05321150025299198
7728.079044567421	-14895.751067894278	61140.56218890287	-14932.297813466634	42056.65470811911	15624.999947966076	0.014154947663387818
147029.60680537406	-835.8910889145443	302727.9586679436	-73566.46068326116	106054.42155694065	15625.000000095006	0.2701252169108464
106517.20092079582	-164637.24805814892	218996.1601092371	-60366.674164348195	52060.07470511117	15625.000001187695	0.578787233255582
2004.5151375103633	-3531.242735839398	43775.073069263	-7572.080739005814	25016.432765019144	15625.000000963366	0.023451724515975946
16090.211396034189	-57429.278002109066	116246.27634859069	-50919.16673512014	44894.22530645536	15624.99999799304	0.0056914515735811515
4470.588426002386	-8305.829057485309	42061.800010842126	-5311.623251660154	30011.7819109341	15625.000000539845	0.07254870810827903
156892.4660485401	-204454.70565961848	310361.13502601965	-51603.13721717824	105022.66072893946	15624.999999208092	1.2407474342263987
2785.5981381324964	-128366.68264877622	418464.76410785323	-309049.85527747613	240394.66953880253	15625.00000218609	0.0003660883023816331
24533.168856878823	-13564.916042921608	112187.21032935253	-47338.30548981065	79792.95054942113	15624.999998624393	0.0019288984895705157
22478.177261515943	-4671.235105903383	84876.78821396381	-22310.478044304542	48469.75524187731	15625.000000169857	0.007808256902121485
2459.2701339752584	-4406.992439407764	45921.58339464695	-7741.606510778617	24501.924592479154	15625.000000893997	0.01850048866663243
24327.166528691763	-817.2142755612977	107736.44699429916	-8105.292448331404	27097.340801926115	15625.00000040582	0.3342956720584683
16284.547653322225	-28612.68892197893	74909.71425713715	-13163.319370997575	45182.69227975421	15625.00000152833	0.8207162473319912
96055.74153672066	-165708.9315298607	212719.25848087575	-70751.10820895946	41958.309492587854	15625.000001796172	0.5282058726094524
53491.268174875164	-1041.3318565883806	177751.46880170962	-9720.037814038984	25869.270960336667	15624.999999466523	1.6732582976913135
16107.931111048156	-34685.022548427245	76271.83433546647	-20290.588863932382	39573.80581437859	15624.999999339088	0.19042063609751564
243.26414133433764	-3219.1639968086	35375.25009272959	-7738.320672345224	26864.96142800392	15625.00000080053	0.03318616350781132
13234.25664201143	-22407.209668551695	78184.6784175901	-9910.824897677943	53251.309752041125	15624.999998091022	0.43368172070643635
38572.324406096945	-45922.58856170683	124010.72770342045	-11298.03292458173	69901.91727972904	15625.00000093956	0.032633958866027026
7713.64631911352	-18088.206819478553	93417.87737749694	-43047.76091852868	72265.88470249723	15624.999999049343	0.0051419304603368115
4483.9620773161005	-3341.4137663485844	66509.95102087158	-40302.72813629886	54878.99219554005	15624.999995763923	0.10316991029901017
9093.003546940423	-15014.724242622251	56380.1419577738	-8005.932703066286	31970.42773851913	15625.000000693974	0.017204122270291087
199642.66486179823	-371012.20525241585	418572.60570696613	-172273.89085199963	41830.92815706905	15624.999999557538	1.33463028709452
25778.37871745968	-59905.93919964667	99093.48937174618	-38079.46363023345	38309.723664905505	15625.000001037282	0.24508509506732531
29578.549142431002	-51037.46655632011	115401.59112438606	-22436.859340363677	50112.356645120424	15625.000001309032	0.05091471533163026
74039.77875806525	-104834.76614429354	193668.4172599346	-31833.899431033584	73618.03502758883	15624.999999124906	0.10559274111204742
65525.77535775257	-83640.07049662084	218457.74420632585	-43457.928035077945	130427.89886151778	15624.99999957993	0.022556084420408445
8337.808687880744	-30522.068330742622	161828.1576526498	-58460.65125628476	57801.586665366674	15625.000002049446	0.002510239065027999
6613.300843917157	-834.7766462195286	82535.70914263584	-9964.131283647925	41477.55270665002	15624.999997876264	0.025990507673967586
72623.39296852535	-153100.193345415	207178.578264974	-85500.75748272706	32485.338893785854	15625.000001001566	0.024204686940359505
7190.379028828633	-13614.756668762886	56990.6379231069	-10480.613476941246	36535.289942895106	15625.000000041295	0.014517183876447437
2972.630763913876	-3723.286615068653	50191.86779038902	-3985.9690709524457	32326.147945403834	15625.000000664713	0.009694612890411208
52239.735805842756	-13795.163652377138	153489.26509506966	-66063.46183448158	71040.17704138132	15624.999998195337	0.02646984230245421
19483.30208180276	-991.7766012698194	79189.83711892362	-20339.45693659841	43149.393266010564	15625.000000076852	0.07385532667903749
73269.70906101823	-137036.77809887307	176899.04348714586	-65208.44031337994	38519.39370076508	15624.999997865332	1.1786602014444942
13818.477154699262	-2288.4755264160194	79454.08405770999	-40377.29180011638	54394.381186569546	15624.99999838934	0.5460275742348885
4833.668795645787	-2507.111637771199	43931.95117885071	-7515.250783178214	23365.000729834373	15625.000000705735	0.06161702271011987
12671.213070539461	-44436.976975467536	76903.90532373676	-38810.96310248532	23645.290380931983	15624.999999613516	0.009609542901710708
5944.106922392872	-14037.509569805661	84179.03084259703	-12751.29561917337	65742.9550102945	15625.000001630753	0.04074878750724449
20883.58859670528	-10850.04105179667	74768.85762675997	-20399.64742275635	32311.026978735194	15625.000000375085	0.0060589691371635565
682744.6799822005	-5679.11052077034	1.1290240211621462e6	-159501.90213124873	193759.2631153213	15624.99999918061	0.1374409621638287
11246.690245240745	-28685.898329655174	123015.622295129	-90510.8925943211	78809.0765839353	15625.00000052905	0.007622042344326726
510.17443066693386	-12519.311038706435	45510.731752715736	-16182.541529865615	25970.187014643514	15624.999999734	0.017813742556346594
12922.119751447704	-6950.723389141349	79742.98838060803	-46205.19843076385	55630.55001186964	15625.000003154564	0.12091293980506401
20718.05489880946	-69222.30139218114	109210.41182265061	-58726.63712153537	38920.77817311982	15624.99999910337	0.06356727655132724
19968.383235913236	-48657.85080038104	82329.92329393793	-29947.59667365905	32502.112147010863	15624.999827733263	0.5405605937909838
4542.403153698087	-17634.51754993481	72271.1627937845	-37165.78301533368	51380.60217564406	15625.000000624168	0.004990143694175108
3151.7582043316797	-5559.297684685844	41731.287222854444	-20284.940256012138	32481.86285297235	15625.000000122585	0.03433032397777103
5650.488089846396	-2457.085427097024	63530.687666393	-11255.9473956935	29221.888284131477	15625.000008423056	0.045237260673697
169804.00493735189	-204941.30317266312	371168.0368597844	-38756.08048411825	158623.07389703527	15624.999999999516	0.1679630639883793
19211.692906127737	-914.2282174671869	123258.02364078964	-5533.893199545732	23839.811554205735	15624.999998157837	0.5121282559824096
32834.57054759486	-12122.768138400315	397766.4461165475	-18758.362755154696	29659.954329653767	15625.00000181446	0.061819320223356365
8984.093598464158	-37588.720262629795	60081.824508799415	-30620.02462890692	21495.43949518859	15624.999996013823	0.35711567190924615
4617.8232712843455	-2686.7615754344206	41458.69340844639	-5026.463050763588	23180.337558749598	15625.000203276752	0.02634232042934556
75607.28987174705	-134944.91161574045	199908.80570739927	-60701.41931310957	49640.16650361521	15624.999999672793	0.10108886499754136
1235.7254221608164	-8326.776959743758	80055.64487704996	-14948.185651047766	49029.34351581463	15625.000000928645	0.0035119019208016897
21330.58260255828	-3761.2104068016297	76912.64440108121	-19023.213008914663	32185.38121682845	15624.999999060477	0.13994555457386096
36502.93505216681	-3611.28297228062	147452.77891149954	-37106.11487320468	60629.27820436389	15624.999997886582	0.024357096071007337
40580.09494104562	-67038.73637370148	124366.97762680046	-30112.368599541445	55730.74779990879	15625.000001187047	0.20511324533365405
5243.775822172599	-16635.588680325658	42894.58434350976	-13156.847509170431	25211.18338709118	15624.99999866433	0.23538959814207996
10374.128269149756	-54980.30858355811	79579.91078203374	-49902.879011850826	23346.002607969887	15624.999998888177	0.122820548501134
13839.841899020132	-3308.1765421586515	61830.26086628158	-12766.433697169647	26762.20796868624	15625.000078115612	0.09879249153757157
14948.898035771865	-5802.41868880811	64003.633044564565	-20251.643469743532	31594.713503917184	15624.999999210004	0.05378215596566327
5326.041517352889	-12651.03836594116	39344.468371859795	-9592.10817400444	24351.636071859015	15625.000000975066	0.07141001315366616
4987.6175282920085	-21287.982692575522	45311.31907951084	-18967.12272787062	22633.614801009215	15625.000000397784	0.12499256521753989
11747.087755513232	-14863.429460228595	76779.30805293412	-4270.014890183444	57800.87802371563	15624.999998758594	0.17619991296602366
555.0964529111661	-3707.918773624955	55450.88737958437	-9901.732847939202	36988.57781107118	15625.000117240474	0.00929944918842208
37544.65212834685	-3681.7977219732375	133024.94085396314	-36565.243777251104	64065.76698499592	15625.000007852563	0.017026301814866775
30005.602282688604	-2647.4723440178495	116873.70450137951	-20644.750289287273	40190.907814146776	15625.00000000291	0.052976663793323324
4877.1564714493	-10849.45658318908	38266.66666414868	-7388.119316579425	25763.528171931393	15625.000009114156	0.1724447445836085
8081.999068483567	-4005.6904864080466	60248.89009268962	-23137.13822035632	35656.74296551738	15624.999999624015	0.13679220526470906
3097.0026911664318	-46190.611588842876	93828.26461560142	-59357.61650366349	41115.051758835936	15625.000005041453	0.005230782733528805
8877.327914244612	-58191.086491682334	79693.5783720176	-52426.8079597404	20808.65753911121	15624.999998292878	0.5157405964862287
7562.208612016513	-8584.760699945455	62602.84475262784	-10070.806849283304	20610.355145733098	15625.00000078262	0.01993273671332725
10570.032060726222	-3588.2936316216073	67272.2969091693	-33641.382949089195	49758.30612263444	15624.999999186286	0.04557569544238194
384585.9645669084	-10756.795468209253	713958.802430912	-177024.02569688752	246671.10562023462	15625.000001556677	0.01667875458444682
57458.87206716259	-70968.11281559977	163057.2525725572	-14138.953637898783	90998.72629507596	15624.999998753425	3.277478154326548
9691.556796319133	-5373.239466952706	63383.259250929	-28898.514601336276	42607.18968059479	15624.999996157749	0.02655952562386383
86469.15888105387	-143519.07760929616	197871.1506679721	-58744.305468534985	48970.543280588856	15624.999999490252	0.2667168713693707
431338.0784147038	-475168.763755542	690712.6636493742	-46661.60332515637	213723.5741428586	15625.000000212132	2.636695222999328
84652.27611514658	-125795.94079633849	206144.2861049187	-42841.70665265506	74772.88420365518	15624.999998539686	0.23365073219075327
26626.992090429063	-1807.108552236401	105328.85958724469	-36327.61561884887	53689.01079653665	15625.000002776738	0.14276510582268073
9648.657348097397	-18438.532121002252	65328.91886710358	-33801.0779530649	38364.08957904935	15624.999999991414	0.0027582573105643196
175241.7366550449	-250090.767353045	366648.8705979857	-88996.28776573735	114682.86682702886	15624.99999911982	0.17164141435904562
11688.617659958814	-19908.684138919034	61133.576472528875	-9383.605396799268	39447.06948687643	15624.999999209884	0.29443548603660835
101184.49752965244	-1761.2061593866945	239771.02762783147	-16515.551389793203	33225.495520853234	15624.999997332547	0.6864172310239924
454784.57394315297	-22024.017071864073	694551.1057707395	-132951.98255378022	134943.1774013614	15625.000002132045	0.07285491318100785
81523.1786982473	-58916.52043894492	189547.45047132624	-23179.94558699208	64609.36398674245	15624.999997319072	0.0009215075906504497
11273.738997820037	-168885.88435649002	195866.6886880992	-166763.59305378943	24252.72433548376	15625.000000332655	0.09333411890538505
111506.24217759378	-602.9967954609201	419722.3509270282	-6122.048063539746	23336.313905343002	15625.000001180615	6.052696893009331
33047.125342494925	-1324.4918189203763	99993.88792909519	-16111.431073068758	33085.674026748864	15624.999997840961	0.287164945104315
3718.6229717811075	-7264.698849228624	61669.366287176206	-4206.324543519804	50833.68941836129	15624.999992910278	0.3120390507177106
19983.66155972345	-71369.23992123446	127822.68838174442	-64364.56326931992	53571.718127666434	15625.0000000711	0.01972215937587131
14753.507247006066	-3147.4699953639465	85922.99093630721	-42168.197653248986	56204.574080293096	15624.999999263	0.16369045197667273
402314.7748283558	-451683.68928590184	763481.3807033582	-53570.830138309335	303334.1071031119	15625.000002234723	0.31719907735924446
26102.371944031125	-1452.1673927211332	97645.75985348824	-38912.3097614016	54166.95266036922	15625.00000101683	0.6318433274221897
7085.24251990049	-1115.1871196538486	52915.674874362376	-13443.60519112034	30755.344689657177	15624.999999299984	0.1498569547530584
2722.2238798627222	-1943.5292711892544	32439.49612064127	-4731.945730758613	23137.86761809222	15624.99999737594	0.042960198162904806
4341.249402984258	-4465.824271692773	44858.71135422775	-4993.489633722148	31841.322904757428	15624.99999930337	0.010378893810362376
5015.329691529518	-2163.318649268218	45799.31964983346	-13336.636398908997	31251.89213572633	15625.000000002005	0.041673825433379635
159963.7751477624	-237937.84575364034	344202.37705472903	-87113.32868083632	104360.24959670944	15625.000001307206	0.23664681273454952
19697.390745189747	-963.6439764813722	77002.64155728955	-24492.011764953182	40171.29302844376	15625.000000248176	0.7624819065059179
5712.511515894368	-28025.46430849859	56714.26332624427	-24950.651033010523	26651.142044858592	15625.000000184647	0.1003092065669793
347776.68536345655	-661.3137448811613	549101.0716813543	-135806.27159066498	156525.44712154387	15624.999999920306	2.9075909184193365
12589.831257827344	-6606.812770550825	107745.46809159912	-10216.324522803156	24053.131563114177	15625.000000018015	0.03955175080058482
3063.070758169407	-4264.880826476989	33346.41707373796	-6844.00462866998	23527.950038010036	15624.999999765187	0.022846452216265984
164637.4768641545	-4292.146819704397	306020.28278006555	-40417.355496249795	54257.77253390099	15624.999999671982	0.44485655310092287
13867.849117077305	-51535.9100587283	77455.66527414089	-41074.1339986996	21971.982678130094	15625.00000159556	0.06343477496460509
403656.82786645973	-35495.565518256975	790719.9896417777	-242815.39012676023	223703.72491329344	15625.000004431058	0.366866279556876
2207.9418576235303	-10899.52804283644	39019.81717553964	-11902.819974057624	24203.539471753815	15624.999998080162	0.033398044412638994
4675.736324600672	-22619.048169101377	73359.03639134485	-20962.045364120742	39294.63838963315	15624.999998457322	0.013684628190961239
22820.04479349493	-113099.08165620186	137576.42256769596	-93517.91841396678	23308.59015431942	15625.00000584271	0.5353798039550262
3229.853629272584	-5827.213565443992	54179.34151706728	-27943.075743349502	38787.74605765415	15625.000000026892	0.07574640705401914
7038.337598627713	-5198.152669319178	58219.137233667585	-20561.78306840398	37614.280313292205	15624.999999240563	0.012221663219627591
758.3848652901252	-9421.792352194612	35946.36747788344	-12444.946288792184	24086.26234516113	15625.000001470838	0.050727944516899034
125403.22760113985	-740.0217617242288	238448.3637088359	-29983.849870544873	46747.70987776916	15624.99999912079	2.643545036226884
453777.86828839383	-5358.849911702919	679412.1964726683	-152370.76583545533	169840.96397789655	15624.999999832915	0.369321139404245
12529.045254197921	-1333.2659370280162	65149.363230322335	-20242.906781104783	38394.13122786215	15624.999999933818	0.10737312245428375
49711.04276536123	-71542.7428259537	133783.13044434215	-29029.127591969584	57550.55018120445	15625.000001001092	0.03813787490105411
5374.721302261596	-8530.65709189279	93246.34354435746	-66278.02965581726	75512.3719258015	15624.999991355813	0.04463628209966003
12564.35295719457	-88306.07293106621	116711.96364805405	-79950.35419151599	18838.30945309464	15624.999999491876	0.04347543684569593
4516.423271770114	-13927.541247346773	58316.27118470831	-11849.73022685689	39227.155363907266	15625.00000010358	0.037665079855648695
34493.220331921766	-91629.38000110777	158382.65419816875	-58746.9200601483	50470.36837212563	15625.000001909822	0.045792562956026
3485.7161693392754	-1973.5667528324152	44886.524757095845	-2727.4773772940634	24879.54882620013	15624.999999911	0.021350685777452028
71578.66640784648	-2968.5383288476814	181895.38292906087	-76806.9015817136	92420.97964104102	15625.00000003173	0.2676584303552716
13293.901127585752	-13961.944969195785	59972.56828390015	-19252.91158100053	29430.70328136414	15624.99999750613	0.0032690908247732294
16006.517749581413	-5616.609761698712	86673.6815085585	-7215.281409085483	22133.08539323084	15624.999998690202	0.03214705031143309
115004.8426992372	-272937.7443975	307057.46146412584	-159197.97635072883	28547.71748922127	15624.999999292471	0.7585806251968333
7744.128484433284	-1775.132903406534	67019.9805871062	-3325.1529428022914	20871.01123551652	15624.999988960568	0.12060964154433171
4412.346509711559	-5262.444653581905	76238.40913368261	-4720.27478849127	37178.58471341268	15625.00001290429	0.0035068830659735666
125652.06801424213	-204434.65642913006	274825.7457571357	-97026.58694170686	49695.762040343776	15625.0000009348	0.00853395364300356
62049.33111839904	-80454.48142066752	187031.81531238192	-31981.564145848093	105576.79393363393	15625.000001434702	0.1728159235172855
1406.4156501060243	-11381.1488273266	59846.810283800696	-34497.779862208045	40831.9931026968	15624.99999810458	0.017667299619615547
40096.338994030506	-76932.17148603167	119733.63862201692	-42260.06037488715	28969.429668097742	15624.999997586612	0.015041741365538222
173052.63453517834	-211080.7115856116	302933.0161801581	-41148.09487700999	90962.7981813573	15624.999999924128	1.8583917283865155
22763.80388319795	-1981.887994131267	102298.01607583836	-8002.562938061485	23343.107950471807	15625.000154319918	0.415927019013474
167483.1301792512	-285769.3815001083	352039.3269489119	-120969.25195040008	51962.56717429275	15624.999994758487	0.1349462411496446
58755.23988926495	-2793.0297356049996	246276.15361819975	-154882.51593504255	180187.10307240204	15625.000001718698	0.12926907454743375
13982.775203454308	-46894.05557595375	370199.7070362489	-61351.64649522686	37561.38826340783	15624.999999753069	0.012493377309098866
26121.45306427705	-856.3307385017697	99986.16038477064	-24316.709558247338	51023.49697779976	15625.00000064378	0.06907233857645216
5822.496090942641	-7949.263693678689	69876.50003202492	-23577.35011005031	44258.934555083455	15624.999999275105	0.004667155626462628
21970.039389641715	-2937.497675631701	86063.89071302518	-32991.500949547044	47913.984833116	15625.00000145879	0.11862173886940182
26707.315371956385	-5148.958548587998	173076.02951335342	-121141.59443071383	134016.4202840608	15625.000000565367	0.17254029141938465
64140.04685317073	-31868.393454724046	253056.67099106405	-161408.7982719629	152416.17770648864	15625.000000536658	0.00460584983652319
3359.617631360075	-5403.765837629369	35012.702373115375	-8318.792766714701	21309.92801796663	15625.00000199427	0.02669469416468926
29865.16916574494	-35433.88155022486	131825.42734428844	-6451.733454115132	94469.27258556586	15624.999992980243	1.1869871457400334
242249.26056882925	-2020.1516459140198	509848.72479329817	-221997.43902542442	247502.95086708665	15624.999998366577	0.39743341210213734
169633.48369342473	-347437.04573653196	461160.22151252395	-225320.0706718745	109861.92591674154	15625.000001570646	0.017444329866663284
21307.25608621107	-589.8984237239647	652205.6597066289	-2652.7905927856955	48005.5074035089	15625.000000937838	0.1483670598599584
15948.20751989796	-4476.946451314041	140084.00869325185	-92779.26927478935	112145.95685927005	15625.000001951616	0.04589755586757881
1162.2062931801192	-7595.964350974526	43381.88396988716	-18672.238132571132	32686.940371653996	15625.000002331624	0.01614068780344167
5367.202710970916	-1985.6393737700068	47042.18501441728	-15426.129041173379	32936.046018263325	15625.00000780099	0.05582614122905823
7516.758083405788	-15315.630693960236	55763.23478218762	-8806.654241291864	38255.18023882643	15624.99999726945	0.24987013162541705
165955.0874922038	-279848.4128606805	347682.9476411659	-118184.96158569981	42709.438134302356	15625.000001090317	0.05149321238969367
176127.92718509247	-286884.9313919461	373266.197543292	-111433.17370519914	63673.737096698394	15624.99999847173	0.33792607467651437
54383.589622067986	-64877.954869242385	172388.2504775757	-12822.355481182574	106188.54141870933	15624.999997907653	0.8257663082124101
28004.882292175374	-3204.2560948033642	99309.26636653172	-21756.56639471992	35162.927306467274	15625.000000200162	0.3045969744045577
5440.223134883966	-3082.8493162222876	64559.077743521244	-39208.781116581995	53048.564478868946	15624.999999905376	0.20066814734997862
17541.872799472934	-36050.8162123538	78668.36162485715	-20026.841830846795	35477.60521506618	15624.999999217533	0.05309461895324821
256686.9982069941	-377096.6582444958	686639.0845064444	-141881.4396119301	126124.0257709669	15624.999999537366	0.0017299464862732435
26916.10978452531	-2926.9160959802102	124913.06203432992	-69768.797843991	89839.12248700386	15625.00000075018	0.07646575291003514
23572.4549846933	-52406.128409263	84716.53071424023	-34006.791066227815	30539.356445140333	15624.999999000163	0.07704085516655051
2606.0818931696776	-23194.97898128965	51680.84710556455	-24829.546633386046	25616.953534633652	15624.99999940872	0.04068693809622385
44340.69769080615	-24768.95686029588	229498.49184111218	-151768.3971196353	143380.43477873915	15624.999998583558	0.05185696154961011
11537.143736925067	-1428.3531780239655	140097.29665144498	-4157.56853232426	22446.828269826656	15625.000003648951	0.37966324924098677
54274.03071869133	-101803.43273156973	140605.81808539765	-49678.748044681764	36339.17281530776	15625.000000296013	0.3104408118231863
178720.69952356938	-1425.6369929570465	320682.2778165836	-84685.81055076556	105329.57839163144	15625.000001043843	0.5831814655035936
8811.595665343339	-10926.335689773201	154184.90261811134	-123149.02882610029	132471.2724030735	15624.999997364837	0.027763223364932667
19684.998292466626	-6611.237848134918	259457.81069238484	-222349.38326201146	233066.2075432795	15625.00000054331	0.362472663067633
2237.920065825776	-4205.254933150951	30481.55119040725	-7745.736862869584	22056.62948920019	15624.999985960545	0.040071726081028665
161969.97053550242	-5390.985118365385	440201.82486749685	-166159.1246413004	235296.34232182452	15624.99999451646	0.018573346330733397
37802.41679913433	-732.5097570089745	123770.80035033968	-30299.523892770798	51334.7023225678	15624.999999056003	0.23645726928222358
392266.23259724013	-1387.607836689047	565878.5819574774	-80022.63783390148	95421.26072148452	15624.999999078731	7.7510562847015585
4527.699807800577	-19936.43667692505	46617.300747618196	-23350.434578044224	25077.1772072647	15625.000000143293	0.027000588858239916
8124.414897126262	-7945.770482622524	82736.55565652781	-52320.92178467781	64498.923389940115	15625.000000110085	0.019131932134182954
10213.299928956098	-1181.8071835836745	76167.38068217022	-5210.46913547427	22008.726477781667	15625.000001220358	0.35848187929402175
3319.135686968577	-4709.271270213867	48272.315396008635	-6319.6787584862905	23845.814399378767	15625.000000660975	0.014418499209066672
17245.055230787417	-3745.3912323059953	67194.94427661877	-19368.045905975465	36976.47243058361	15625.000000216152	0.023457056400009366
4707.666301283956	-16504.327639235442	129592.09712261165	-70648.11518390011	109631.42556442053	15625.000000561718	0.003737129168251344
3658.061523026009	-5179.375639798316	36555.383384122586	-6871.300086628955	24336.57085205502	15624.999999347014	0.015479845119330688
19124.340660220943	-22357.535884641577	78563.00085917022	-8490.635252996464	45320.36531848507	15624.999794082018	0.007917789114919927
88611.1699426056	-6176.464388197607	199624.73316953698	-27893.586286626454	51786.99284456021	15625.000000937358	0.022996190569895082
1.0784939751914376e6	-10010.296346805624	1.4138117394377594e6	-177775.85685494595	183952.35435795283	15624.999999249689	6.4194294235784195
4614.621787573804	-2208.441409323823	44801.355818516065	-7215.554857278597	29237.584764855506	15624.99999942583	0.017883021486423057
27755.703204283287	-91135.60399396444	294191.1839848965	-137434.7257481242	64989.965526126005	15625.000004795176	0.006339441899157319
4404.261791757992	-5849.635751703936	100909.69158174781	-51330.999456066704	76378.23496525387	15624.999997458624	0.008915895118149046
9505.562883126375	-22148.99375155638	53616.909918572404	-14887.234742818517	27240.06717598054	15624.999992787198	0.04526801696017188
4375.555700568929	-1223.2285297709448	38675.78457859705	-5409.51319056834	22234.592821638973	15625.0000007365	0.13751443108594494
691896.9701520959	-930561.9827033328	1.0283462987770801e6	-241047.7256987281	94354.0148593845	15625.000001712295	2.655299976938018
6083.0181659730115	-598.9855482494277	83718.22916900177	-3019.495734560393	26022.724072685116	15624.999995678401	0.15441809311971932
54697.04477959842	-2166.451726565064	162878.1732902518	-21869.06828257406	38440.57563706073	15624.999999992726	0.2622423683255215
6218.707082968234	-10018.990765947645	52528.75211557446	-5527.693039579994	39716.71174091831	15624.99999945096	0.11417506262190784
12265.015721693602	-43891.735813375	68874.8175910862	-34648.32625129835	23290.337437411556	15624.999999722386	0.14176083648430063
4812.686788974563	-15678.546554706409	47085.42385197338	-12656.633523928584	29939.34089466557	15624.999995037913	0.17410945066010167
4644.384588595412	-3547.042083436869	59150.069844414546	-11383.111554882682	32707.93011253487	15624.999999969985	0.012340723524247624
1968.3615107974802	-1771.7075816424717	35229.680581449895	-4989.309239475986	24528.936346230923	15624.999999841244	0.040736084015855725
15777.218834924104	-11391.756447283875	68071.71306074271	-20564.463389354933	28851.628917442285	15625.000000533939	0.009102042466557776
67375.8949927272	-2262.857823300715	231453.0883318514	-136116.0895375345	150155.99780830182	15624.999999819118	2.1514480658689266
2355.705627960153	-25710.639505130068	115791.1423161166	-91137.46020734572	86527.07451887452	15624.99999879217	0.003410576154676921
340227.8251482161	-382853.31902683305	521039.2183483914	-60322.62641876706	127286.1281968317	15624.999999427151	0.05319321134221874
16994.445663078455	-60066.936878065404	85720.42414770753	-44731.45011922362	24865.405831250406	15625.000001662498	0.7997349111603873
383.65533422303633	-2234.1597102991186	35790.616313395454	-5932.762370878276	24293.922282456828	15625.000001081557	0.045860344203066596
9337.041878880229	-17704.955470747052	66683.0498006001	-15062.669557946998	43941.08387472118	15625.000001360557	0.01453649763503018
124502.35825235354	-179869.9542574033	283350.38684791606	-63882.1254787886	66822.20517291893	15624.999999782434	0.009923138672009066
7452.3428409976805	-2307.533903808788	55031.55443497951	-13583.890595275037	28294.67816871924	15625.000000130203	0.15687759983757227
12156.970853312872	-20283.802870298496	59795.04868971213	-8893.319171158313	36085.573475482175	15625.00000255197	0.19763597339519626
9700.607371626727	-189751.98207255144	219887.03893277762	-191280.77607229352	29494.406058944685	15624.999997999974	0.30684514232502963
219289.9097047506	-299939.23148080864	395518.5624380888	-84634.20874541906	94075.65806155898	15624.999999916025	1.0183878127688144
141332.44691437398	-193516.3764779303	255507.73000621476	-59646.91648615626	55920.191492021986	15625.000001023614	0.08448105675198164
40248.66647115536	-255116.28867061064	291124.8032353483	-218612.97378976643	26524.803189660714	15624.999995743914	0.13481367975542594
4049.3940666973795	-4929.461088846357	56483.11175386052	-26665.14768229727	39016.11640283199	15624.99999907568	0.058897318986617334
227822.14052732894	-22868.861453544756	443740.768198235	-65352.87958789128	79134.0419793117	15624.999999882777	0.012824061628037151
5029.106554665283	-13757.187670725776	38907.49672575845	-10506.224882003982	22591.159709755448	15624.99999560196	0.08558790427328
217360.9430922516	-9588.11268897303	796548.7158835637	-546072.4075542212	555992.1069340181	15624.99999858209	0.24052114477223765
29853.47563340547	-1964.0866009139136	99380.59279648526	-13488.88037054604	28403.829107225505	15625.000000628466	0.46363429038008325
80314.98375609472	-2113.288744494559	186403.77220180753	-58917.41501989577	73058.44680615909	15625.000000186352	1.707907688266664
10325.957602930928	-8386.706496353818	142974.4722153314	-7251.314502975954	125565.61447823979	15625.000008547679	0.018300583711696752
29925.67755935798	-40980.5284413569	111052.02476791851	-13148.11873407814	68842.8941855455	15624.99999947047	0.5269625708759811
1238.2901348839805	-20199.59671291283	66957.16257845188	-45847.98484500243	43217.87254874112	15625.000000499816	0.009479919005621892
45605.69618585638	-732.252007287867	116040.1350673193	-21735.4210553538	37700.34477998867	15625.000001110751	1.7341061663735622
6415.693169049589	-35902.870649236065	66379.78035048829	-37991.50769081636	25134.798257658287	15625.000000567357	0.01085282078711473
40672.19960733745	-1416.6386926364698	146538.27368793573	-76752.18932817754	93030.19120398758	15625.00000004374	0.6680516975796754
14826.251861137658	-5627.898200003605	243556.11707759928	-70389.20414043753	216721.09551847022	15624.999999499014	0.0021782781809746104
28835.376575320202	-2573.1433151254905	173759.19195173634	-36379.72026902248	73769.99671862228	15625.000003284484	0.01287641735243434
678.2565113773035	-3726.625031098316	38729.73942195132	-11918.736448811775	26979.55302982994	15624.99999930423	0.03929671602790359
35800.92287180431	-7692.344175235368	104915.35982247978	-34720.59482325262	44595.11294087476	15625.000002079949	0.05864660304984273
708849.2727942421	-33708.99258112516	1.293789254084387e6	-387663.70695946726	381152.8446374065	15625.000000652843	0.047179831705060155
2088.258914553525	-3174.6580768853337	45530.96150679453	-2919.6775028013817	36119.695386528605	15624.99999988343	0.03915373879028406
3072.6160012309847	-3416.652326075775	57634.18040416863	-11178.497293115464	30328.297891603324	15624.999999671356	0.019230229279239428
15636.097883391922	-13019.450562649605	79023.58924890205	-31992.788862144866	35556.487930685806	15625.000000571592	0.03546528900775958
9727.364802101176	-3204.5959972525748	92533.55156354925	-62758.94753108747	77366.47586952985	15625.000000314176	0.19147531178839214
3169.6848368187857	-4192.140534771611	44433.45571724047	-20188.48258483653	33475.57196501202	15625.000000766478	0.056207761353863
31027.961998529114	-13085.106053871388	208856.19738874468	-19940.509508681323	28647.388200797024	15624.99999055313	0.03252621927527731
44318.2241769088	-1314.0763309544855	172156.8050490747	-95779.03626103599	117738.30532846985	15624.99999877515	0.265157915538427
3261.169129752962	-5444.51745982437	64065.742094656416	-10550.365009886078	24068.765984879756	15625.000000402542	0.03719700334769709
584548.4835631754	-633110.2847689263	976747.8895362088	-65303.662252261915	342802.1720926586	15624.999998363885	1.4103104759887766
2842.593089357973	-4125.773632883397	40558.8420277776	-8475.346178525147	22384.25434899112	15625.000000045035	0.042490249026190044
52176.46458248053	-679.9962751314388	161795.20627935138	-17305.479355529376	35615.06977572044	15625.000000331975	0.7803681853916365
51954.27370410035	-121735.05808075573	152552.7156609006	-72352.98549783557	28403.18823535077	15624.999999810123	0.3212281250235334
7355.628217029211	-14721.094994368963	106198.0426149629	-28900.39791161826	82843.50844683195	15624.99999431835	0.004514764226142004
5602.933230874245	-7608.976265836274	41929.512808852596	-14485.485034853918	26788.636019628495	15625.000007154304	0.011219363060224299
2.2361989421486333e6	-3.1413139687276827e6	3.75538205740083e6	-911875.4350878975	446318.83074531145	15624.999987550778	0.05881530148086093
102062.76543918066	-1106.8427370212376	229016.67611367806	-65154.574358303355	83528.36339768511	15625.000001709435	0.6596990694171957
120910.95339767402	-976.7867698537884	312894.0450378042	-69443.5513975547	124806.72720005445	15624.999998851505	0.0703601453700904
139588.67312442762	-2206.010694724084	265714.1558579691	-58235.47594872973	83779.96453233459	15625.000002921151	0.1431700430507503
1549.9933829444635	-4317.931413476996	46913.64896156738	-4213.212172977612	38027.06006294262	15625.000000863765	0.07703505646105334
16129.307137965669	-3429.1710123346925	77522.47983815093	-36480.15206357151	49323.251618111804	15624.999999094585	0.33034544276029953
14403.42750945923	-718.4593286047057	65027.737630641815	-8699.551174771705	24861.483189730898	15624.999998573543	0.7809972626875772
51357.408397578205	-106175.51932459482	144987.53126061568	-55872.79424213645	30948.938319584602	15625.000001309876	0.21987339384412694
1711.7767906551908	-23277.634516754097	53733.522167182375	-33722.68232661454	29113.998939333997	15625.0000004475	0.023023845916190607
5444.620477623648	-5271.169720306891	58887.13274085849	-27052.69245988691	42211.64453431244	15624.999998161118	0.018907723151891404
4098.312331077164	-13771.670349162481	66734.6933654605	-14382.609174951824	44796.55184420568	15625.000002829169	0.012526180944146944
10598.476332853548	-125395.31238315837	164888.8607885571	-136390.25546520215	36535.50144463785	15624.999999563875	0.010553722832955473
99981.1083430245	-133185.47882086877	219456.31915279804	-34262.519472081214	84488.30799742322	15625.000000312531	1.5093713958702957
25233.83601805609	-34301.170745919706	110086.82734013825	-14346.633310571522	72348.92333385964	15625.000001444901	0.06389259369352113
10676.886306787139	-3112.800466779445	61547.080962263135	-29385.96689195074	42574.43135422755	15624.999998253916	0.2908183861570016
13372.787686533295	-1143.9651329254266	63536.12995588221	-20401.102367003215	35945.7079950443	15625.000097506447	0.4965448548576112
85501.48227458308	-1287.3698818460502	189865.23337333277	-19599.384009680245	34873.550168812275	15624.999968706863	2.307770990732195
12795.46884777263	-36878.641252571135	132462.85513249435	-34334.39003832097	84567.85576391558	15624.999998209736	0.007536649653758503
38659.54802407292	-20767.023238906346	144620.62188661646	-66217.26077694987	70940.80947228061	15625.000002675923	0.0042748372639038
16676.78084647243	-12465.030929315948	108763.3935402062	-18963.555655718814	41684.44389802733	15624.999999667541	0.0024070127047380943
50526.41072061996	-56550.87014401391	187795.4531919039	-6942.5100493024365	128494.85731042945	15624.999994849582	1.1367882419423947
859797.1383993793	-1.0725344938170356e6	1.2970191199712025e6	-220066.28087500227	200183.8031419927	15625.000000960594	0.1457575169610282
14098.283072934137	-3701.526534589554	80749.27132747369	-20783.981998729054	34598.534826037474	15624.999992513447	0.0966077791986708
38250.47840611194	-43745.99135862151	276003.7941741715	-8446.3608043601	228600.36528287316	15624.999999172458	0.4326142302637449
7691.241904993363	-29506.082825394482	58473.61779007496	-23373.17829025565	24765.340756617057	15625.000000299537	0.08534413778865302
42469.63175351622	-2453.275080499796	141339.93560238366	-57274.054044105054	73076.81743538422	15625.00000006377	0.21411882442413266
16723.449244905347	-50001.02746395906	76369.40765324459	-34810.445372489055	24749.72597704961	15624.999999306385	0.34745445242853973
1422.6577879860251	-21452.750939032136	73630.08274165048	-26098.222632552493	37996.87572034648	15625.000001761302	0.006364919256177072
272060.19967388886	-2249.755340890763	612877.7581850353	-181235.2025978833	227345.06925488147	15625.000002905072	0.0957437001541973
5793.303782149534	-1609.7905558175503	46980.66249166704	-5684.00612318042	21833.644391239548	15624.999999546038	0.14533724414173646
20673.606040975057	-1822.1944736184378	105753.5152688617	-50431.546146089066	77397.67991198355	15624.999998910876	0.05185961835433353
17205.08257326891	-48008.91211135499	77549.88295392832	-32834.65196961188	27953.705137045938	15625.00000242694	0.2394733610995403
2618.974529855979	-7933.95356568971	62013.439060979756	-7602.219925411693	34791.28875387879	15625.000127541367	0.007859525544136556
17596.94699186324	-1108.8845916681566	81123.78407917172	-16868.523129608435	34486.12026370361	15625.000000971995	0.20204932237141418
21845.68922085277	-29620.3603170461	100656.72899790054	-17273.352318470166	62581.537089880294	15624.999998592994	0.00910118926383262
17267.903667755665	-54193.41260114231	85293.26814076127	-39104.810531939154	28317.94708646983	15624.999999726184	0.14145109407981038
10032.391670057099	-1406.4070599489723	51422.192182422	-13746.981402197911	29310.733802624152	15624.99999921997	0.2549914569360969
53510.374071328464	-6255.720550437058	205335.08242624882	-8520.490580835269	41261.38028048952	15624.999998865074	0.006656412444425198
136552.69035251258	-1743.5839602774358	295639.1534011517	-111378.51913292544	127496.64917058335	15625.000000557742	1.0634081936483402
2881.2671926839685	-15030.383005016483	44219.67973834649	-20732.42882506037	26793.695000679232	15625.000176048372	0.018578571803687254
53756.20548311324	-8859.92309407983	162649.21490557457	-44627.38979502727	89120.8932630227	15625.000003236317	0.004079146547217148
44129.41502635251	-33703.293570141075	123997.8462721263	-32581.383502686163	64813.20888902573	15624.99998721882	0.0011523342865013865
9539.09581373859	-1843.9879299145405	153856.5147134843	-4635.9146108916	46616.660076679625	15625.000000454776	0.008435922209877296
13413.994366022474	-2139.855137631259	66995.6031643564	-7724.231338763025	24043.93387455237	15625.00000041941	0.10942020336080008
17805.137353543287	-31932.17734781654	130632.9501001333	-21034.39224013758	45311.65454626037	15624.99999866031	0.0012985073858338683
19772.255205294343	-29553.276917426505	110323.41389705674	-12119.08444300263	78244.0853139755	15624.999998769905	0.21735430996272453
15416.4778515847	-11199.74260389	80381.12444948054	-17338.63165756775	24819.992341311357	15625.000001263637	0.020099442555494947
24454.980252075362	-75517.80849605269	100764.30949191585	-53540.43062230388	24343.463662049788	15625.000000895758	0.5604832249500022
14050.262561768974	-35445.86572268902	64309.01284380219	-25495.860568404998	24649.432382828265	15624.999997959356	0.030655347053773745
7997.740660160496	-7829.661277103038	53794.247137827726	-11140.30407886909	24846.0739649803	15624.99999964616	0.008489923155092467
7086.726843945435	-19719.64782068919	56755.83271827269	-14451.586061296519	23705.107305004378	15624.999998233485	0.015255696118535158
9773.99882140277	-957.2830690794735	78444.26581272845	-7478.935071689985	26070.745658014046	15624.999999590524	0.21576614877933345
11633.2404841947	-4720.194205987615	94626.06111290542	-60364.07865512913	71874.36139394618	15624.999999306192	0.3507852779945614
5658.130417387651	-46218.6015870172	90891.83772706655	-48923.47602275378	37060.27267614193	15625.00000100453	0.010334230343921653
9172.337292107572	-1272.8886261632586	59882.51236707965	-9163.5898183331	25539.593116411463	15625.000000249704	0.23257827743775122
5933.964113156607	-29225.51200724217	54793.63107957819	-28220.89358833716	24730.288031940203	15624.999998137966	0.11730239264413876
36948.08505694616	-57436.78012562549	144858.46770987165	-30802.752540774072	85603.59480287685	15624.999999465348	0.07556869342774503
14650.436981111407	-21596.7746018071	67073.74888908918	-10616.44387936165	39161.39568279963	15624.999999556852	0.020257563681942547
10331.430456915434	-23176.79605293319	81371.41475257161	-16876.998957964268	54503.89544609102	15624.999995507576	0.046244250972250725
49419.8786976351	-50881.36234694374	534795.66840497	-2232.6980429781665	477008.0742657693	15625.000005980139	1.6095961358098092
137647.3587507475	-3210.4833828018586	260448.18822108937	-33041.998649515575	53050.30071572904	15625.00000042262	0.15171958516526915
16312.989036315648	-33581.29365750807	88142.28008062305	-18691.524892543337	46330.82091686118	15625.000000178828	0.04994411889870941
1596.5173307313144	-29889.808815317952	111730.6218388141	-39007.17536418322	34420.653484928305	15624.999998829784	0.0035388094368334604
22275.15253497481	-1268.140503482693	83521.06446087151	-14777.109118793509	31880.258392403484	15625.000001687251	0.22176472109828252
316204.99268628156	-2385.152508860644	646649.0247976992	-286221.17814944196	302436.3746188091	15624.999998994219	1.4996210794497427
32608.945147228224	-45709.514943359725	137919.4615004022	-13707.668136700624	85270.59778728744	15625.000001317298	0.2778557153951114
79641.9420074889	-94499.87980890174	195982.8536709135	-15516.891135565544	100077.53560220353	15625.000000230764	3.0572386751765506
6865.817879026759	-10973.843046833863	88532.98834441534	-25834.991243243683	73901.07039978085	15625.000001522812	0.009752401431164041
10873.609734265247	-13697.937436107772	81422.77988095905	-7062.659863106787	47493.40014454092	15625.000002977133	0.0036097001846530003
1272.0444651530452	-12652.828221224614	40163.82019805846	-15532.89789008188	25824.495302011514	15624.999999352382	0.06206698805528109
1276.6588793388946	-11702.56488050224	36741.46974455392	-14543.145622007458	23775.54368224267	15624.999998591473	0.08251666485066794
6543.222042960348	-15639.89279462432	120207.54422402219	-23342.456082324883	99571.4515281351	15625.000001970562	0.017309837648971812
14545.854932380258	-17137.852103617537	171071.2479214822	-16970.34167586734	21046.578753270078	15625.000000062879	0.02627635070468513
4984.237711294852	-20898.929244883177	43726.90710208974	-18967.695621282386	21278.794494114547	15625.000000912081	0.09494257370398605
3580.631917762934	-18695.939671365544	56436.56606733648	-23428.50257760362	23275.699617492734	15625.000001213222	0.008435082414254037
152310.39827458002	-296128.49683455774	432949.861745822	-174943.2581622264	132409.25583621018	15624.999998202125	0.02432512842148535
962.1003959333971	-6348.877610316612	39135.79573942535	-8895.176012485901	26649.98042965542	15624.999999761534	0.023406233560704953
38471.04996053308	-4265.341181864363	106292.37140505764	-19925.810724644354	36105.78352153307	15624.999999557676	0.04820657913297933
57242.27494798666	-19440.53520475256	190302.04291631508	-47343.14209100246	45292.401845155924	15624.999998491447	0.05395319040460043
25268.319540981538	-54010.839799820635	88315.00662033926	-34131.88482508533	33098.17345768004	15625.00000143239	0.11245655408238187
16659.27070003066	-52129.30111884689	90658.28191006802	-51157.25344931578	35976.32554451738	15624.999998651092	0.00985505916027158
12463.128746935254	-1907.265575725638	65927.05718272841	-28842.11384008034	47219.71285261857	15625.000001160623	0.0785571593394336
25280.880534092023	-6326.722463411573	87240.37047484654	-19341.826929598188	30072.364842984272	15625.000000153392	0.08800436678671392
11367.715268149062	-24131.646290051707	447422.94495679764	-32089.908373052825	387873.77967507334	15625.00000072099	0.0027731432783952552
6416.328851566213	-2968.5101343544675	70169.13198488014	-42665.25500777768	56074.134915754315	15625.000000632943	0.3825600903200813
22808.839397297143	-1540.647262602066	99004.42283614952	-50716.572767155485	66585.86800428324	15625.00000004625	0.4532437658124758
51030.48918626603	-3595.6939175924845	146290.44381736638	-15277.667590576923	30446.10141323437	15624.999996589264	0.1562536798365103
18318.153448521727	-3258.962707323526	237333.5327745636	-7764.650115729217	25188.42688152303	15625.00000054999	0.22654996591340848
29836.53548148428	-2724.9885603178523	130032.43485214941	-49073.08325985346	69109.31208177606	15624.999998794465	0.053082357955164805
35703.0825990467	-4330.113881021106	122966.68350914045	-55198.10106191115	74347.83700808836	15625.000002143093	0.03784578199665594
23208.179255151892	-69376.7521961914	96220.11331809562	-47391.357392231774	26272.362099171936	15624.999994357946	1.7019147719300456
5248.714360915723	-17786.68919070062	45672.51669371106	-17234.120938534565	26833.023491943713	15625.000000625636	0.07830359645654927
41470.63770395977	-288380.9393332137	356835.9845491376	-291083.00481820526	66879.90342742205	15625.000001164013	0.01053518973173888
3517.956973172055	-3359.5131796847563	34887.772323937155	-7962.443728240731	24019.184726944135	15624.999992766301	0.03025591481537209
101735.64771490701	-180319.64252415695	222763.20699257893	-82584.37236544307	41123.392566153314	15624.999997187348	0.5573572829885738
149319.1637336887	-228964.75774852192	281472.8422830932	-80529.98713442056	51864.74773753231	15625.000000918522	7.755469158816264
5222.981295119604	-2648.8939680244366	43474.779720013146	-16071.070813990256	30781.741537177528	15625.000002457702	0.09279464762935229
23118.139155953308	-188563.81975047186	211751.68180301227	-170864.4229317268	22451.369023869636	15624.999999908541	0.8332605284114878
881.7391009022012	-9122.028579166694	55319.672487549	-20556.500785581124	43712.61242034448	15625.000001761138	0.01588179210973026
6654.844212161973	-51521.797918287586	108911.1312640621	-69975.29492000317	42518.85643373969	15624.999999574036	0.0017788301644303442
201300.83285586955	-6718.240751340538	466198.84020927874	-35316.581230194715	45090.095022170106	15625.000007366878	1.2240842513716261
62628.28595948477	-200433.35535399907	226450.2089812868	-139597.46789703934	25046.380156126947	15624.999999705202	2.16149717420565
389959.7180527984	-39804.81265150868	787043.18230619	-182502.34415203833	159314.03238775232	15625.000001376597	0.25828745721939395
15348.23112068442	-55597.614965203786	90495.10526160443	-43898.48627796193	20282.736536519194	15625.000000348635	0.017833708242834815
192012.60811096226	-240018.56047071703	329344.2188657217	-48766.69834119227	87075.65565287217	15625.000000265525	3.275797430076651
48360.937484090806	-77520.01214031743	121421.48197867609	-30189.536691520516	40358.354972722875	15625.000001097429	0.3703422244018563
7174.551624793603	-13858.019866586314	49207.72185604239	-20380.230323636963	30988.35918161238	15624.999991688703	0.005914535009899251
58759.28900424582	-84241.50090269453	140644.46800923994	-26673.842613523062	55293.87376157257	15625.000000022826	1.2903097170822928
54153.51797707089	-1752.5135130702183	261915.06203025245	-184381.14201744297	199229.907076344	15625.000003018882	2.77504488579687
7751.0436433973955	-18101.134751158766	66486.74795128871	-12314.629329635936	44767.12567718839	15624.999998409941	0.08148816400613665
124329.56182299768	-148988.95769739329	293892.7556192504	-25332.118165641066	140892.7759144078	15624.99999905566	1.3811852817356562
46185.76191114937	-48781.34050685243	192644.29433698644	-9704.838241322745	137841.4102567637	15624.999998614137	0.05876441358566524
175557.09673061967	-238574.2828818513	306575.6280752672	-63603.82746157781	67399.40665154997	15625.000002578512	14.555736608477782
4808.3904045535455	-2015.0115127624886	38636.33199610212	-6598.926544646005	23351.324913159042	15625.000000833883	0.05907457930098978
45064.801186520956	-68081.13178288293	121970.92133913812	-25967.219771793403	52964.1638351038	15625.000001606546	0.4852844085478084
19271.611232475334	-6682.610011775601	175506.4228960991	-86694.04091086301	138589.63475461636	15624.999999574531	0.0055087805561237334
14415.091452321894	-1522.8563256109378	113121.19647661631	-18723.42206395057	47822.61806282292	15625.000000737833	0.02528522871607705
7900.688368081963	-32714.00013276572	59870.126236182376	-26689.68777142302	23961.57266739956	15625.000001012851	0.10215859204895704
7335.031415874604	-28519.70139750083	55246.67873729073	-24443.51317334792	24807.747036367626	15625.000002826157	0.0817066450736688
8367.221460897235	-3842.083695364821	54039.54124601075	-12894.148468120562	30342.092048441205	15624.999998930478	0.017814987211871105
7863.658945222229	-20785.27938555328	48591.873712541936	-14078.038404544342	26714.111118472472	15625.000000340186	0.37804879582336337
300392.01199998683	-1583.5290536643106	479030.53207749827	-43422.47141968296	61750.62933183042	15624.999998987187	1.33648608359371
128072.55592570975	-192612.02697288993	296932.1619778915	-96597.10209817452	102602.42805591915	15624.999999890413	0.053605158448012225
1884.15546465726	-9544.912109200428	33650.216168568346	-13082.167149698806	22489.13910068752	15624.999998351479	0.04814808224615179
25610.943886086578	-54223.53895287542	99103.50616246276	-38733.0789919676	43324.68324745586	15625.000004165922	0.0423000468127889
3364.591838098098	-9367.73943888073	40399.19796337097	-13174.794814203527	29210.085399010266	15625.000000207714	0.028059492337131578
208359.8829426881	-300516.6266674	370455.70288521296	-93663.01572104084	68007.33869117507	15624.999999211042	2.0702629415251126
7519.845288620709	-23792.618798023323	56925.00788889208	-19061.443343509593	31969.612396168857	15625.00000017319	0.1527959994704398
1658.243505706163	-135416.93097924022	256602.71332449222	-201162.5642010728	103434.51775504474	15625.000000132248	0.0007129396759046816
1915.1241522388327	-6695.257321370407	37610.33051332079	-7309.21115004502	25747.202289953315	15624.999997804905	0.03228615136022408
10498.034858879499	-12032.2961120845	67952.98307894176	-33348.216885477945	38450.43432754892	15624.99999921507	0.019134159212598104
10851.020953111221	-16537.21521613784	160286.17487448518	-26318.14442811657	134635.84022510267	15625.000005090871	0.00822935277975101
40148.13158961589	-7782.517764302102	111978.48331782653	-30526.075449274125	39977.24824894582	15625.000005944385	0.08199398439451991
10916.557852919297	-43159.28028209944	67430.53261430026	-34932.37102932861	22820.452834013035	15625.000006557559	0.19189303517860332
37072.4873971917	-4891.22574176086	107637.33323100745	-36318.01467973215	48464.95995154593	15624.999994235288	0.14548986176597126
319959.4705946108	-576.4672113871031	493350.1247524407	-108999.96600931545	125926.76626522862	15624.999999876953	9.29946056775431
113850.2883922758	-3595.85194975568	245745.28013903415	-81318.05807689438	97098.09172728122	15625.000000513828	0.23777693229220004
84688.51094763965	-137387.98534462106	250824.0377261797	-57775.22397669159	104500.8911829273	15624.99999752608	0.047198322736407027
6337.084118196341	-2976.129454593789	63771.81935232345	-29905.969245000106	50359.41332635043	15624.9999989382	0.026411888305908574
8474.96693048927	-18709.719230384442	60854.896497681315	-13171.500635795186	40550.28603555727	15624.99999943408	0.12050143504810834
4812.442839644285	-76272.08287575415	118589.05822697934	-82385.34330910786	32607.7992368157	15624.999998512129	0.00896547957126764
8396.599837645914	-2851.992780648902	98124.61993518918	-2100.8068455209577	28516.670670801926	15625.000000973021	0.01426763600033617
4020.910897801761	-18289.156203302176	72955.04604597203	-18860.209711591164	45984.122701693355	15625.000002336019	0.012707029554060674
188047.1129845014	-54759.36342901991	400244.2547644457	-100222.99320395477	68639.47325911326	15624.999999813808	0.012640364170296962
87099.90508248354	-175199.70435847295	213562.14863688033	-89486.31940821814	36408.023761216085	15625.000000375498	1.0858052762681951
2597.4427907475038	-13367.078841509065	83192.37115285895	-30130.980424352456	46266.82831304637	15624.999997683277	0.003442091706094861
8841.910776396706	-1271.9814839342944	48873.46593207502	-15417.873217518074	30724.661375511343	15625.000002221203	0.4029147059767769
15822.731363079354	-2116.1216189049082	88848.26919531636	-52401.124031122265	67487.70934784453	15625.000000368284	0.37794044578441555
1152.0667787933635	-31973.849049062934	74777.20224837534	-56182.95350787444	41262.42149308112	15624.999999610527	0.009877306880108338
756.8610454449044	-3157.315148278183	48475.39691411216	-3682.1496150823123	37127.353548478946	15625.000000482505	0.04298505133215974
16786.84864782903	-105156.29273308528	167903.0230946751	-121845.10892846104	61791.360836444015	15624.999999509299	0.013479911610024282
3675.3367825501646	-5025.614267317364	42143.35651495667	-10729.65132528163	23142.316279035866	15625.000000922195	0.04380042430387485
16899.03245237521	-2157.677928615647	89820.21887837142	-48400.82920598946	62745.260457566445	15624.999999637137	0.5570479591464986
36181.542800745185	-65305.21831560298	127505.29761476292	-34486.92276942811	60896.61465829654	15624.999999716641	0.15989609916453454
13619.2931984364	-45115.7716045609	82243.11352247876	-46894.91208665176	35090.82188612761	15624.999999864245	0.011036325780937177
115587.42329427596	-28637.3417453005	258837.9479773754	-21348.8045783637	57940.36024301876	15624.999997255993	0.0017647263894809777
61474.58424930759	-10563.363606059553	152983.23129246506	-49715.22861560841	56856.75298406815	15624.999999263322	0.06610795821373407
48394.75262625812	-51233.7078871128	190036.40530808363	-25835.47806622357	88511.82625766794	15625.000001605498	0.0009971515747916955
8664.976180115715	-15238.542750122167	59805.09192107347	-23864.654701455685	27973.890790170713	15624.999997855062	0.0059750816631188
16293.095445638523	-42873.20863123727	75175.64410391264	-28242.754088590853	31416.77992366173	15624.999997224542	0.4816105870140008
234731.92483356292	-21538.96519235418	492089.2713959579	-40639.37559782528	42089.62442443144	15625.000001044913	0.05214192893120679
4134.547106829064	-2914.1570888170972	39794.561815962195	-15530.468953843229	29629.307578537147	15624.999942904804	0.10287782338204776
16469.72526611625	-61753.25251098169	89281.92986590456	-46766.307962044244	26214.23391098818	15625.000000575737	0.546117360069461
21098.941706118218	-32808.43210118314	77644.78695350335	-22307.456556319128	37429.044180828016	15624.9999983843	0.006200116264919238
174261.17994923424	-231109.29237377923	427259.929095828	-68632.51715195808	109233.77267519291	15625.000006477785	0.0037757792012734423
467541.7226467071	-710733.3007007976	767361.0659255167	-244366.8057007483	52392.647109659345	15624.999999019099	3.0913280121096673
124638.12149677916	-196021.48414841905	340933.12484294863	-94398.77955138248	127756.13819265323	15624.999998827512	0.007937908849203564
31235.40219837177	-10695.777281477896	170474.7204406893	-113951.57169743971	120555.41576310206	15624.999999688202	0.07384903762004726
3659.784044060632	-6903.600320381281	36550.795356499795	-4762.174171774952	25941.394217335255	15625.000000402104	0.0667594042361325
1244.4920745076597	-21006.977098276373	52239.65843692061	-25238.0667835247	25977.625932914205	15625.000003503868	0.017995777609293252
14224.075457202904	-2351.063773120829	63590.41701264994	-10930.266258790682	31352.705997133453	15625.000002777	0.02530341302187607
36156.91134881407	-16087.311163520764	214548.3142470785	-75782.3034967825	90010.29061703316	15625.000000808614	0.005405495290885728
1138.1836781215352	-1825.8257635859427	53953.24838639377	-13154.135974063895	40140.282539806605	15624.99999918184	0.01722470712522622
6312.865165605152	-770.676858672963	56876.65171321388	-3238.067833876863	20710.847989624366	15625.00021724496	0.3463183974866981
1.8657797280992826e6	-1695.401138622965	2.2900546299441163e6	-205811.98929334132	233400.2892778702	15624.999999998021	2.850950760559953
5307.911585353699	-16413.43199526974	42255.64524625194	-14560.151611428035	21526.749103167258	15624.999999296533	0.026047156065108497
6491.867290189373	-12378.797183508053	75717.72158001643	-15747.864855508611	39259.54374641017	15624.99999550602	0.0026141570137962395
54773.950672209285	-72531.18000397169	184241.12898740458	-47219.589606163194	107690.43032615281	15625.000000242457	0.015488524021295694
35779.75433777337	-5300.0397016047245	143570.1336048888	-47625.97546249075	69470.02419449016	15624.999998673622	0.01716020430254338
45450.400215018584	-49770.08675879432	230043.0421069099	-5340.2600464610005	178381.30867697275	15625.00012650364	2.2974745049436915
9390.061220349802	-14991.251372396091	102258.1672580596	-52272.903377696	56368.029886530596	15625.000003316934	0.010744265591097736
21104.679198330916	-27728.41210510373	149847.0328739686	-16699.888519447173	36773.43496691366	15625.000006148126	0.0008395736082189188
63272.20721423927	-149086.4538827651	179446.07092343873	-88718.7338846871	28599.79769820915	15624.99999717086	0.47704851174831464
1439.1374859640928	-11198.399830715745	62550.112604509224	-24945.742979443326	34458.850736573746	15625.000000383938	0.008701192096315154
12038.033446652518	-1961.4115429486737	61340.1534174271	-9412.810810366766	28674.780394199086	15624.999998821182	0.04090776679638216
6316.680809754096	-9608.530913751112	49327.01585647739	-22229.120901334973	30115.174899982987	15624.999999501913	0.017237589333207567
5345.868335654111	-1855.642425347062	59939.079438822984	-17042.044465038452	36411.85913999146	15624.999997301347	0.0447876767963344
5994.170916170253	-4393.6889667773785	70822.11637786117	-37865.907694804366	53351.97710201438	15624.999999126132	0.03492728793343964
116180.2267247827	-3033.380226583271	258456.22079350846	-59921.40333584471	77433.82176719373	15625.000001093518	0.20388643403625198
13622.112031719647	-42675.11297357682	120738.4527722469	-40181.18128578307	70512.7520491702	15625.000012028439	0.009220760825735542
445587.49946986814	-518569.076040172	665861.1450062513	-76272.68309369474	142238.10313360626	15624.999995396021	0.8241792843045689
28627.897227268724	-188188.86913288315	313714.00481342524	-168506.60751875106	27260.083803496556	15625.000015478232	0.004300792516305739
24512.689022883736	-810.4620036394383	128346.74856716886	-6412.073832776162	24068.662221080725	15624.99999830361	0.7825833577671503
19542.90526588825	-780.7149488400933	80081.14905067139	-12772.358893784636	33096.12752065729	15625.0000012355	0.14632503439418865
72296.74787884836	-7722.065360079461	574119.0285809843	-431007.6222331442	485830.7980539269	15624.999996014347	0.026364188258471626
597.3501377905086	-11260.371844385103	50203.9889931512	-14549.125358970668	29555.371536850944	15624.99999861373	0.013464592000362171
158596.1342404816	-3011.838174907023	478571.5369806454	-294355.66191518144	308074.91841525096	15625.000000969467	2.3799965164902352
14948.877081698738	-4682.960970827495	122518.47581543587	-7511.884480905894	21229.32881464291	15625.000003596637	0.15144348321802842
23278.68003535911	-978.6720380605439	91124.3255281632	-20154.26115342923	44225.14052444042	15624.999999997428	0.06945724943278579
4782.480440604035	-2091.0985338669843	42551.895539757796	-8012.358516531502	24778.877541388385	15625.000157461734	0.05851899321521424
98991.24809707882	-784.6031299375203	211471.40710713994	-74096.14529015991	91020.0098401364	15625.000000937162	1.943280839668461
39063.11033567529	-84087.11630497007	115969.90612518281	-46878.23042234783	29802.21188268387	15625.000000055366	0.3531479382894593
283593.3303193702	-678.756009308147	509991.5956188702	-39693.57666526685	57657.76372026846	15624.999999975433	4.108496007719309
17414.45988047798	-37589.41528056655	68551.16109015746	-22481.637615989894	29969.6066098148	15624.9998862606	0.27558273842780995
50707.36595995931	-66173.66716947447	157155.91227187685	-57064.661958081226	73779.19588613615	15624.99999835751	0.0016726277317111959
18403.512915658	-27598.42606118746	92317.90952475034	-16042.137170140955	29916.269333618955	15624.999999317532	0.0018649042424988078
71499.49961825181	-89045.92448092945	206264.40201440267	-18353.30847494272	114551.1219985648	15625.000000801097	1.1802673981840717
13614.203552954554	-5668.997019170885	96546.60666359334	-62505.18442718072	74765.13561942399	15625.000005040594	0.07838120394551061
40229.2255102332	-2675.734351912234	132537.78397058137	-57165.29519371211	79313.09783156216	15624.99999911002	0.06245774833435952
118823.29299948963	-6234.173729748866	230615.11459275347	-42894.37504812419	55981.276540953266	15624.999999592492	0.14042826119625157
23482.024885954015	-43349.08332772112	81177.49177488917	-20953.006909278905	36635.76912294478	15624.999999478401	0.6104085423565595
13365.946982879308	-16406.121890265058	61713.08818916464	-8717.052195175143	35798.30193902366	15624.999999608961	0.006813734554750801
5794.466190190353	-3466.6821215988366	66381.48400288502	-17341.936309037144	37742.51671513768	15624.99999959057	0.01584465758540347
54653.52512799867	-854.0649913443403	145829.23881843776	-55257.43314617157	70679.45899891283	15625.00000129222	3.2245905682985043
6165.749882891138	-19634.97000389521	73431.19494917105	-37315.64963441852	51717.23859741166	15625.00000112809	0.00671751256303681
12258.284348202404	-30957.708546906477	129890.57209431427	-50218.43621316843	73300.10562891513	15625.000004529255	0.0013428594225969059
10012.130581277772	-20184.131579701207	55049.265370774665	-11249.270467873299	30788.575881141704	15625.000003416775	0.10149597426577721
19977.51659461687	-2876.0290910950716	87360.3011981529	-44237.15839598968	58029.190394890116	15624.999997575193	0.32324617309210363
84880.86704845855	-94969.6742375237	374862.51737960085	-14108.227772936525	276361.54962832056	15625.000000853515	0.4051092443083391
316579.8050487442	-2485.237805031393	758108.8281582294	-326075.89870300493	382721.8281393397	15625.000002031882	0.10532828690327974
210396.0700331978	-287597.84716848563	404216.28448758053	-83114.31871624771	114086.79698495858	15624.999998619183	0.3789270629443481
28712.528181527086	-44559.48050878107	99336.90629388788	-17504.766304847555	51235.681264932064	15624.999998424555	0.1548232265511786
5664.339455808736	-3543.9497732890577	46084.50621327096	-6623.617672192702	21556.243487181535	15625.000000472108	0.0437197294806563
13805.08724858974	-7057.657134802443	93682.25097489577	-21717.80259154167	32072.503711376077	15625.000000650518	0.0674948287818951
10214.87909709244	-1759.3838487960381	55639.915012429556	-12113.026822637565	29515.49591918951	15624.999998646716	0.07296100942430357
63565.42090482148	-80024.37889241133	157495.31252722125	-17101.693692612804	76506.59167975835	15625.000000003396	3.450485511117846
22239.711408230884	-61073.17246671114	92424.44202287379	-40915.083465668606	30696.77815423766	15624.99999819824	0.6890117459532877
5480.053366797765	-13694.424949700053	62374.68085714037	-13481.351503448841	45998.586541883706	15624.999999953914	0.04041020156780841
83963.32225239291	-118471.34506600755	186308.98006733818	-44317.21352931726	64989.60671358845	15625.000000857039	0.07728035276163121
874830.4113833406	-7470.668024466719	1.2758526892526066e6	-66915.61171942251	81642.03746659681	15625.000003107998	0.5732008520594336
10442.783698527404	-25299.304082911745	62334.057631254786	-19372.981035422545	35981.10283496873	15624.99999980969	0.1051372779365563
19350.55848021689	-21841.640512426267	134158.61194522306	-10444.712080866982	109553.69147640863	15624.999999303862	0.09883944213435455
8312.813029947229	-9538.667677095254	90952.83705321886	-30137.925230439618	53531.150810849525	15625.000001667986	0.0034095007174266253
66874.94532027394	-299091.942260608	331771.8997890129	-234123.36443785892	22151.79518163077	15625.000000098415	0.35361912928729483
116973.37360580941	-142776.81485312956	272016.28125133435	-51374.16178431909	93272.1489872915	15625.000002270011	0.0031176924631868327
6397.500455015201	-1318.2286071444505	54414.800922786875	-14180.852897607198	32741.596043476497	15624.999999131403	0.08011012932484428
93924.64527548387	-56600.76170156224	314225.79388909397	-72993.62522791277	37202.38154629199	15625.000005789334	0.014796808791086706
7126.344354962952	-17180.144839934102	45418.52339821996	-12575.929819778932	27136.008320267487	15625.000001963926	0.15130844068030055
49601.382718210065	-8148.829101748512	141343.47374806344	-62099.27074534882	71601.58691394905	15625.000000923972	0.07716101812310754
10106.573083468982	-9346.575120598092	92428.40408465517	-3034.909618861633	69066.15576152728	15625.000000467728	0.008980387993195017
112758.94159470832	-5204.18051313302	332223.2119312606	-13241.969759568412	25060.60462453816	15625.00000062972	0.8694071864041623
7782.828995311676	-14294.178997942392	46286.59018898678	-9603.93019540816	30046.34382513998	15624.999998050778	0.06846922219194379
57639.21687234979	-91094.24603976263	144442.78326558997	-34893.36916512274	49158.408447324065	15624.99999857787	0.2599269144867368
24474.357778915844	-46485.1553188918	95603.02413303232	-24664.908490251684	46274.41279488114	15625.000001229462	0.10712977108922543
425278.5044319956	-9354.677797296743	680712.2702980405	-177942.92274989665	186292.26121668553	15624.999999713666	0.6367873658430515
13219.102481614125	-18670.989992603616	113208.20035000672	-38783.74539222108	54310.43079505103	15624.999999297364	0.0020804314177504573
8390.341061828232	-38861.407111607026	70726.87093081197	-41881.333458416164	30684.81211972458	15625.000006787071	0.028559975235175523
11934.326002739217	-2127.306437525258	60061.5067229431	-22124.503572131216	37350.615293359646	15624.999998486222	0.15144697938507637
110570.64360159123	-7432.529444883367	210919.14734693966	-45535.52223509399	64138.42764552031	15624.99999905104	0.036618148768857564
14053.600630844012	-6495.416969783257	78245.78575015027	-42653.346014025796	52432.84637381107	15624.999999361064	0.1462701342218768
9079.651328933542	-22232.766830711218	50403.78914359654	-15011.64456052921	26193.322570022312	15625.000002206129	0.12422465102601081
151589.01019838522	-292362.59582578397	342685.13723822834	-144581.29919849502	48981.58426532339	15624.99999886837	0.8766974499611611
57956.56913307542	-219110.65517377533	250178.84909679234	-163015.9317125553	27938.345775065205	15624.999999728732	0.6755194235778589
5546.273584325751	-3107.9853482504764	41169.735586153256	-13623.87115555633	28074.872796872776	15624.999999352804	0.06428937212660084
23598.18619067718	-52810.28937993548	93329.82679294271	-30410.565206333093	37095.40557655308	15625.000002671091	0.20248551154868638
69954.32953958216	-79001.56210905792	323644.9455368396	-14798.147811852174	242987.8038930446	15624.999999732627	0.6124477307266424
1704.9381457802301	-6998.159810380774	80831.04021189142	-54932.09649081839	68664.06185790006	15625.000000217358	0.022660505441054517
45307.46528449634	-642.2545780428771	119937.93485074665	-23786.974182853213	39818.67305055307	15624.999996955696	2.0198002787657177
26659.522880820954	-35390.82873829307	112626.08158938562	-13567.727967254237	71478.6570111448	15624.999998855	0.036803990551696475
33394.961065477444	-1664.0330093997693	269853.86190954305	-22196.739113141517	74333.74776609012	15625.000003917492	0.012197975345846658
5956.5137580414885	-13348.82544441829	46054.75094433507	-9678.508502309815	30616.66145727047	15624.999996328203	0.09006381314398047
22408.3396466483	-33486.1820628476	155491.03995078546	-105991.2025099934	89477.91802587622	15624.99999623443	0.008423199522746519
25418.9684403531	-47349.434978481106	113476.50766529655	-46708.53118788004	63106.25224653995	15625.000001397666	0.00807034106562093
16579.25099497404	-5025.388335325674	147944.57624323975	-8764.073043064709	30297.57007387845	15624.999998372383	0.02202842203340856
91832.99044156872	-137341.40707865276	203166.3700059608	-46134.356782205025	55558.4977441103	15625.000002487286	0.37561461389922124
23379.5326358636	-69576.16063781118	97775.61253733141	-47551.74754614745	27514.71219798873	15624.999995470309	1.2454144069641115
12774.793661266001	-2198.9479731321353	57921.602365919745	-16436.054509265377	33994.84310018648	15625.000000302287	0.05196361099961222
60424.01108452827	-75294.59709930677	150134.55333005337	-18334.222305014733	65278.41672174547	15624.999999557005	0.04311226220035424
18884.56172146766	-2093.691086213159	163808.2556563643	-101255.62246221861	130320.96189981703	15625.000000069722	0.06342916212846371
1.6333809467328514e6	-47379.67445178711	2.2466424731779443e6	-460491.09340267605	447082.494806692	15624.99999990844	0.05989858462983951
68522.64425747887	-1717.963807028029	177066.640701514	-72892.95270788409	87742.38260433325	15625.000000683183	1.3867543504241029
39339.165217680245	-68020.8383993307	108617.46192044899	-30471.585519034816	35608.73402721174	15625.000000830702	0.12357168296917126
102697.32823981985	-736.5318474130054	403770.3035764154	-7878.3326262979535	24430.3691552924	15625.00014669029	6.2414391039127946
11674.407574830228	-10997.00620618292	94073.33111973852	-15360.768116090534	78058.8783023078	15625.00008274545	0.012216823320548478
28280.38128279383	-1480.3456169403034	120582.45078178239	-41755.58513235588	70995.22835568538	15625.000000352282	0.04368348931034032
11021.510327700305	-5403.568227192038	66435.91164153417	-29508.07362169708	43083.13503752207	15625.000000382013	0.028022722177482477
66405.34497446063	-118607.53173019376	164338.57868469378	-52935.565553701315	43309.58223526062	15624.999998643372	1.1119456365304123
56789.95242271426	-9620.178255686507	138376.48552494092	-35970.99309234172	55577.748661733436	15625.00000086082	0.009719906734156144
827969.4406116761	-886164.6214198251	1.5081224700364287e6	-94297.47181480091	621187.9920225991	15624.999999848806	1.0893123128207869
124795.74706528353	-2886.956809322699	319017.92886567215	-159162.67350460635	181977.84576979693	15625.000001594832	0.1916438598489371
104436.56941513316	-142311.5420708563	202372.45165431558	-39826.625736137576	59356.665630681186	15625.000000690265	2.168592147511647
294741.83742945635	-2951.7269978259333	482354.6964159013	-35198.03705412114	49486.03307276608	15625.000001047483	1.9720467058592328
7867.051865495654	-5001.493897690323	91502.9488723033	-54664.54849905068	74569.08950942633	15624.999999839689	0.020306861291823002
8841.795542826905	-20181.912120654888	63111.342888350366	-12390.381160358753	39830.64803486969	15625.000002845147	0.16946118665838483
108607.12139819247	-20713.378678922934	290694.21681398206	-33231.08903888052	121664.54837339965	15625.000000933134	0.0012242173357102921
9655.62479677218	-13850.265976900846	80829.56145550538	-6102.009596964645	64374.96870695519	15624.99999885675	0.21279914986579498
27930.00962879887	-300375.02108855965	365924.1982700829	-293656.5014007704	49914.76671508282	15625.000001725537	0.007162078379330643
15680.623324610471	-1863.6278269176983	68348.27146685358	-20103.103743380576	36268.07108377959	15624.99999958155	0.13225751825218465
35737.400584119605	-1587.0943721143994	167888.12401247118	-51461.26273502351	104209.29582134984	15625.000003915513	0.01810538256792181
22961.49955075127	-34278.00237375973	82398.35276798284	-12134.252725752496	47102.083055584604	15625.000000287968	1.0903112169845228
44826.08966167533	-63555.19136413742	123706.20725595293	-38444.47839196621	53850.50657755771	15625.00000142123	0.007437205640853693
4557.813734455201	-1401.8377377025918	40194.39462017048	-7134.020534088402	23027.0693659041	15624.999999835607	0.1824156647521527
40865.18293895824	-42105.06887573473	173480.0777901867	-6503.740934561631	117889.59116178981	15625.00000156136	0.016845705984449608
4441.323055265064	-5267.537894954066	120277.71997641587	-8511.792044221947	90481.25349654038	15624.999998907246	0.0027092744195935953
53170.58404724938	-8960.072477760783	200800.54091451218	-110804.47512489953	125081.82558201763	15625.000007867406	0.027409328106807844
169544.06695847772	-5288.996738505646	562846.3925839658	-23520.221027421612	46651.64175903936	15624.999998621763	0.08030155925636968
15059.091993108334	-21363.520757877937	148848.58657240475	-18296.851757837543	122241.23696449294	15624.999999650432	0.02838018672749617
26653.547797644896	-44374.60492769048	138838.24033470685	-48098.76613211376	24707.23719683879	15624.999999762029	0.004576113050066981
164181.89484571156	-1449.1630454641727	302686.6079760416	-47870.24001936051	62931.01101239501	15624.999999438605	3.6848717143533003
27735.374458605052	-69909.90074666726	110643.02796308181	-46246.325181198335	37015.58939247709	15625.000000149234	0.06317372669688512
73623.97780692735	-818.3951335011725	173079.75823304593	-25172.77858662192	41750.66045005061	15624.999994108919	1.5001234947054245
7985.993138030535	-1714.465455238355	49716.259360384196	-19296.419675272904	34261.13381942746	15624.999995469247	0.28505733202109634
150769.67785673015	-157709.98726962166	353380.74043674336	-21178.118126723042	188711.24968748295	15625.00000126037	0.05669177651569259
11469.499187542679	-2493.8431629811826	70366.79105786362	-37155.297409561696	50919.62226687872	15625.00000105274	0.5063420681532362
420006.85608606203	-747311.0497799013	807811.7792266663	-334931.50278265635	51305.30833085581	15624.999999200583	0.18898779462621726
2353.790859341714	-16908.642591281634	84967.32323015729	-40768.244567097114	55083.33870317928	15624.999998255666	0.0029374327014474897
10178.273895343766	-21410.03192190535	58924.48513075459	-12079.448599310963	36225.44965197655	15625.000002084264	0.5239630852118141
345538.84569815046	-2640.911731385495	857808.3075331649	-172871.53968270807	304176.99730465654	15625.000000615273	0.024587202078628283
7262.219834255382	-7556.128783854502	50667.18158165051	-11534.630911031138	21934.654576770845	15625.000002731635	0.023600056970136406
1058.9692308537956	-2471.6211683913743	41252.80216824957	-7365.74413516093	24897.921789875705	15625.000001197399	0.042178401006927116
26435.933337594965	-35341.90630225156	91539.82683695512	-20247.987385354572	52768.41979680964	15624.999997707142	0.019518501334972637
271.8956159630907	-4519.248112419387	61342.46322288469	-6903.171030946192	27419.805004735652	15625.00000437544	0.014492730322623415
1237.8143798132205	-2065.605000992619	34266.156438216334	-3354.5166834526253	25147.211378411426	15624.999997969739	0.038096619201701355
249353.3730327412	-329136.41722604336	414556.7363893459	-81591.67609108708	82781.73004548828	15624.999999156043	1.5288664789265505
398718.55409866583	-1146.0979010599735	654493.879969912	-46330.58544170815	62395.53484572808	15625.00000084711	6.777551746576141
18416.846946567104	-51917.24753431582	118510.24454080952	-52966.439114128094	48281.28584474097	15625.000000226952	0.00206233427051175
210292.61008480203	-272385.9424212754	353844.24219273846	-65629.16161557105	79316.20694503002	15624.999997405524	0.8066594158387483
10257.699203186261	-64945.10053849149	91584.58478382231	-59831.974907782875	23960.16842141407	15624.999998696047	0.07333717850795407
250.66340399814362	-2348.707325335219	33656.98301053117	-7693.889466608827	25036.704602137674	15625.000003522728	0.054346911711323394
17366.053906100835	-2602.631096898882	87578.354194507	-46490.03598745747	62641.43969156654	15624.999998701507	0.1281671303817149
23204.29721780405	-2270.5677558924945	90861.0010960431	-38738.987849719146	53327.961595203735	15624.999998599553	0.32732155992079465
25312.620235108174	-24158.140886521083	109389.87189594004	-58685.867209104385	61238.192705586305	15624.999999655047	0.0018028727131355993
1083.4187126526813	-4975.932973954914	40686.529570400424	-10950.879895262915	25313.158883279655	15625.00000447876	0.025448573711353607
35207.966802585084	-58798.20202085613	105821.60817515892	-26539.561677656788	35583.29840053581	15625.000000086973	0.02568736490367785
26616.362224551714	-1992.5936938627092	95615.44993896133	-38684.865284146406	54233.33228509646	15625.000001776662	0.2581871202421796
6341.9361145787225	-16849.848432139963	77110.72938769826	-19606.359810484195	23470.716220104427	15624.999999979627	0.007705496419172087
138373.91161078867	-192951.47311503813	285467.50619845465	-59215.33440203441	91352.24025030807	15625.000002829358	0.6968669776780995
205.58460063858183	-2917.4121065858635	31934.543097084388	-7398.741738696983	24605.013960737524	15624.99999923761	0.05075547807795762
7963.357766340634	-17930.790195243386	63370.720147545246	-22893.304298317984	43203.2005362201	15624.999998980911	0.013781532883819413
7550.23657554001	-35716.966980059995	59675.67263249279	-30581.0895148211	22328.271632239397	15625.00000290473	0.17070416677684516
4932.852415655361	-5436.948513180844	67303.43611283391	-42779.25854461006	54055.53449917908	15625.00000202252	0.11484305040868334
70114.6526314143	-130470.28059557854	177990.05124427905	-61608.974766230494	45214.79317156915	15624.999999408044	0.7197921070734853
4260.796395491508	-6161.613641114858	46574.34478449654	-2817.6425321705256	37123.51350175399	15625.000000019234	0.17070872426436634
35314.71220097643	-58017.40285091302	137375.79455986634	-63919.36040935501	71484.88024317556	15625.000000222213	0.0020837296094789203
9905.650290701917	-19011.47131882049	79737.13152172929	-38816.30881790444	47015.46852893103	15625.000036790268	0.0022922021080846017
4069.519982838945	-1663.2851408893475	38432.82948642806	-6556.900617100648	22908.271792671876	15625.0000052721	0.10080047834553692
2380.859687841402	-2629.4423141286998	41866.67501632647	-13256.587234992468	28025.73409646793	15624.999999136799	0.09290068219745233
43724.72769442637	-72325.28618257059	124308.69893244254	-30731.705143014584	47521.23984613488	15624.999999402957	0.12561198749765495
214321.96633113126	-1454.4183372768166	626533.3581215236	-384585.07541559066	399482.74213116325	15625.000001478416	10.61221452986179
8506.348360482592	-3236.130649480853	69948.04878303908	-6133.25482733547	21815.13365113468	15625.000000965243	0.07508326071929422
90186.23251730399	-571676.8518052343	779586.9406337601	-486563.0372028563	32834.54093149025	15625.000006423797	0.01914399397454849
210245.94156784812	-1067.074551867714	400846.7610226184	-52495.39735025795	87464.73166216559	15624.999998806754	0.24011079288229842
1572.2002721341123	-4107.752093594689	39349.60806746781	-16808.87565189744	29501.242918107833	15624.999999751686	0.08939789017620732
4674.983855597951	-33574.94777922694	57382.80609810559	-33464.41810630622	22719.40083469941	15625.000001397786	0.11865336475241958
5435.778858771384	-8016.6372771863535	42549.95995603668	-12309.886545219939	27584.028123633587	15625.000005669048	0.008314626917903835
46441.512334495674	-97980.01727331604	132009.82876541128	-53129.32378861839	33213.152534431414	15625.000000540087	1.2089692694740768
5721.8201055314885	-6959.9032989843045	64740.75504093157	-2663.0187336512217	49854.67660549149	15625.000004609872	0.044595223668915954
30245.145118905137	-810.8160745036771	136832.22987285862	-7606.669839348344	24613.94537100446	15624.99999738717	1.109851813729859
9844.396797526104	-12289.532928036904	125894.01906112353	-4138.944307335859	102580.41666303176	15624.99999911201	0.05358785805550982
45493.02774977934	-1856.7417621592465	131079.35243618808	-25402.156980726813	40076.85458541955	15625.000000162603	0.8432546569214154
67254.46969293518	-3566.7431073228377	265074.78910281183	-17631.11657909276	32827.604463242	15624.999999236767	0.3142328015236131
17938.86863263804	-51532.425817216834	108656.48949429014	-40808.30183169509	52768.76932903685	15624.999998806059	0.023316269340274004
197272.52872362564	-12706.883492023131	615039.0391396215	-13904.796766966967	24050.88507409527	15625.000001363827	0.11553845805348101
3431.021749473525	-965.5490534589935	48899.26714606478	-4214.269915718296	25839.391991177432	15624.999999287133	0.05859934322478449
2365.149190576625	-13854.235764674475	45013.0845429548	-24954.18697319816	29132.190639458597	15624.999999047654	0.01649701980111943
2173.8385220186283	-1891.752228010795	41833.10156078101	-8239.888702521941	24232.376143594985	15625.000001296037	0.10698138634353181
153210.31286293291	-202468.68594695523	349750.86338607955	-97139.05411913455	133221.1905939232	15625.000000790678	0.00590615360144558
8247.699996268377	-10882.056406520693	55477.81176304875	-13208.320196996494	38527.82701658296	15625.000000590928	0.006311497851289008
71356.05827212852	-119163.49198069671	164188.15593946248	-48948.36711437846	44435.332032264065	15625.000001122398	3.0866180702150823
13190.552019158265	-4256.464589451601	77082.51586573671	-31064.57994745062	58081.0704787742	15625.000001446017	0.009402975358521118
2249.0898046923667	-6247.878341332943	32419.029798397733	-8127.211317247059	23422.078639967935	15625.000000988528	0.03863116216197159
15448.451038412859	-20372.85710983211	68046.18823775355	-13407.183377870548	43606.87881529526	15624.999999328185	0.01497926013584565
9293.287183629162	-4117.379687063756	59385.63549854949	-16700.325137024487	29490.12624999154	15624.999999321637	0.09365231251607802
3696.111029299267	-16910.68466877751	44892.56479235878	-15465.31385183963	25604.384061508812	15625.000071585644	0.08216725227819216
213080.8377395398	-413286.84189283627	491326.76290684065	-202453.620429663	49962.69948036807	15625.000000347907	0.12600778481366465
9431.289081320288	-664.6447006268472	86410.74604283861	-5869.927972024976	24137.314938554482	15624.99999903707	0.48871958948591565
38729.233325212204	-181411.71071750426	204450.7221773261	-144920.22149209445	20806.62573312258	15625.00001279905	0.7899606676287573
19449.690728077305	-2238.0415427861008	108661.45577917097	-38911.73640406297	73809.0260883317	15624.999999319007	0.016882591368871297
942.8580114905162	-35276.359994864295	75087.63990343125	-48871.28012243244	35648.916392230676	15625.000001672088	0.008258959904449624
338235.7719766358	-806.0974791818153	578495.7668506822	-28110.302177979196	43749.03230074847	15625.000000611373	16.941953586487937
99160.97788814662	-2679.3846973435793	195026.76763216645	-41129.576571041835	55033.868197848875	15625.000000094282	1.0855794009611275
3749.02455994393	-18494.381406805267	48936.28867403688	-16994.83433914298	24412.815516705537	15624.999999349799	0.0324684086021089
4449.83209709893	-8771.396301157307	38395.46053929115	-5389.86939457641	27420.396359781735	15625.000012499397	0.17473948153314078
11836.003383440264	-21436.762172418898	56391.73504594076	-11141.65511939329	33595.30789274273	15624.999999697251	0.2555742164389906
142.7691408480241	-1745.413724112519	35576.37156598503	-4855.89700569573	24842.876841224497	15625.000033873599	0.05036443129551556
19956.16831971676	-35458.624908436206	90435.08922744973	-21735.16503905483	53760.15175741888	15624.999999925814	0.10574048477081631
17524.217846180567	-1482.2471773004509	81011.02134842722	-35515.872020849885	50469.86915984093	15624.99999809968	0.7039683367227683
2462.1522057607617	-21447.524598758842	59365.95274835918	-36416.01769187924	35742.52230762213	15624.999995195452	0.009194732600210418
24387.016648791712	-69453.89662472715	113188.58303768397	-47922.644754928566	25876.071878689858	15625.000001094824	0.02194899971344743
5454.39751546632	-23262.71407029769	99129.95773722272	-41519.74705879181	36237.66310015216	15624.999999913387	0.011539024013739798
162179.24980269815	-191412.9043518112	353832.81831121934	-157027.2202447241	87817.92386240105	15624.99999961373	0.000629961261786863
78144.3285546283	-129376.4317254282	176745.69568931276	-51900.03614829568	46351.58120761289	15624.999999329579	3.3457659701453655
5743.323702079244	-5194.896718694305	64968.65227519232	-23988.037730864336	43799.49106202673	15625.000006369854	0.009593380356004926
2200.0087176885936	-31625.87110200923	88896.15796213917	-32997.980557011804	27743.721221716973	15624.999999539144	0.006470735077166948
26984.86913014672	-2854.3748279898136	131602.37827168452	-57855.84394291723	79181.14256778409	15625.000000309432	0.045766159198981374
1810.5569120115524	-6737.4039243026255	39532.699499098904	-13684.560828459107	24631.25833586847	15625.000001034176	0.029820565659234254
21155.316043278355	-63116.10477400192	91077.75796297436	-44190.60709221066	25247.94352000144	15625.000000848959	0.17147265591019087
68510.16762034607	-4957.817566000252	171184.50134018878	-20118.94988484372	35211.8342401539	15625.000000571366	0.09305441994663814
530351.3571136337	-1060.5579985021855	735793.1209253976	-73437.84327817016	88833.64558908355	15625.00000014207	19.693207748224136
7471.4747243935635	-3137.2865284541995	52014.95815565698	-21044.634347595726	39345.85965583103	15625.00000116972	0.025880964775427378
663.7275240259951	-4431.932782211905	68502.13030264892	-8847.493901451724	56894.033381764515	15624.999997657396	0.018391411389698173
9341.606583129615	-12422.959415080026	62719.87585871294	-25385.276104271412	40478.067419168074	15624.999945576768	0.0032370964096825557
24464.98335739333	-30205.193032862557	121613.1688837042	-15866.4424497537	89655.93074928106	15625.000000297834	0.09517705257722668
277123.76187342877	-436277.8003182535	526765.0959283363	-181906.24671630032	89420.96206676448	15625.000000801947	0.27997971325145143
576.2517003828962	-18456.9226416389	69531.27249893048	-45728.68845013532	45964.1947042284	15625.000000147935	0.007798198554609451
1592.731369712524	-2583.736274620212	61079.450587930405	-9619.118655667817	41488.138938519005	15625.000001655804	0.008237388578095686
5766.236816349101	-3790.988047989619	43607.39166333919	-15450.238734514514	28760.293928623123	15624.999998683765	0.06932702561327767
5788.192978039469	-10940.65384223308	45255.45625031347	-6351.54249484685	30564.333099642987	15624.99999975241	0.09050493548057245
344531.1869848415	-382348.4181261283	561907.4894926518	-43556.84826933619	167192.33402769532	15625.000002497152	0.13934426563405494
124329.80236498418	-149710.85023079606	246592.5952766038	-30332.47291597878	94977.00375846835	15624.999999692034	0.3971141214711924
1774.5310172510617	-5236.741268294558	49623.536061255356	-5889.924513823309	40572.21220564785	15624.999999544332	0.05916370839434935
75969.79315693668	-137365.15044954215	177538.09727011406	-62617.08506580457	39390.12476954174	15625.000000267595	2.4395015512726195
20910.376070178296	-68551.15546333544	134073.28920953235	-51384.830745421365	42949.41880385294	15624.999998579333	0.01095799500119777
12775.776497639952	-48041.185647568665	73283.23976367322	-37296.144614673336	24106.53811056487	15624.999996506987	0.3641553154393238
159997.65264223478	-194057.6494034459	329561.10565010284	-37302.50208419476	133557.3661214013	15625.000001419325	0.7546741007522678
5731.627536846776	-1230.388683825341	125541.3892013061	-5611.618471901416	32452.28263769449	15624.999999450109	0.060426230721614085
22209.945155231973	-1816.9806241024153	107057.12063290089	-55026.64478866117	71441.55989819975	15624.999998565643	0.2548412686739211
12670.587319233702	-2284.383841058469	62011.77285675332	-17441.897193202967	35340.399658013834	15624.999998103158	0.04661777989788357
2000.1109392310027	-10150.287851221057	34116.14651223143	-13132.545099892082	21683.82511179062	15624.999999840222	0.03951746497467449
65434.9858201777	-1158.8432625506484	189968.99385062678	-17961.97556820811	39578.84242697517	15624.99999925973	0.22537249536871376
22034.581936238035	-3350.830956809338	84604.28355840944	-19538.97024934618	34720.055281709036	15624.99999956684	0.07352083243978513
5726.727040596743	-3413.0563983964867	43247.24702589703	-14966.209126207876	28742.758709635003	15625.000002134024	0.0737250781122582
3952.164081034492	-21225.718971299404	46481.21750093371	-23853.732585737325	23953.223198525073	15624.99999869688	0.04475913143922586
10590.43164993799	-36769.0711693656	94227.49488156328	-44985.816709339895	56163.77412422736	15625.000001751177	0.019249148504500782
1778.5144871364391	-26719.737212665234	70469.92028246104	-48219.14898838935	42101.74798904461	15625.00000460184	0.00822478337764942
40475.64878444293	-63595.77182560312	112967.25679330171	-26222.374587977203	47797.19613293765	15625.000000685932	0.23680825508439685
292359.00075124414	-7649.228179184822	518925.53496382455	-104607.1077054119	157879.7943306811	15625.000002645786	0.02402485871429401
68632.01712541186	-9257.4152921086	169593.15736392993	-56401.15632824448	64949.630680162394	15625.000000328957	0.0833075560648833
5256.4524252692145	-14916.726283390737	44588.375930788636	-17263.340721187873	22955.028379618616	15625.000000253014	0.008863805666131814
8784.925437300975	-12179.006382371825	58388.275003978284	-4831.12888344351	40152.70917681314	15624.999999233949	0.05164160851004942
1440.304390862817	-7931.785600800984	55351.84503441444	-34152.72451597615	43926.96904356079	15624.999997305451	0.03017732922670078
15438.951646819914	-22793.800162495347	82254.42283047416	-17382.3327994407	24973.885763551574	15624.99999989962	0.001993655989119663
44866.43277160481	-1711.8784172707674	123884.99068096242	-46347.63925446755	61547.376356293295	15625.00000059313	0.6587284501817401
7270.919889504876	-13837.895338544098	57343.14410199085	-7466.15981787254	35407.974983326334	15624.999997701496	0.05143216283334752
33790.800710407726	-134442.86532862892	175377.01130728703	-108983.11292438864	38277.65057576423	15624.999999965368	0.06687655931675562
12294.700314814387	-3102.555734248788	89446.80309251967	-25024.8822964532	45583.37922659523	15624.99999953183	0.023748518565728086
213120.80759819364	-6406.390446331507	409235.9558397066	-38000.554438085295	48786.48526299372	15624.999999330263	0.672619264268315
2964.215575459286	-8410.65010577937	67955.24104535676	-44285.28087237718	52549.779260434385	15625.00000007635	0.06149914141972058
52006.73885423764	-77842.47237299728	141670.96924011962	-26695.738748279822	60322.303419834876	15624.999999058025	0.484520812236202
99211.61469926793	-3082.7846779504594	223216.87461249076	-33818.94852464934	48629.76911163409	15625.000000301536	0.40722793400006724
2864.6930941168976	-7659.257846026725	54069.69921045902	-10714.228504989995	33186.09516089363	15624.999999890679	0.006660645399185864
22337.34576516645	-1236.7150682441638	88988.13233350962	-28637.03354427562	50699.385544002755	15625.000005234615	0.08029322697014767
4975.989845057334	-54411.33451689512	89088.1609173492	-66233.20930310545	32248.70364378119	15625.000000068845	0.010120240087034865
18677.109521972838	-8792.734469111534	70554.8216853159	-21576.77285694248	36363.3765449212	15624.999998990133	0.00630440282514013
3005.9988539048663	-7238.429760903471	74573.45746169661	-20055.21981147702	36195.2353330841	15625.000001385211	0.009859982861743421
3538.373359831792	-2443.415918575223	48814.76033460023	-4065.9058250601993	25736.953850522055	15625.000006842776	0.018402921383866306
17229.211369528886	-25806.147243739528	122014.70516169578	-11963.359240417136	90602.21273218081	15624.999991251301	0.06447492677279681
1984.9260231412118	-4126.426136498188	48870.49449482985	-11277.417168716584	26112.64316492871	15625.000005106529	0.03444688260139003
19914.83135451056	-900.308229840829	75949.73913377369	-17140.774853417548	37926.66510518629	15624.999998985535	0.1095428029576893
13221.955876540062	-93758.48560937653	186960.33956197556	-89329.95687707294	51161.39702857727	15625.00000117792	0.0036178876254310704
9782.594017056359	-19572.07813454232	66511.43511932778	-10552.055040073972	43004.8973378754	15625.000000466995	0.19041247092024788
38904.59414823856	-60176.80904317543	111347.11453574974	-22296.68859309199	50313.851889162994	15625.000000711301	1.3838669610033625
41753.69173622651	-1372.7639080304552	110025.82527830687	-25938.529770788235	40907.43905946154	15624.999999265088	1.2523432250416209
16650.40095028482	-67632.18487185612	97116.12602521898	-55384.362218592316	27206.98024456296	15624.99991977564	0.09815154057951307
2628.160537475773	-5800.72168028393	36964.59187526336	-9759.974132192034	24882.91156645072	15625.000000814573	0.01765307200254935
16124.77618150413	-8926.187159521141	204160.90987968352	-13440.870637690889	24827.426252831632	15625.000000718792	0.07531243673379862
19064.87942366153	-1178.7173379636274	88305.84714970538	-13221.166804750925	41318.927336900786	15625.000000219028	0.028508831452923124
3180.9490110383485	-9308.474169337976	92752.46288445179	-46073.997225112835	67315.39060214782	15625.000003467401	0.004980534394492698
4543.303965782514	-12560.69456582046	48893.28169785389	-9651.648910280877	33223.184694591066	15625.00000099986	0.08920180955699218
2433.9595915681566	-16622.71518190748	89443.23924652056	-37039.47758625154	48091.49727257178	15624.999999200285	0.0033044778383351675
40794.71883673046	-57735.48711349588	121847.0403553024	-21274.62482877231	44506.313805063546	15625.000003344798	0.00950957667793647
4953.335550800488	-16860.70516719369	49364.866325395014	-14361.612922683531	26407.200499008908	15625.000000698179	0.026838322256885535
1465.691201668189	-4087.8652756170486	44682.95941464073	-14734.518960126967	30589.657687387138	15624.999997051695	0.025137640133016576
536701.8571102885	-860.1501763534272	911307.3054967318	-271614.56770756	301605.02818250936	15625.000000820088	1.263955603129912
15362.74823408716	-7703.103837600525	69515.23077100316	-16352.947696080115	36924.579752417136	15624.999998799462	0.004202484105009054
53679.44524739601	-57997.3994083759	165329.0295113423	-18420.902609488578	100458.7275825981	15625.000051298877	0.019585964769918952
2208.303240814455	-2198.8047692367954	45655.62327394396	-1931.1459068187212	30047.73289746877	15625.000000776443	0.017167324282296392
59976.61316986862	-3223.8147839108124	141662.5392530291	-38878.791334571404	52272.428379908495	15624.999999126565	0.5147768596188361
2381.7134743533393	-4282.512669245146	40526.11347481451	-11826.199244415415	26407.99141222382	15625.000000876253	0.02966080354849666
13460.125927719753	-26222.73820895003	69065.90322867711	-24245.605652284576	41787.24138776073	15624.999999839929	0.03545189959349482
13307.307531558137	-25358.12974606245	62912.05875091356	-13908.985277737374	32323.46257506384	15624.999998830994	0.048450396742267365
372734.8598011136	-538106.7779318122	635924.0751719894	-166445.1956698466	75687.40688587815	15625.000002581131	0.48913090528600495
32892.63201663806	-13956.662077151239	141461.1473671319	-82973.02357729618	85469.79259357648	15625.000186293386	0.07066065828247718
1199.0706847190922	-8580.899958708378	64791.957991005496	-43384.17512882291	52029.53802915685	15625.000000234591	0.04060813746265405
1286.5046492662332	-25126.757900026976	54711.50707518717	-33370.697494165506	28040.069434721838	15624.999999608845	0.029771775578222807
4092.5961236228795	-25792.954366868496	73531.94399626805	-29693.718368638667	41702.30529905981	15625.000000088377	0.010657828069896572
2968.985903281584	-1786.3527371885127	36613.713701738045	-3135.8045580484104	21396.888743318035	15624.999993272591	0.04945593352587831
14742.565828554973	-9206.413418705048	66179.69302435988	-22258.190825476137	33137.45508076623	15624.999997701496	0.009907164475295441
30352.778257986636	-39100.94938270078	128350.53749431093	-10852.70894934467	72771.10019000871	15624.99999829934	0.01867167601905692
11812.784885811336	-3515.6836656148807	61010.1404944314	-10145.265199568821	32186.198737033897	15624.999998856689	0.01023056333766744
217684.46002607656	-264455.8947576256	414186.52337290655	-53139.41750217823	147801.66539509734	15625.00000176648	0.516741069032561
16471.57411598349	-25165.89837642009	69753.3762009586	-9794.250831882995	42149.01766898473	15625.000001442153	0.25139307187349286
30717.54623198342	-36685.81453624422	114857.36259241783	-9016.748622705696	71139.76050698342	15625.000000918071	0.0470805488832557
10628.583382687491	-2645.222034673111	53593.85869386135	-10496.842716666177	25424.906890171467	15624.999998935651	0.09250094556072784
2066.9095639386796	-3019.0911926610943	43145.326382294996	-10014.690981264386	24598.84689623001	15625.000005921	0.07650034466066759
55707.0966650284	-95725.22360931904	144159.25722393868	-40789.200358223345	46072.63275686103	15625.000001037566	0.8811972853397595
9383.93600274995	-37370.584537440096	97884.07676377706	-34658.430586133734	21365.043053940637	15625.00000399258	0.0036218026359203744
120893.05501295824	-1755.834886274868	247731.20615293988	-41448.03097716041	62668.9515387785	15624.999999305977	0.24597830970908482
12670.598070128573	-26683.317614470317	67200.22799286107	-16459.914626015452	38682.82906664122	15625.000004835325	0.1293915648929744
15155.550081517771	-9073.700423014154	127582.8746451342	-81010.74575353425	90989.19904541163	15624.999996166945	0.031118131851237536
28130.57559165476	-133827.32123815917	235669.7991190398	-134936.96827272497	45545.276805171496	15624.999999586304	0.0011580175618517916
5571.474741062346	-1072.0615252903926	43063.1254097569	-5476.926021513442	23092.045600185404	15625.000007733295	0.126784716924231
903475.2813482963	-988624.0475849144	1.1819521818516394e6	-86767.21997579072	191977.78878804296	15624.999999431544	14.067618149907657
103495.72398888899	-482105.4769992952	809562.6030169814	-381569.04799635755	115530.41657591869	15625.000000274289	0.010865917906361001
11450.42443737822	-51290.465602779215	75669.05809837778	-41849.642287441995	23495.091543099134	15624.999998677726	0.5250965652427247
2995.3503342787153	-16907.16727957604	40612.86684778612	-19375.53037861269	22100.628543066385	15624.999998765707	0.04500551698092655
15822.904598194815	-40978.08255649946	73582.89359936048	-27065.84509792039	31488.529006798577	15624.99999670597	0.3173178353731267
12684.721893498969	-1719.322198131757	64845.47761041902	-7388.824562106985	23936.93077125283	15624.999999092679	0.14336878970960806
18290.057258306766	-52685.63858565461	94230.89181519969	-50027.85806169917	40370.63988944801	15624.99999781989	0.023079947739574613
5232.964427710336	-3346.6441161747716	53322.6240612215	-21397.62609846941	34926.65341255354	15625.000000149237	0.11366352702077738
22372.4532445078	-6154.043313643631	80645.34243219324	-20778.432950872564	31674.587540690365	15624.999999490843	0.07697940094112184
163969.15205933602	-173388.0589332051	447294.9044251271	-10043.811058791207	271786.6717642391	15625.000000641961	5.875963777928917
7213.885128087459	-2976.487916188574	61091.73115433525	-32144.06179254334	45490.453195169044	15625.000000734522	0.3130592201002492
12947.740900201417	-1580.7066062122176	61551.36457616795	-22562.84317201111	39629.73488909096	15624.9999991949	0.12417000818479966
58495.58891853561	-90594.33631805245	159970.12508300738	-35918.33224130087	67641.81981917312	15625.000001433025	0.2498467459356403
72231.8245179414	-8912.56180731962	215852.2921820887	-35897.69846373002	47869.68479223305	15624.999996843602	0.046888667729338064
56676.818758322544	-796.655933401842	146046.42416380616	-33301.90887810618	54352.41562173336	15624.999999134268	0.30297456818191487
4956.738988000026	-14532.93814421451	99927.65663132985	-15144.32397271755	74421.02238844786	15624.999998212566	0.011503456422106461
86639.25885191865	-11734.122079935423	344896.97521325364	-20020.777460768877	25630.767458418966	15624.999998415005	0.3298504976346544
9242.120572387113	-2329.6088409194826	99565.5515765523	-8252.364056303286	35993.11200658619	15625.000000327826	0.015683045907376566
101142.92797865879	-7733.003982705227	273207.01355736586	-42526.579376067995	54067.682214329485	15624.999993484438	0.10693412121258082
13936.01330021293	-3534.0714103035243	66091.5948097755	-28928.920535816123	43115.928279547115	15624.999999628788	0.08166412909701673
19085.63688429167	-137435.28261899226	179993.08910396695	-130805.56312617811	22403.795336219948	15625.00000826153	0.006084686943950462
23914.574112227478	-25319.862724606763	214419.96165040683	-60246.096534628305	184470.12367612962	15625.000002098532	0.01039178994380945
6749.131495489506	-2160.229679185728	46907.68903215049	-14607.345444675928	30979.356243115908	15625.000000203858	0.06710656080356686
2239.626888509425	-12538.143089898222	91918.2265221634	-27078.724162295737	49593.69348136749	15625.000000861328	0.0028285879931883463
209151.9361637244	-1101.5150000276626	451510.1970563296	-205634.84318372724	220966.2217964274	15624.9999991655	8.398975597743474
31183.75769312473	-73999.8770070588	136454.3744682629	-56494.437351428234	21454.837898071346	15624.999998369807	0.0018290259933084535
4406.654187202257	-2875.3308456627437	59393.924739467126	-30075.95258252725	46061.33222821677	15625.000001230377	0.06596105954657991
121152.3636485655	-119753.82867183858	1.0003519883117148e6	-12209.526139532085	870886.5621132781	15624.999995638558	0.1146712267060262
383190.4182171784	-678.8001955092077	567408.2291755187	-91760.3522973719	107372.46430917359	15624.999999298185	26.550754684857125
41861.13212878665	-71692.85540181008	112518.30887961833	-32099.47250613338	40092.007585719315	15624.99999862901	0.7281434268505992
7451.539337399387	-6817.053682091973	50956.885412453965	-17756.579305490348	28274.874841890065	15624.999998535219	0.03131661376250773
21668.300374220096	-64031.971764896356	95507.04895333943	-44872.807839730725	25453.58283473267	15624.99999749793	0.06872572562460859
18202.830885714968	-46067.03103515704	100373.76730972854	-30262.076688452624	46556.98614365724	15625.00006457977	0.037558992155808844
2022.8570599893137	-7078.770546927535	41224.972205761005	-11974.682025146685	29675.76301562923	15624.999997466948	0.01587655132667799
29991.903822707834	-11821.446095051826	174817.66879780457	-116832.19767959823	137724.54852657247	15624.999998580432	0.0075759693595618075
1122.5127862137033	-4741.398643041967	44653.102347300126	-12305.957460893396	30347.936429039255	15624.999998548461	0.01476733183500472
17366.494940504406	-952.8049694278247	83536.5537149936	-6353.130252096048	23843.12302019575	15625.000001590131	0.35757988536712615
15835.7832537641	-38849.34516522982	76722.82488320666	-24693.98448103747	35272.51217571753	15625.000000719287	0.14952630970013578
4135.53960555593	-1577.0399022025813	51231.23731362277	-7527.214444139249	35100.759199426066	15624.999999431591	0.01469571082666937
4951.411614558539	-1493.7861229848997	39946.09242902606	-7917.182120099755	27299.78643484722	15625.000004975896	0.044988010971534445
68565.98811168203	-11604.140354893225	207913.7308730248	-105441.92891383605	119706.57072111405	15625.000000828679	0.016689170121650165
16059.004032613477	-1406.853474582531	65633.66422488797	-13020.775259939284	31786.07645917339	15624.999999012769	0.08136009581550098
129748.15092683697	-136525.74336276564	609242.7835168345	-7835.843963670259	457468.87720740424	15624.999997888583	0.2958844570959378
16605.28794035109	-2816.3369902491777	106034.26598474494	-67774.23902142176	81574.20453708043	15625.000001055761	0.5194632526598848
9986.068815145722	-1538.9375579637176	53352.43294449261	-17791.160844321086	33628.698273215356	15625.00000186717	0.18829137075171287
223387.13245081063	-7323.707067657923	516887.18830915313	-264235.3655239294	275466.24487880385	15625.00000098577	0.33901414045028505
1664.7939175571119	-1773.0567953305726	33765.25670478062	-6967.24611486795	23268.242365294675	15625.000000547916	0.09764448945242295
260632.25310513005	-327357.00209209323	438869.35644884966	-69612.24649333453	110603.63628108054	15625.000006711227	2.8952232835107305
15058.219007809123	-1855.5603303375683	82611.90527283837	-10593.732807693486	38910.781821095006	15625.000000287444	0.014375862273399001
29001.258382788892	-1805.1128873461366	120594.72034686265	-6658.117519601914	23985.36124034063	15624.999997071456	0.24180568265862606
23199.03839438243	-47212.81889478515	86844.51406888865	-25316.00400711981	37268.97128179189	15625.000000578004	0.25613179727004404
50692.210285328416	-67372.85334441665	133709.23746929085	-18136.594492072705	60808.2651982939	15624.999993765814	0.1682842670905472
3526.0893238374047	-3604.4576871956815	53466.1159588554	-22805.440588699945	38668.27704073154	15624.99999833497	0.034837656995834174
16343.833037791628	-4337.086385391449	89429.79141570843	-20706.235519341695	35983.45445109573	15625.000000951368	0.04056665877139263
4275.439863510626	-17189.72219786566	42422.03173418698	-17423.14705151948	23754.049289670074	15625.000003503286	0.05825136323222344
5649.903913257629	-29815.668319880147	56877.83827243897	-27666.963284113852	19990.34777224413	15624.999991211225	0.023206376765352765
11917.332773975962	-16310.915660472248	83893.21014774079	-5327.552007298907	61723.637373349855	15625.000001092925	0.14155676738749268
16570.429417751366	-5369.903427492771	109517.04616263755	-20614.051304107757	80269.20645382418	15625.000002196015	0.0018203728451792484
10811.436620505392	-58495.19167791857	86620.56275162347	-51114.96277943319	26031.471078938877	15625.000000379776	0.1327776145160398
38260.88281624088	-87455.19856465166	128605.07022813964	-60751.19623956704	39390.96260460612	15625.000001602428	0.043786438761157405
21801.312217865147	-35741.305599564635	77592.7903055427	-15538.094619888954	40955.376526059226	15624.999998610796	0.544679606665886
6164.257933470208	-31947.3657582292	60106.211208378816	-30607.504871049277	19428.935183639784	15624.99999913722	0.013719900071885982
5840.135189553317	-9579.827314935479	67464.73268737733	-40517.415152111025	50582.82091121953	15625.000003044508	0.012185800737077234
3329.8300686222065	-7461.861380573879	36220.60823022446	-5889.3015402653255	25030.824011227116	15625.000005417154	0.057775710926022766
28153.107119478955	-1160.9258444815478	107938.00315583104	-28396.730443474145	50274.5596115138	15624.999998226645	0.09752030064661078
176143.09854831817	-1348.389121379666	319895.5511519564	-45755.4309757794	70204.09017635994	15625.000001396114	0.3450674236261754
18185.414685713222	-82210.42753954323	107472.511008628	-68570.7402954993	24133.001075047636	15624.999998470092	0.24595981142895448
114742.2691635192	-1957.6573805890248	280184.41968709906	-14144.328114614404	29628.090413575348	15625.00000077348	1.2772689711951941
3082.771936472913	-10118.715730142314	45021.42418214504	-9193.6037768253	32991.8163478995	15625.000003800495	0.11425740691815746
131746.14062515955	-3415.6607164966445	320540.6534485184	-145321.0786947101	159233.74053998035	15625.000000562979	0.7040088695590565
6418.7444333608	-1810.6960512372752	48464.99379729875	-6648.135783383055	22442.44202377023	15624.999999484266	0.1400733304181242
3386.9883241057905	-3973.979382349058	45131.69538178429	-23041.506695059004	35705.66237947528	15624.999999463385	0.11761282979081758
39868.11137003942	-109804.13046377899	177827.42629236332	-76624.60514547564	52254.946337381436	15624.999997233463	0.013104848197424971
62209.239655920814	-159120.31033399835	188675.4346093949	-98751.66882019602	28726.373624005006	15624.999999860062	1.7648134181645867
2972.7873679824334	-45628.30870600807	83982.80806934455	-58608.16551830496	36463.027888987424	15624.999998943227	0.014532746887603466
103237.88237328443	-163031.94325298807	207232.3727388925	-61697.31579255118	42087.37831843621	15625.000000727345	0.7551043150065053
202.49011049827527	-1535.224982964874	33853.669397688645	-4255.330445806957	23352.80457015697	15624.999999142565	0.06838925274548727
13995.144393035327	-35560.15666496835	63213.670968243736	-22820.868128024507	26279.310526312503	15624.999995266902	0.36686941641133813
156622.88687130588	-19813.574517753597	411736.06611364643	-220182.5134178905	216965.72982715856	15625.000000302736	0.174545342290582
16363.455689050606	-676.6580791386732	81500.69957836147	-10582.086514424394	28628.73886367869	15624.999997900075	0.3751317370055924
20416.81438775603	-5072.7503255427	72575.29872054564	-14895.482871947788	30275.080928449555	15624.999999666987	0.022297016228678104
46793.90142105473	-4145.295202202629	118565.14445098536	-27275.993402309832	40846.130441958434	15624.999995282618	0.14512958414824198
4187.670857605648	-97879.35419191553	127044.29314677235	-102475.72172997407	27466.56435549794	15625.000000426819	0.08872681630032155
17578.41312796816	-1361.211319954171	74120.20106329667	-28521.02190551568	46533.88781308513	15625.000001310436	0.14714474487397713
46344.42482218552	-69809.22541423261	140669.30567232537	-24109.88678237024	58781.904220518	15625.000001013297	0.1377405979820857
9043.768256640004	-9656.03388389769	73331.3471088768	-27659.61799842643	35872.58413917711	15625.000006972929	0.022259126782503184
14935.207974653855	-9006.045510636759	109007.53530545802	-42962.718049755684	60117.709774922856	15624.999996495979	0.007218776962669702
29643.90832213101	-35011.686099999286	189531.89467875654	-6003.960910305014	150668.11678929476	15624.99999644648	1.1570863326238665
54220.61620613275	-1756.1410203615524	150790.34429199356	-67685.52853944327	83226.85573847071	15625.00000285644	0.6934290784211574
10975.851215733157	-2380.613827834405	62786.23656307603	-7414.946795273208	27449.560388472746	15625.000003333436	0.027137936828589504
56587.444767247805	-4856.3271477633825	323182.78838376765	-222714.31416715655	245218.22228480075	15625.000001064895	0.07055631157088953
17371.4717884673	-7553.214738942155	95366.4683830021	-11516.645131044592	64133.62890043057	15624.999999728345	0.0013673971390690562
3408.3452027018357	-3329.493225309474	50050.81886906296	-1891.414565517569	31363.406274212553	15625.000000191762	0.011082526940769392
21392.88473244173	-66959.52015878347	104065.97051135811	-54067.76029700968	35121.48860940299	15625.00000000895	0.043576627173363594
9804.90199427565	-10816.53152641216	71637.031771437	-9794.790442361507	57949.38619449741	15625.000000699245	0.03172154826920757
74861.1168828281	-5121.258521299797	230205.63246374868	-16640.566213466387	29112.86223391851	15624.999998316227	0.3457379654044244
13264.971758094784	-17516.811849377	78873.87226700131	-14757.533940090336	57611.32936476666	15625.000003221023	0.01793411178383127
79054.51697421278	-16666.444268055868	357181.76143353357	-46079.02003862965	156310.2413038712	15624.999998830026	0.000804367118530904
69847.25494000704	-27567.360094564254	336250.6021874307	-123077.11810517381	169865.6270357813	15625.000003248817	0.0014772657081357113
106405.05410471368	-173021.61148087803	220261.18108008814	-67602.04894709137	46364.64527119009	15624.99999875152	3.6398294805492646
6399.939297169009	-9710.265708238556	86002.88375144117	-6841.047793411064	67579.70116012191	15625.000001511493	0.022583781436853873
75886.29263139598	-749.5098432580708	168784.9967595893	-44045.32884401016	59777.43438648296	15625.00000261591	3.386001028349461
31832.145748937393	-38583.74054651808	119904.86981969773	-13253.486319817435	74506.71405540043	15624.999999966856	0.024544483211956437
9195.330132945557	-3620.442853055487	50360.30994868092	-12840.21134238955	26020.16316289839	15624.999992552766	0.10189159366345041
3469.67327973952	-4726.063112812489	36971.99136753753	-12335.736519460079	27505.068904993735	15625.000000818232	0.020946738058855264
10108.893987309026	-5843.693487072931	105569.68212038872	-5774.533424459981	20743.822482087577	15624.99999866377	0.045347093468769854
47765.58026620315	-120638.0209993067	175454.1989445965	-91902.99347572803	52943.90829314415	15624.999999666354	0.027995265744357747
43830.25407991047	-50245.25252855466	172821.51049539153	-12015.5068762922	111769.39869053202	15624.999999451202	0.023700796832100225
13373.416146763866	-22871.3417694576	81480.40886596128	-11760.194069654503	52676.123385876395	15625.000001113202	0.04727219047414014
6209.497502525868	-34620.56873357104	152120.38930555436	-104513.78294710287	114540.40947290571	15624.999998387746	0.0018609899784636861
4364.274888448555	-2365.4088424493857	57087.0126292022	-19285.858580450385	43275.19503943353	15625.000001196806	0.017702541300948782
90247.36367338273	-116090.84753836335	192242.52337367192	-27493.199265311894	70936.5081947833	15625.000000469594	0.2812434760099334
8749.40603779741	-1775.3462586662035	48965.748789866666	-15553.221799098363	30967.775824796037	15625.000000558648	0.16676734454447784
193838.7173641933	-243586.90854037984	337027.9965953836	-50987.03088525252	92714.93761423614	15624.999999380321	6.317317384297967
3358.4128876198065	-4922.858781910394	54721.81660101418	-27392.24245241676	44349.38501112872	15624.99999892637	0.01721957294720574
16269.40475038215	-2599.801942557009	72113.46846474276	-28885.42209927182	42824.65303410322	15624.999996563041	0.28363801328195487
18577.843447437983	-25098.82572079913	130354.7035374305	-22400.77942072249	19899.46299797368	15624.999999513311	0.007970473501184957
7874.0281766839325	-1599.9192558886716	47405.783653310384	-10121.6557574131	28853.611981038674	15625.000002574234	0.05057465772204188
118291.02761603708	-196934.9762907468	248737.55541824584	-79703.75474262415	45740.11681935491	15625.000001771252	0.5558247467541467
13425.191512342688	-28302.82617618167	60607.03408361471	-16343.278696240857	29174.03322049079	15624.999997241976	0.11323339296868136
30945.558744910755	-44342.46683935856	91798.65149029298	-26643.141545725404	38147.58321171417	15624.99999529845	0.00498769877297566
8663.055207293157	-3186.2768331706334	120260.4320729064	-23434.18109636822	64871.97021642921	15624.999998016428	0.004988294546821478
6859.50230548857	-26324.02406104691	51455.88745504503	-22854.524389365844	20849.89227902382	15625.000001645873	0.03378593671662063
71348.01068601524	-930.2617799772738	176959.33109340523	-56620.18101576957	74199.95385167343	15624.999999475083	0.7724587779063807
36819.00570421858	-49369.51715931487	223441.83412978792	-31646.93387038743	170656.34044145167	15625.000000789376	0.04556312542244539
26393.491311064197	-37528.986811485076	92163.38046069958	-19901.78524682491	52856.87822062282	15624.999999884078	0.05430207127664221
32577.483698466895	-71037.4599049153	105751.61285504661	-39787.60169569061	33349.460850493706	15625.000000128655	0.6227048788627223
9066.28640723895	-22176.900992967847	76942.81561144948	-15429.401250976476	48117.28412354743	15624.999999940814	0.035754114878050844
3920.6865155067717	-17846.153205956478	42163.23017936488	-19137.371871605115	21440.68844367979	15625.000000288092	0.026851506298122513
107507.40147925673	-158967.79495521705	240111.95141298042	-56776.50821799288	80219.44087040462	15624.999999035419	0.5848489749339048
19327.734141863464	-56501.554981643814	92458.73376271271	-38381.877244552474	31530.402655481725	15624.999998608808	0.16624379646395263
13888.016097030864	-1107.6547010301001	91489.1784554057	-20048.31750400576	48759.9712404968	15625.000000925866	0.03130246890593746
68477.70294964038	-82091.603198775	184471.05323486985	-18445.56898800929	100648.04384081253	15624.999999112755	0.307929695771243
318082.9518596891	-455753.63181145163	667478.5173324009	-138296.19048678465	165345.14227620116	15625.000001631539	0.26837356935967993
187097.05418759328	-218691.8945667972	326260.2717346973	-34323.98612756233	104381.18553614384	15624.99999948579	0.6387842397779038
128277.60674657485	-2468.3235204026296	248461.1964442585	-59432.89809748275	73494.98057989943	15625.000000459802	1.606821984390964
21883.935411490827	-1930.8036670189585	84588.01069486018	-18391.16026148639	39091.974869119476	15624.999999562782	0.046163747187986416
540559.1384381303	-5661.423925839596	927194.5609230944	-40795.213337113615	68719.34508120664	15625.000001708453	0.1467678162687299
380716.8978628743	-220360.3425939495	570445.4865087693	-86833.75080844888	89858.28344329882	15625.000000011618	0.00048390557518936063
4668.272932030659	-11807.979247571762	49528.60387727602	-8034.658759834543	34465.87756450197	15624.99999900553	0.1616653849500182
74337.35285888075	-3536.858970702566	175608.56498088271	-55292.16372662563	73173.3332308842	15624.999999348549	0.10041834511108257
2957.0109392750182	-10097.908902027519	57347.45183487782	-25625.218675859764	32575.979226813524	15624.99999922443	0.02771031293951955
8422.096386435998	-13210.968513626716	54810.60635881539	-18514.08659247358	23579.6287266715	15624.999997742549	0.009798309506123103
7744.115449311346	-22988.88303217038	52544.70551999286	-23517.63574617692	25910.813382900596	15624.999999304167	0.011598784187586036
49205.96152689329	-66315.41881223682	138712.49259447685	-24477.95181527461	71525.70476800483	15625.000000310712	0.252538491073676
12391.743667185552	-54736.28004653403	80252.79073873915	-44499.33533524262	23997.58101218783	15625.000002240115	0.2969439488698986
16004.189282316423	-92842.43053613219	124126.23902996181	-87357.87888254019	30713.089984494905	15625.000001143953	0.15247049951110256
1913.0667474763377	-5914.375443037786	35751.54076884752	-15587.288026661066	26981.33826050022	15624.999998906118	0.0424250617349341
1743.6027505319798	-4562.001650763115	33606.75250727078	-4428.628945192468	25079.74373545777	15625.000091466121	0.06570168930483936
55840.925893013235	-3124.5731389454186	160019.2697331379	-58042.3066380358	74003.2261837145	15625.00000101166	0.14961120013291698
877.5424281126086	-8963.720413985111	39422.95844961467	-11394.823123362577	27210.96383398005	15625.000000435937	0.042048917363387464
209953.99467768488	-249470.0677137875	355853.399656156	-41413.36605610815	103929.15140018315	15624.999999196802	1.3415712979573984
4612.38679139881	-13671.205487332883	40970.6695401523	-15774.498542382353	23353.706844844033	15625.0000012837	0.014428348181140862
3490.700677023553	-7746.061802096785	42436.577633510315	-7396.642757970536	28798.905604459425	15624.99999943854	0.02090451458749346
77909.76471255464	-5556.53417032337	236407.88112116698	-13289.404870317609	42259.45542606502	15624.99999027286	0.015728461477340947
117883.81781988568	-3033.9449113765586	235888.87245236803	-76996.43705529944	94075.34939299224	15625.000001065273	0.2596593845678349
38215.67521007926	-3272.641853229441	122139.2717794274	-16947.808130454418	30741.709097206916	15624.999998973833	0.30213881590551434
12995.521109784546	-18165.204930265085	70511.59861597023	-6384.665525106087	50271.83875138755	15625.000004117464	0.32613477584094536
268576.37423125654	-373281.4374678009	528064.5193469767	-122590.06045810599	142042.24500013638	15624.999997687817	0.0308728396643229
215585.4759291651	-253238.99206391335	387195.35245853185	-41129.196651678154	132761.0967244236	15625.000000228647	1.5748223897859472
6758.614027536212	-12231.436608546966	84361.16315434023	-48223.91012588292	54112.48876608469	15624.999997801264	0.015989745505495725
32032.372398789623	-869.8848636147159	112953.26002056862	-17118.03526247242	36774.93496794543	15624.999999820051	0.23401053550604953
6022.5503850864625	-4279.270424718881	43885.09314246348	-9000.939128099737	22956.381791916094	15625.00000025041	0.03460252980259994
56450.55900425179	-94249.22127185293	163541.31653635018	-43870.14902576775	67292.11081482112	15625.000000057102	0.126941506447787
29778.106149603846	-55353.80278822989	112444.79319018638	-26750.266836957657	39921.36698557413	15625.000005565118	0.03667804253871644
6440.67923452684	-16925.73061563387	59358.2307651444	-13605.286288041993	40493.41098767382	15624.999996787636	0.08976446926772137
11435.006489450287	-28925.704664813045	73342.36737729196	-36642.933284685016	43023.30966910299	15624.99999986884	0.010642917475978236
14288.114970952643	-21006.52337640353	72482.27440375468	-11829.917722238517	28220.826120587877	15624.99999890964	0.0029455936758924794
47358.642789274214	-11488.805928546964	150391.69627735447	-74356.91133765207	80840.41474560305	15625.000001882727	0.04206200566714991
153218.60373132315	-215930.81418753753	280133.5237016198	-63439.32265733392	62891.29773369377	15624.999999808802	4.63488817351748
6325.947853265911	-22338.22909406518	51846.01306780649	-17630.550959179338	27540.322109615605	15624.9999976225	0.15269178530279234
32599.331339311575	-40758.02817259419	216772.60722975526	-13398.531604288202	172398.155550155	15625.000002780958	0.1678590656551807
14723.629323762434	-24952.994403365472	82160.26082315885	-30360.69351460963	24357.833992789307	15624.999998970598	0.005615082796486621
52812.54880790599	-66081.46922236728	170205.57977429172	-14388.206873634015	102509.16593608493	15625.000040885876	1.2508193614001974
14075.017305214598	-2649.627734070935	71013.48661026382	-20420.577796271013	34385.07940259541	15625.000007923169	0.23456815271375664
25349.3692083728	-5586.394563722381	202074.69384722892	-108347.65310503071	146321.53044146454	15624.99999888938	0.011206985964332897
21299.49085991901	-1749.3422365198167	85138.67366886203	-26099.31987958112	42677.89041222562	15625.000001500091	0.15719931699246895
336873.7575466229	-413410.79557305964	504452.14627579297	-78034.63606189933	89099.63017548154	15625.000000237971	3.599271852315751
2906.5776170446698	-2569.2693154658045	33785.57947102221	-4324.021372887553	21149.932199208954	15625.00000267884	0.04122568380979279
17463.150465506398	-23913.610608232477	71431.45923295946	-13468.024005128595	42440.693253978374	15625.000001994355	0.01472380106670932
5489.86833590005	-10651.67867754642	52010.0118184174	-18359.12646269987	29885.145884802307	15625.0000005601	0.006089649943380764
181842.4716604412	-254042.46102153088	353219.01501675346	-75807.12703028531	96480.79004620132	15624.999998918713	0.5053335830176733
11231.736637025126	-31160.96096041854	176258.2177102796	-40469.09418409327	111265.8490296747	15624.999999896509	0.0013803940475806049
19814.439301630176	-933.7449745535932	94176.38093747359	-11173.990882443552	34279.80319178752	15625.000000834965	0.08192697745593447
7656.61606692901	-2596.691468082451	46060.4962641996	-10092.753689437137	24356.782900056114	15624.999999910402	0.13444469927676425
4033.9220352884154	-7512.908826885008	39473.21364874382	-5310.034279754007	24111.16538004701	15625.000001038756	0.023596935107783636
31864.055165188154	-82815.1129533425	142569.2513446617	-67236.41616484825	59032.219247634464	15625.000001930865	0.0683849538458466
457.0219161255543	-2772.874894249734	33065.0480166341	-8848.907349599534	24812.073576516337	15624.999998993742	0.05848747348131116
26998.15272260402	-35456.49096270965	100243.67977456524	-14183.861690532236	62045.39869569443	15625.000000426684	0.06742007641977421
200116.0033045581	-1265.8333536130956	391714.072902282	-146614.37451034016	161859.45056823432	15625.000001658089	5.627837302109181
6865.404705872952	-12820.965384798747	48751.87788180231	-11460.446225039843	33168.95273041383	15625.000001033834	0.02601231495187292
244233.39283441068	-331373.48415743985	566964.8402324144	-87788.0477653744	195233.4149207485	15624.999997421444	0.20262093462064457
8601.515608804508	-6489.301081023005	59790.898527800324	-22314.567184196356	32588.40369706336	15625.000002162356	0.058193376894761006
5188.876656660385	-10197.34513622463	41282.4243350384	-7170.123918920995	27471.33351904554	15625.000000989632	0.04816602520629038
1770.9921987330454	-7324.353169934218	41729.63182309454	-9027.364198575793	27157.16958333702	15625.000000860666	0.018080661190243104
8244.217449498217	-13116.984422582096	57014.427797080076	-26678.957790581902	34614.03854664447	15625.000000754368	0.004814905532946486
44566.429755010744	-827.6042866991743	114220.86421505548	-27709.911674589956	44797.7615711431	15624.999998840549	0.6743099619629696
422920.0241505744	-869668.8044069757	947620.4667940595	-462517.7359052927	75079.75270688877	15624.999998510182	0.23679023408632793
2812.6568136791066	-2885.6883814664807	49220.867874994976	-18359.130103084008	34528.43424850116	15625.000000586888	0.04635375150830156
13099.968649587798	-2928.0785088346165	83053.45003647552	-11374.948415317067	38954.41809121637	15624.999999522479	0.009087019252700225
34563.62981413632	-57182.74858002055	112575.66839631178	-25532.915480985026	54312.1799267504	15624.999999484975	0.34960018951232447
14277.396467520084	-5308.283315830828	106028.85959551652	-15987.893632852922	29424.951603262743	15624.999998340849	0.06747954031643631
4933.222400607713	-36099.250267223164	58699.86172930982	-34960.32513766474	21696.453746396845	15624.999997568462	0.1951329143835777
4104.738404025109	-27077.708881659848	56933.11508545939	-29412.123951918275	28178.035651509475	15625.00000056684	0.042232379710713634
4422.907418995448	-1644.893602712269	37588.274150974	-6678.743999785431	23749.381308239535	15624.999994107115	0.07380752609054862
23955.38198937002	-2163.589797840861	122085.68371678767	-70698.85212879138	86437.70216666744	15624.999996061175	0.3117020860269131
1016.7314960939675	-13556.304368091092	90373.78024957917	-20573.79468790269	38357.61157678542	15625.000003093737	0.0035567515032074453
168100.1498981632	-3607.9347443334846	296045.1472167422	-72314.82521467762	86535.97029622595	15624.999999647365	0.6083084177026438
9922.568334301352	-2598.5086613992607	115427.56585015496	-2074.6959765887623	25657.3562762485	15625.00000241664	0.034106437065728204
9290.75672354619	-6946.496742689473	53589.5908396896	-19963.83900374995	36896.07212472195	15624.999999723252	0.006748457508960388
61406.91698184225	-44275.13529950459	202148.01224015406	-75848.43678192463	50132.565574214044	15624.999997490144	0.011257161193767868
3534.96869230253	-2179.8842955198606	91598.28717917766	-3321.5443008030043	24721.517832119513	15625.000002099201	0.05333899025276895
140626.02645673032	-212012.1732901542	280815.85175266286	-72520.58809477183	65510.88452924174	15625.00000136031	1.0469833087153102
6159.779207059042	-47516.10784510299	77136.2512124904	-45450.645253904746	24857.528598318546	15624.999999804539	0.0417005898354061
658810.1611765928	-774102.1670795871	898604.1915968689	-115873.80136648838	119216.8544995857	15624.999999190277	7.025599089177855
81064.30329511606	-3588.3725778584444	285581.5204330485	-178935.32684217836	192060.8149066209	15624.999999190359	1.062770275365779
671.471575124524	-9466.071836003335	38858.1899343211	-13333.15734313149	25635.733642597916	15624.99999872438	0.02895293094568111
278945.7382180589	-314699.0804266986	471277.44012884126	-40140.908361283975	155372.5404300975	15624.999998823836	1.6639024175245316
7828.659757699119	-21131.56834494725	51479.721882386286	-14699.295769032695	28423.5023907437	15624.999998935142	0.17589967085317804
192.25765805031642	-3981.940285111472	34295.321569586566	-7403.0434315907205	23078.019457657785	15624.999998563759	0.040066643982280596
3620.716027407613	-10658.005266607463	47575.90761984482	-8165.515972730628	32163.65288515809	15625.000000698554	0.07826200099686065
110368.93244819087	-183113.22279127734	257293.66494426876	-78774.86743260501	71041.28155817278	15624.999988215219	0.15076583984380068
1595.9842133913044	-5506.713109101032	39611.612114225936	-15444.751445854565	27693.450999926827	15624.999999908116	0.03592630922856323
28680.682945615972	-40063.60836089564	154354.37425148254	-39933.936370244825	112075.13802691233	15625.000001003717	0.025877113885712483
7698.921398237682	-14051.558361746545	69625.80173696153	-7595.185258072543	52694.071368588426	15625.000002560948	0.2139367485752537
42293.75222381582	-2212.49664309742	144938.34356984976	-78081.79425095426	93186.4984301784	15625.00000002747	0.5489230223025182
28346.133140192243	-62579.34463631711	92962.30821592579	-36313.85687268921	29463.287577415198	15624.999997970323	0.5175261438728731
5185.171901092661	-17447.793997812707	71631.8941557516	-47091.55325231312	46343.51552491235	15624.999998573317	0.015293296794034064
19843.571054557324	-782.065708300031	85228.28334437321	-8650.630382047379	26361.162428635085	15625.000002379835	0.39987996295334743
6729.107409344482	-11876.942436377141	57111.097346646144	-8347.457547434318	22754.22186348166	15624.999999855972	0.00536236498749106
2964.4348156913184	-2314.0453029760392	100607.90557584912	-4882.244401756892	33412.978788015025	15624.999999534615	0.016832552285347267
8266.445099256074	-116859.22249203199	523358.1336065277	-199324.94471208923	310012.79183147836	15625.000005610338	0.00042420550031033036
7488.16235640028	-6193.576459862234	143822.43645369913	-996.0636028977829	102216.61718387643	15625.000000695147	0.003063284082361208
19591.794924573933	-19507.86321118896	124169.69845888708	-53038.965504648215	83389.6595986102	15624.999997089188	0.0014855657737415382
74278.25754810956	-4869.659721657406	193129.41927983155	-76616.83131531354	88904.48214908119	15624.999999527714	0.278709419447652
20615.908199089514	-39066.06617648687	85584.16931569554	-19855.52187402279	44828.180823817005	15624.999999830363	0.327801986706263
13952.386147300946	-27799.62398502083	161541.76813443864	-71664.61008458093	67320.72144684033	15625.000001710825	0.004183412136246791
6886.021068729214	-2360.057251775288	45084.014946144234	-12230.919998987923	27597.074475999423	15624.99999783072	0.0819563287863455
10614.183498814862	-3000.3979556746635	85491.15530418928	-5258.090777137942	21186.243621247355	15624.999996418745	0.11398850175916615
69776.5449392972	-81979.93404827663	220295.9291801218	-14158.746540686325	131985.50322892706	15624.999999385473	0.1951184184317671
3459.701507803794	-1567.6819714420658	56297.00248415119	-1984.6648654396304	22178.63045669998	15625.000000970873	0.056190117452569424
28842.26672411091	-125850.8284751723	152761.53024914383	-100033.29971285677	26198.402365326812	15625.000000404187	0.9736692421892932
3018.513674994828	-5117.211184599713	51731.18786867706	-25227.457102115743	36928.5292119413	15624.999999104468	0.07537657229642146
23295.8944993521	-25494.760366514205	86084.76054334037	-12858.038065986708	52338.36068226907	15624.999999238167	0.00692611273551729
66832.96654455706	-12697.591728651358	204987.75368420035	-112389.3508248975	118252.11776395797	15624.999998189232	0.04422723577847597
9641.959297001013	-21848.29890553499	79982.48943433538	-35577.3678444121	31224.829790534335	15625.000002130575	0.009647973084712531
21817.953370197978	-3164.9302532042075	82920.45167593555	-27799.764292312844	41164.42794793128	15624.999999751211	0.25513835793483275
28257.24091640435	-35004.769950411515	116300.14042564237	-7373.334817188512	76329.79235391878	15624.999999369014	0.3863238704031657
14337.901082440687	-11779.433891582707	98459.03156500653	-20910.0540102846	27008.336766246008	15624.999999062566	0.03720062039157143
10825.909224802184	-24202.864770484903	56611.886156780005	-14841.751448243238	27848.13193164596	15624.999999935317	0.0682665824681835
9211.368685464278	-5067.558857083691	83564.2699789205	-13040.642016826596	25945.560978410518	15625.000001497756	0.07744966468521455
123697.43725480881	-318505.67959948897	372492.69391020597	-208406.0747517652	53178.19012762059	15624.999998632513	0.2861168027481256
54967.392779275506	-203817.98245916064	258759.57269795547	-180524.10612247797	46521.82802471312	15624.999997682706	0.0033441196022453747
125542.58190678977	-52438.15810821262	399360.9442357279	-225621.43815852958	189976.3719538742	15624.999998136933	0.031191218515966554
31352.752576861072	-1175.6282873396124	103828.60160735418	-17078.274492119683	32642.79442682217	15625.000000191874	0.856645724835272
10379.23860392252	-26395.592484094494	76736.16275093859	-19046.301975345978	45817.52733905138	15625.000000254873	0.04246139471804319
105381.07560137553	-158396.1091637787	213039.1293785438	-57007.520767102294	48912.306707093725	15624.999998924395	0.12606035269995833
52857.685618919844	-13564.6722223945	702124.400359252	-11724.844804368484	24997.086871224485	15624.999997373248	0.06022235110099926
313003.28871678654	-672.4510937908708	485334.36186955776	-45636.882114490196	63045.42418405925	15625.000002684123	5.858059637822984
6937.6999053629115	-6553.283601286203	70482.7602829868	-45028.47074275883	55321.93133754842	15625.000011088967	0.07964678105981889
56146.54231794955	-3240.4772711151554	157289.23812907908	-39201.62165106372	53927.2292341001	15624.999998764803	0.20508020233837695
37527.84619499883	-39597.68907247146	127918.7094564652	-10347.247278126306	75362.46977133444	15625.000153246336	0.00815183483547983
2982.872854361683	-1617.7154985980403	39857.99305111851	-3501.761421138609	20935.46657393992	15625.000000768952	0.07891107940599469
502017.9576034016	-533.6095908927791	751285.1209104878	-52902.06020873459	74285.644842549	15625.000002478933	4.601842348704389
2745.8705935709168	-4665.53950334237	35299.366847716024	-4649.703374037104	27185.724828007686	15625.000000485863	0.043528196326634405
2867.344663798605	-14285.821559404994	38798.423606567856	-14470.17954772452	22678.121744326796	15625.00000078284	0.07444332208762289
19538.436541735922	-27356.311571790313	100845.41787765716	-10430.529802585479	60645.255759614665	15625.000001038152	0.016460003383347466
16370.533416487991	-13699.884121038729	114829.6016180126	-54761.47417069717	63808.07759375007	15625.000000230328	0.00686427115132875
1223.9633973286525	-9187.51472730131	46887.76050522208	-14528.070604445395	33858.70629751218	15625.000000648415	0.018408174885134125
9356.822301352906	-3457.59856762625	55760.58632889662	-8083.466773698234	24379.42036884991	15624.9999990335	0.03214904659079094
197944.68362695578	-1218.9032832523371	549262.0882700542	-323738.63862706465	338839.6951013003	15625.000000052187	11.74195040941869
812.4211243921454	-3978.353691352735	39602.15690647521	-13681.369146973906	28628.134182400754	15624.999998204665	0.03527827517653792
16785.489239244096	-3611.487031179808	71694.85554991035	-13954.057849995093	30373.402933799167	15625.000002682267	0.03492593455904492
33576.51261298958	-13800.584977680666	160187.63167189254	-20179.112978089597	23973.344541766208	15624.99999962847	0.08951755661181843
262425.71233956283	-300042.93018638156	458566.75472677546	-38373.6634338947	154896.85541689256	15624.999998853684	2.828533169172872
232412.75487088363	-277883.82393068133	443581.7473887482	-48981.00372105064	163394.0424694765	15625.000000280896	0.835439554300603
8965.500243216866	-3219.4019335284447	62053.68337563778	-7403.204504592488	22272.90405465963	15624.999999557873	0.08346666648106757
31071.795723336076	-18214.875154379304	202513.48555845427	-30204.871894841897	29562.37061846262	15624.999995360238	0.08063001493916781
8041.916676337452	-13445.770675542808	52348.392683125334	-6809.643138536645	37286.90646287019	15625.00000139419	0.24692640164690088
897961.4921892029	-7904.400751464142	1.298199781560204e6	-311543.5980795728	320457.95408899296	15625.000002299174	2.9788420680286687
61992.204537406564	-87197.01142591497	168568.30133859254	-33341.283991482924	79768.11355928579	15624.99999432743	0.14212824635869112
2050.9720575566475	-6611.991154617534	36654.53532121292	-8548.462852008643	25905.352706909533	15625.000000129927	0.026988033285012314
146675.34116666616	-179464.2792702315	282405.3326396915	-33397.205333154765	95732.4514129097	15624.999996994855	0.8975947302557893
14025.035737668339	-2552.722816084339	72392.11159195288	-17167.54245520292	32033.74398010326	15624.999998585983	0.13793276801618062
24022.166551108065	-63106.731745219615	98647.10099990782	-42723.02570734342	32699.914771343887	15625.000004748086	0.08630528694511146
230314.94053771137	-2487.7439664518606	374631.7182003211	-69726.86773480743	89384.96638519132	15624.99999905008	0.4188799998901187
15964.744909364788	-4541.069436826577	90472.7068376136	-20689.327362199605	35465.483479664894	15624.99999897636	0.04324431637984202
111341.0912489536	-143196.98817117233	410601.4775615797	-33207.07460435848	242405.26005556743	15624.999999063777	0.07016795578359929
448134.5448004984	-514432.94864975545	706781.0431015816	-68740.90680638094	187827.18010940438	15624.99999960913	1.2164647129297903
6399.057413156554	-2963.430261284284	57141.25582560195	-6225.307134351095	24833.962005820104	15624.999999697236	0.026229313110127092
62789.03591630733	-5140.7526810433965	282534.9238982849	-189733.8949915617	202719.28277838614	15625.000000276556	0.2699279587842596
9745.592790204217	-3510.290177077055	58272.6957180039	-6480.031860365241	22182.03994200524	15625.00000292607	0.04292671051220643
19076.938111121184	-3552.369317629258	88832.18882590486	-30760.31730014726	44379.03309850686	15624.999996862956	0.1308822893919175
233957.34389664384	-7539.47912282612	413067.7033228674	-51118.8953713331	60402.601420984465	15625.00000165553	0.7808932655494107
10477.47050848078	-1710.1285636390749	57975.60947542089	-22267.60901613373	37074.92545815345	15624.999999079258	0.37437980605569193
122543.35363577823	-3720.031278809838	264816.8558069661	-58625.17317635027	93943.35067689908	15625.000002451492	0.03562559548244806
32334.291320792672	-4156.3258943149485	103618.54351007262	-42471.6539137466	54701.46460259607	15624.999999448524	0.31476855098394885
6313.360654004617	-12508.84442039812	44899.425098089036	-10919.464702182333	28773.228993872995	15624.999991998484	0.02132735329684797
17640.031634531115	-15367.835801134626	87526.82367478036	-45727.615476916224	47574.834293379696	15625.00000003737	0.01578595074669576
99326.18025453528	-918394.4139034795	947916.0020597037	-823311.0935006556	25243.83566668971	15625.000000680639	1.002236176107413
6889.938062387004	-19167.50543659156	55446.56301615092	-13727.785927348057	33925.80381236453	15624.999999973388	0.14509392630656578
16196.960802833244	-1172.6346657045783	74725.62277548807	-7213.209819251948	23644.981725742662	15624.999999533655	0.36872203339429016
56694.5825554218	-1020.3116537379476	141279.50143260582	-51872.02267799727	67262.50530495	15625.000000931936	2.3152086524395457
5071.13646486946	-3036.0490057657325	51690.435534407974	-13873.420464660254	41747.41020701212	15625.000000196003	0.00935080488407395
331192.45824664366	-22165.77203984696	554390.4326313008	-95477.41593871359	101921.8202689914	15624.999999675536	0.032853494268375395
6462.892246936899	-12063.36119723414	74919.63794919034	-42175.16425589664	49444.07207339117	15624.999999292031	0.009816986989945736
6755.404317904622	-1215.0806107375965	87534.61833223561	-5444.608246049125	23203.922238348983	15624.999994026206	0.2894543080734655
12904.740037894022	-22671.946370350866	71655.1200282608	-16666.698635585795	22253.544435956923	15624.999999542444	0.0027166295595093893
9740.399901308585	-30061.531753115392	93316.09387774617	-35476.05315622864	44537.11253983044	15625.000003226873	0.0022576234145445812
44434.22072323982	-14937.022227879475	153312.83639513314	-65720.54326710361	69859.88498228378	15624.999998735604	0.020196158583936537
814.5872940639651	-11304.191045049762	38332.022691703096	-13536.413449312915	24200.506885975534	15625.000000867542	0.0536198292983571
23699.535522245118	-5616.3964575127975	99668.16895338969	-52846.784617116275	63748.54416190098	15625.000000160408	0.1808877570008826
92444.18332469187	-95246.26768147177	466099.07120491477	-4908.828225156056	368829.4150556786	15625.000001911336	2.484014055219921
246674.5628610577	-14935.985477585524	557786.58291186	-39085.058545841464	40833.3091648143	15624.99999998929	0.6285791522246659
32332.570412680274	-4450.343333494626	229296.04050955107	-150817.18426562077	191900.3589260704	15625.0000000742	0.03014620663549651
4783.904248694056	-1993.3366634019944	43232.75162841535	-9303.747343074045	25627.488427333024	15625.00000021759	0.07598334996863279
8834.910765456967	-9842.781731236493	67230.31113157701	-11262.044495201553	26733.929314401466	15625.000004635309	0.004815479760352644
4944.122884182172	-11058.660597582464	53926.165255588596	-10520.815075787541	40659.90614498698	15625.000001706241	0.05385276371207943
823.5023505178979	-2608.7084018388396	70550.82752534293	-3672.713357405336	34945.37420090426	15625.000001209453	0.010081006649345086
6811.052763456885	-7802.0247437247235	75977.58271329086	-12832.673878432877	38241.076383641404	15624.999999143882	0.003228157437323171
8738.384731306665	-7791.359434842598	94165.53292076034	-6784.411193690863	81083.67126966239	15624.999999066522	0.02804501428576202
60410.67558250579	-73792.72159348651	158625.19390848232	-28348.79448272342	80415.6687668338	15625.000001053722	0.026815859277213305
7521.375488627247	-5404.8494096042195	47435.73897946206	-10690.224148442807	28085.496113482477	15624.999998352483	0.00907839263370818
2945.2485137738877	-4526.911960310612	48228.87897325621	-10759.273690864382	26439.822770475595	15625.000000645545	0.020946841912331617
30282.748044965098	-41243.730987682575	113205.45811680342	-25119.100536123304	70195.04506542879	15625.000000690587	0.044674455219194525
27555.220861929385	-43384.1054183884	142298.67097914786	-21577.335494171784	85940.19681177892	15625.000000543943	0.01216895645319063
22913.61171682751	-26257.89718130909	109688.76668183567	-14356.30756069031	80561.12389812176	15624.999999913858	0.04377614661713912
10739.953169997738	-39910.98669081606	66461.02189194543	-30659.72451558752	25749.534343110463	15624.999999838517	0.6027219522614724
1775.9390684958726	-6442.603361523565	36295.80220669636	-7883.826738211883	24183.765169430397	15625.000000543252	0.02602632021886219
70838.54509740602	-5176.947628959417	194609.26026831684	-35933.94862767024	51141.588115260296	15624.999999824271	0.07978756363515006
11202.116293053215	-12033.255932453394	198988.16846178155	-1599.8868142737401	177074.48408495085	15624.999998011423	0.2876625009097932
67043.5736366148	-133395.88347073636	166580.88350472628	-67678.63963976646	32258.48878622202	15624.99999792266	1.8655300225222176
2456.926109736305	-730.2989994633172	83236.97327817627	-1720.7910403433257	30210.291289137018	15624.99999962312	0.050926757788128656
5245.002666242479	-36466.44833143783	66149.97861392144	-35515.637233100715	26542.02403571809	15624.99999584668	0.046108180326601626
11839.616576806286	-32924.24983998742	61721.45977408119	-25931.18501512133	27644.79127618414	15624.999999697022	0.0872016019410008
637.9240332951322	-8275.554703867616	41524.047160251364	-9966.742661244582	26811.620256108996	15624.999999868485	0.030310995519541285
40973.75984327396	-85823.26868083363	126647.78375259275	-45754.57667386974	37815.427136780665	15624.999999834545	0.49289468958715327
123503.91485403523	-144055.56277518443	267693.0910101981	-21249.64056601387	119270.1206650933	15625.000001443514	1.195560991913972
18703.222114101744	-1732.65427452842	81740.31176959848	-22477.92599690047	38842.80097136524	15625.000001123328	0.1623998223146313
42010.806386907934	-82471.99646997987	117874.43404990248	-43381.86999287247	30373.140953217066	15624.999996738887	0.08834663793209421
17274.459086408577	-59629.095611736644	93284.39183484064	-44182.60272530641	30214.41886443668	15624.99998849933	0.14929942484373063
14202.80992527306	-28678.965242392384	79412.55957996659	-18743.514357602806	39581.64104303345	15624.999997045146	0.009924607731132589
58353.79139738949	-1654.3154107132186	163296.6383971991	-19319.0079335965	34892.278784353286	15625.000000073342	0.7607136627457751
10366.320292308694	-11088.817229665292	76159.25600732584	-9620.921216059585	57925.195944483276	15625.00000077558	0.009564182739239896
7143.253185287434	-3963.90142291303	55031.6645976582	-21261.774792904875	33851.57742113056	15624.99999962996	0.12504249984495408
7241.95623139129	-26396.80445923149	60515.76566155604	-24150.377295966922	33160.76888709895	15624.999999102394	0.09881289211661545
76048.2336418978	-79775.67998024309	308498.8731025602	-7244.315432737392	202513.18973184656	15624.999999901933	0.014618270669016302
484129.91466205055	-854.388047113207	1.0375102653559148e6	-361479.8047528876	431114.07824106707	15625.000002522082	0.3026436985519075
30603.38845606119	-47605.44998371728	120271.89284842824	-20405.34729603459	70370.36979254014	15624.999998929492	0.15285878906887662
77168.34470416582	-610.8770832948353	197227.27946410002	-19278.754557542736	35587.91470281873	15625.000004704343	3.3456356807105343
5132.690791890705	-17553.655435333385	64823.22955610631	-18036.520715373914	44336.61427077983	15625.000001693003	0.03229903553942926
1773.0916339968971	-11837.43149359116	49800.74748740252	-12762.485209260267	29415.196163245826	15625.00000618666	0.018352778832123395
8445.791913898227	-4684.932170130269	97533.5772701082	-38152.62985899362	72694.2954481738	15624.99999956194	0.006083785689897142
13879.881829292728	-2048.0131669428724	60242.51289969815	-12908.792427941939	27461.31100583446	15624.999999946747	0.28498032126773815
39996.26265637543	-72838.91086194309	179928.2530589172	-52883.26185843117	105943.12897720124	15625.000001475797	0.06424961793121423
39815.41603556966	-1198.508248905243	114614.53511574867	-22377.6517618364	39527.64987231168	15625.00000058664	0.35641158246277127
4601.563523965516	-7158.448811105612	48413.26526147411	-8241.503794278302	32273.339504292646	15625.000000485283	0.008235797046969194
9190.825633633965	-14145.283079496809	53398.75717934987	-8258.747096023251	37515.524655334535	15625.000002047916	0.09141016115262567
296364.3676545849	-1706.0586384663127	781467.6482414731	-15777.0362427748	31799.27032669739	15624.99999876711	3.708199798301313
249330.67239670947	-285373.5678851106	484314.1054197304	-40535.62872521377	196838.10490950188	15624.999999111265	0.8138743780968208
828.71311242922	-21674.606811792848	55067.662383453026	-25364.82099055955	25700.968152586647	15625.000000058897	0.016061131048225194
41601.52647853254	-15316.09125431065	174250.91130056558	-73567.7708696557	76159.82760988062	15625.000001442973	0.03167380168188878
5022.636897952031	-20600.532059918696	45633.60660991592	-17757.97099300565	23630.71912203345	15625.000004265894	0.15230550875714907
7100.888738429159	-18346.09503453588	54397.933696007705	-25767.007484611586	29460.683109090554	15625.000000293998	0.004441199689118153
2647.4082775258994	-14760.53276386988	47044.68887888246	-17476.2478788382	30468.924893559742	15624.999997863808	0.04266042103676862
8265.879351850017	-50605.180390951864	80924.99651392596	-48846.548221163685	29369.73170777163	15624.9999979657	0.1096427904089742
25102.965679378838	-71008.26852126818	101826.97346326796	-49134.4223858779	29256.362649585295	15624.999997509134	0.20659915076748642
17716.784647627872	-42460.75191025778	71804.35581399151	-26259.29604210882	26038.258087782033	15625.000000491098	0.1411055476989765
7985.481201655475	-1272.3038098806596	53165.733317007835	-5339.97757047903	22583.239169315668	15624.999993193633	0.14492713467252105
947.233008409281	-8812.05778324738	33979.06282094319	-13046.565685338806	22690.80340602208	15625.000005221402	0.04282689958935787
4273.500217215187	-875.5200076112524	50017.07282495295	-5027.355344687196	26067.57534867426	15625.000000819171	0.07334513062425445
62448.338347282595	-1315.1956205603656	178115.78024564486	-88741.12630851717	104108.73024204769	15625.000001159307	1.9370286695844927
2411.101934114231	-13509.220601842513	79535.05666477063	-35090.32984782792	59425.81593135362	15624.9999992653	0.004107030557968021
19037.99965448982	-37848.260229089596	92847.34352181936	-21532.135398523988	51429.330628701355	15624.999999482277	0.07719817289910316
6039.233003230181	-6604.703967488724	143501.97424833744	-1377.2486785250194	124398.50397595955	15624.999990753946	0.11426957181868717
325768.6209687338	-495960.87095761084	566281.837598305	-172879.84663187998	67877.48575346987	15624.999999929627	1.4682304759805336
2949.107827861766	-4291.184927982996	57302.04575735435	-31339.98683181317	44650.70976186068	15624.999999810367	0.06741918542294405
20092.436542628973	-92348.45239067037	118892.0767310115	-74951.60418548394	20770.551586757923	15624.999999973981	0.11753851077567111
23967.05529440079	-4563.094403381185	129414.49017765695	-14045.26174424479	28548.57831655594	15625.00000032525	0.09519635005275083
5502.407795897894	-890.5358541739502	155549.2942739748	-4441.999688243012	38665.82566183752	15625.000001460525	0.04543543957623868
19432.42159696058	-68093.2839699102	132975.5423176731	-67153.29021327033	38615.29054186206	15625.000000916249	0.0018843260236512125
8429.48092748681	-13856.23430050839	70668.28689023899	-6351.356424700112	42356.55762252759	15624.999995992519	0.02345249410026085
202000.79566311964	-654.5045478960019	387119.6124252227	-116411.74312348868	139812.85240709444	15625.000001134533	1.0882150154287489
77631.07205807259	-9070.18849480707	199775.82661345557	-39768.70386418338	55829.45435301223	15624.999999327236	0.02276930128331154
7317.548301546871	-645.5033933263858	71911.97787457341	-4972.945448529066	22924.69309086994	15625.000000082307	0.46344168776519723
136382.4976234706	-2808.0235791977793	399236.1426954577	-13613.473562796176	28766.801599562525	15625.00000128034	1.0129890283238099
3609.9733462727527	-10922.528799399457	51880.97782178286	-8668.797511806268	36898.02193056803	15625.000000545158	0.08694763127693625
2725.604777500451	-5109.945058287762	48367.99631295361	-19452.024389399492	35388.7777779116	15625.000001192147	0.016116699141894578
47332.17147237828	-1024.3224348318909	120518.17881333252	-23956.500638082332	39577.03456025081	15625.000003420508	1.3386277375162334
6343.518110147386	-20424.258511601365	50590.37605115655	-20953.980293421424	27843.601489105728	15625.000001818524	0.022877714073465106
9660.070477933856	-11340.22739275638	61320.44317631796	-15392.89724479313	40702.098318127915	15624.999989252072	0.0036047230103532927
12663.169763303795	-34927.692813061505	66728.4806195127	-26441.7447840867	23985.21760385815	15624.999998698037	0.016299634894796744
2142.9824549332325	-2612.4438869580476	33897.459291845094	-3081.327767903408	23941.20663336452	15624.999999567575	0.030273466911675824
223892.70028779807	-68112.82353206119	549504.6127352047	-96070.96794943996	50190.03019339837	15624.999996881805	0.021044556419572834
4475.418570671605	-3632.494399928626	58272.54159935233	-15449.49691624688	34316.55562718694	15625.0000003998	0.017300344850944668
75805.78463406899	-2819.3399324305065	218997.77299802715	-116790.23630220818	131109.21371652605	15624.999996660685	0.7518745884559583
107431.79624921829	-5710.940141420389	283581.8361837929	-19554.39366617847	36346.43287031882	15624.999997872066	0.08905943546798474
7578.266528817486	-19844.757959280774	86398.1904403738	-22896.078756562543	26855.293214986945	15624.999998807481	0.0042432035161951995
57682.27662559069	-708.5371014654348	154602.4823131523	-15676.64659753734	31504.538718166048	15625.000000038968	3.235387382739349
39131.77074912655	-39871.26538037598	212441.53519045244	-12644.98254026452	159971.1483946304	15624.999999783227	0.01241137542490378
21671.422857356512	-121986.0320012462	155045.7935280743	-103142.90109287511	28024.32015600289	15625.000001208527	0.14589267040906667
9125.8177391387	-53601.768710124365	83860.57559407834	-52567.78185480938	29375.984081299568	15624.999999198386	0.0894614963903098
172412.3299521377	-9064.154868890102	346029.2036572242	-85647.43161449836	93479.73529465616	15624.999998417865	0.39361738260481705
2551.908319832659	-2664.0747601621406	30879.739681218358	-6253.389434854973	21890.65299701171	15624.999997283609	0.05671463195509567
2709.3662066814177	-9728.15736561398	39554.28505376789	-9810.402103645603	27428.59654548383	15625.000000734835	0.061412787546431646
87339.47826379778	-166965.691233043	221785.35880578848	-82558.25585848393	49965.091584690614	15624.999999347501	0.17740451493170756
37332.13174881425	-73449.88728747297	125297.11277906291	-40048.7347831262	50056.70560456728	15624.999997370222	0.15596854205955848
116393.59129082243	-1794.3752716231795	3.207260430677522e6	-1489.765033878883	59694.61322555132	15624.999939417467	0.09903701977879872
3752.7838420522626	-1406.514307615324	40957.02769435462	-3715.2310006888138	21221.165687244058	15625.000000022806	0.09369658621002322
2470.2100173601666	-1106.0327670177794	69531.60349997842	-5113.360189638648	37054.665114646996	15625.00000031075	0.016939523495043834
6862.368068711783	-25743.41704847759	49475.7123987732	-21321.080196160026	20910.431462505854	15625.00000074766	0.0739332920657519
33753.34816031193	-46414.104103271384	102333.03247887595	-16889.39846882096	54225.08743107726	15625.000001190696	0.1533267205202207
242199.8113847653	-5480.717186178916	385225.50269085687	-58704.196623655065	71655.43576033966	15624.999999897487	0.46965052429693444
192593.77733391814	-498845.3175195691	749258.5156868396	-447094.8399210576	243704.9399099163	15624.999996963503	0.0031042834526811623
25860.04189659175	-757.331947854329	107204.3057752393	-7558.865822193127	24063.731801383372	15625.000000283831	1.1841652463483636
7502.922891607654	-17963.43397055642	49302.14782938553	-15962.803642980696	28464.670609050372	15624.99999651355	0.023378621167380025
465232.71663390816	-620388.1811362633	695672.3484864149	-155721.6642738327	71782.37402029092	15625.000000046926	7.502455774148906
16323.891165453097	-8408.310536798843	92918.05735171371	-25427.410446951675	34644.335623439285	15625.000001672946	0.04417352540778331
1132.8042947880313	-7879.091638188438	40867.29095189553	-10208.985793121261	28549.253586804844	15624.999992530094	0.029376673450391896
123527.15426342044	-8562.129058834078	273954.1873432271	-56744.4556886512	78231.82310081233	15624.999998103107	0.024964790578515982
49841.605378766195	-89226.19360528418	139709.20359378328	-42160.04931130251	43947.89255324338	15625.0000000837	0.07558129813656028
410696.19547496084	-2613.760537640258	839218.2403044447	-18210.36208513286	33224.49348648894	15624.999989960808	3.018890041035284
8962.66259006098	-1782.1278790840922	56949.95952393912	-26507.39832713583	42344.74896515664	15624.999998951862	0.18282423074851425
5463.141733131418	-9892.902813367742	49076.13521512787	-5657.939583884719	31629.146716369396	15625.000000235917	0.03745191637683092
12922.245822945668	-15697.38991989696	65304.25042130472	-7095.637948776013	42065.81335154944	15624.99995898176	0.013430242594880385
109148.05272607459	-59701.73750792849	452761.6719479996	-148216.50702399813	110415.17845059035	15624.99999834795	0.009068429856583862
8889.493400986983	-67141.53541898112	146049.67424618235	-82167.62101654701	58392.181489587354	15624.999998868578	0.0018520394559049084
21508.157075466064	-55445.319837081246	85825.00012462586	-35325.371152648644	29592.587700638644	15624.999996061611	0.823386931064168
30143.552438627346	-51890.037391611666	107552.92859128152	-24080.526139903814	53116.64295288961	15624.999999110209	0.16351787378076243
8365.509223380443	-4067.5334124457986	52143.92584466166	-13103.658129307158	26249.90743164919	15625.00000309763	0.06823711662510666
26243.115660099225	-7609.614935592694	119594.25503461465	-16646.326371061215	26091.47467775364	15625.000001440196	0.1394366978705146
10978.480923462399	-6487.392969508457	59894.6415872387	-12273.338411706056	22956.701913963258	15624.999999413785	0.053291248528444725
16281.019892486482	-1023.3239144384199	88149.9503270807	-8610.57174001839	25620.655028457477	15624.999998321611	0.41243426640876824
47256.27841275379	-116301.891246822	162184.23127666977	-72642.01849434801	42573.869436161534	15625.000001466076	0.1312392128175794
8103.82155622838	-4277.767377742495	88731.04356608703	-12612.192870310631	36420.06421020883	15624.99999295728	0.009805926364960464
2402.4231208919114	-4878.900374624653	48559.03604147432	-10286.200104685406	26256.211386407827	15625.00000022853	0.01770958285908278
131455.69813673943	-166483.2982749854	249124.52104968368	-41739.837773454026	64119.33763651567	15625.000006445742	0.026347773422168444
282.7035948039405	-6329.472839243346	40352.607493205374	-11921.178009248684	24175.909404109036	15624.999999589054	0.027728672714250696
107270.18378897104	-10732.681427448522	235012.11373323668	-58125.461623637355	64777.088616239955	15624.99999357923	0.14785204173621272
81097.90132359981	-97537.60613830923	188801.20394376433	-17497.769417991483	89656.73158442002	15624.999999078515	1.5746492258532572
59898.630671695515	-77915.88672829722	191336.2861029331	-21911.311615532497	88727.671735204	15624.999990219134	0.011721788132245316
137658.56768666682	-2193.812115801527	321345.87048139394	-14583.424213923305	35732.148874664774	15625.00000099636	0.23912522815785575
123615.36098943018	-826.9577343682311	309948.54068698554	-16581.346687343437	32278.88029462975	15625.000000508691	6.639904832491899
584.9057238097012	-9182.894923692147	36599.19737178204	-12976.427092558355	23691.73756101681	15625.000002995017	0.03319335100872757
7603.34816329815	-12021.828413440322	83101.34450144136	-5006.4253608649215	67360.17629507586	15625.000001177286	0.47040481276703683
80488.07627977093	-22122.362571700425	304283.4188965672	-83009.61561346462	89627.05467384763	15624.999997390973	0.007800575273985416
14358.695611756499	-1750.4964547067066	69810.60072536697	-26549.696082702605	41293.83684830251	15625.000004188856	0.4349450517975553
284.7929275410297	-4769.026805423806	38540.94278723431	-6954.839049779174	27041.430397525495	15625.000001373039	0.031333816420808604
13502.000094822026	-10042.908339545678	82458.15232586156	-25877.373514038743	32707.789097307832	15624.999997897234	0.04876290465361095
32304.93602921535	-2657.764229256194	150326.38125869818	-76074.67914435215	103412.34150534784	15624.999994709637	0.0452893925104376
9906.558467826573	-13998.558596055023	80113.91378505598	-4934.125761870848	55943.66024863871	15625.000000955028	0.058238000755705545
56817.634724148535	-116080.17561307209	165881.65843900415	-65638.84959422381	48795.994453650084	15624.999997605395	0.2381005011151382
10344.179098728091	-23019.01110012478	75147.61783551876	-16781.47502419329	49495.86470804094	15624.999999518099	0.059978612526922034
30233.046103429042	-72387.01757694136	103246.66892592692	-43638.433621317294	29626.229268218944	15625.000000311336	0.6365539991069513
51589.94052927301	-57160.242256336904	170460.59190764	-27795.58383042179	106286.20046042744	15624.999996718136	0.012238393486904264
4000.7691819131433	-10366.022729392424	42095.04026355114	-11873.232331898536	23936.46935427269	15625.000000913815	0.010945842596289404
98052.2162923495	-238993.3977056279	314199.6693558452	-142912.7049316857	45336.803418473544	15624.999999319476	0.06879811824933095
4516.164715413586	-9302.03213935066	46489.81466710032	-22826.232638421236	30777.67906241957	15624.999834215734	0.021145537866426697
93609.18714652874	-2786.592412944592	196156.97276879847	-61679.67047794658	75552.64962337556	15625.000003844325	0.9314063061291759
5163.8740594047995	-8679.074406550884	41889.37744857521	-9109.01675670629	28929.526803248664	15625.000000650796	0.015547376188400432
14433.470812740386	-23361.399268004287	63421.2198236828	-9836.605196684395	37961.71531610115	15625.000001221502	0.3195013258546949
20011.687237928505	-10775.187686220583	101796.26733516993	-39982.76596135784	45942.625448667415	15624.999999348736	0.05521676329220174
205350.9776487709	-990.8829627685809	375519.26367281564	-27970.94321304465	48227.6527712764	15625.000000481192	1.0623777856025547
345240.4596306979	-400903.0980196056	529883.047527549	-87856.71182835942	110678.10694955927	15624.999999120646	0.017050892159949437
1.5702935817305434e6	-1483.5585671491815	2.1606358706868035e6	-49025.180991254165	67356.11969566415	15624.999998313258	8.495829894865178
31460.568479858455	-50759.302150440606	93835.45264980721	-20952.480720982683	40874.64752738716	15625.000000791246	0.2549143917375176
7754.132104460914	-18727.251473667253	91256.85481016582	-12070.005217026497	56265.843039794476	15624.99998816941	0.023669257094289953
23977.33559241722	-59369.22742946452	89617.75445384247	-36934.17793682833	25894.31708800391	15624.999997351755	0.1467199778447205
18559.896983955674	-1617.2443311992974	93930.70870373971	-51935.62179987718	66541.57451899577	15625.000000723876	1.2662688467366303
30811.182424052997	-3711.5958171343086	168542.10882650234	-62850.056251663686	127217.33117936773	15625.000001103705	0.007746365366093075
7435.684608811251	-1977.4393112116584	59573.58289146499	-22893.61819564575	39822.34583091544	15624.999999342479	0.08218146490337293
6153.459991131953	-3130.290433027244	65339.84721707844	-31352.81275966842	52420.080134851974	15624.999997836821	0.023666444619571615
1231.4281154743767	-5372.8200271528485	36252.08579995844	-8223.433330202897	27430.744470497302	15625.00000372008	0.03396485765007483
20737.60300895466	-4422.229657596632	121872.37323100118	-72738.6878588048	85783.97897402002	15624.999997996449	0.15216838275760858
7636.239786074497	-6509.634204082278	64072.35864253156	-27359.488043428166	37920.043391433544	15624.999984151917	0.04878896662919251
9306.110067614516	-12943.75140891811	67063.26801879905	-4294.117191571324	51462.73573165907	15625.0000006054	0.4660084740640192
17300.885404493194	-6303.929736887221	84387.53910756717	-38998.71053596109	49320.31577583263	15625.00000599341	0.09984125619989002
27007.20477044321	-6001.964276503091	204000.45768095634	-13308.808278620329	51172.86928457467	15625.000002448993	0.004454095355591275
3907.709839894407	-20250.2819926504	100420.77523495152	-31750.539065136036	48205.32536481707	15625.000003683475	0.0021387672432709305
20720.22424123573	-2460.174676819973	98223.99678821178	-47367.60380010351	62286.728889056256	15625.000000342701	0.22865100049716996
1054.476167342582	-6447.845365256883	40243.22954301015	-15848.835137027196	30704.293405384306	15625.00000024325	0.019995084992446212
6786.168276431978	-8725.959882584673	44488.698715767794	-10993.787746128452	23182.655771512684	15624.999998292828	0.008267870636479257
8289.882214182564	-1523.9593210974344	52032.11256148832	-20377.50136218303	36394.11858563129	15625.000002648696	0.18393328689812044
30890.05854542773	-45931.226279738126	93374.58046185877	-15717.62795298954	45782.229562918335	15625.000000798309	0.8842503896237011
11857.806884666861	-3888.8124609974584	64708.33642343387	-16792.118763582428	32171.555530447153	15625.00000119031	0.0345504755685072
44998.151231189535	-57407.32143449088	132711.68906054343	-18846.765237424523	74230.93967377521	15625.000000120446	0.24233369247612815
3351.169844587226	-5257.427449510901	40143.450565946834	-16546.02097822471	31345.930054635865	15625.00000002296	0.019191279660428266
142522.918108806	-15707.991956840968	270447.8035520812	-80182.47065425711	85809.00744554587	15624.99999833297	0.03926384943134968
42177.16879017488	-56310.0543729589	151119.93361809058	-53447.00416614511	26962.586389429867	15625.00000275072	0.0014106470924259622
995.0247705277266	-3029.2455294726797	53660.27721147366	-4047.789430241969	40085.218569342615	15625.00000134809	0.021316423996023116
22434.47342957408	-32359.297794489015	103666.22769603565	-10582.820547354315	69073.83490352814	15624.999999978085	0.8132147724980721
10415.01643364613	-22089.305668062458	172808.13821183506	-125953.50904584609	126177.2046347729	15624.999997891282	0.005723405223375836
153502.2465921885	-2561.031226489945	282783.4095728118	-75484.71169201401	89642.19792127935	15625.000001108521	1.5769526972217223
9530.10381412769	-2494.987111645908	63271.484218503196	-11965.376429024454	33621.9074570776	15625.000001248125	0.018827980037507283
732342.8546700287	-815817.4836210851	977854.4160471708	-84011.44322193817	161449.08900141995	15625.000000779932	77.84384886959259
7136.79602665436	-9951.34399698567	55634.46601591681	-8865.379305090624	41800.40326208892	15625.00000177035	0.0207056174351048
17815.259621898367	-7414.918726311429	135936.8900176552	-83824.94062421947	112026.48427417871	15625.000001102453	0.00994389319576446
38674.188810287524	-15134.272859856428	231256.4597074777	-144675.67221814962	180732.95638034196	15625.000004029236	0.004065515626832206
8402.65720274828	-19346.945065939377	51253.83889708639	-12981.054665101077	30288.56992799922	15624.999997884603	0.1401583994055237
66225.64678375283	-29039.428334054835	718403.7797410119	-603447.8296187322	606108.7600742591	15625.000003923458	0.008392227303855226
209581.22345010506	-252873.47499697073	425429.6839211872	-43794.84155564598	162426.52940745465	15625.000000034997	1.0629372155227472
2895.6939611927137	-19217.835093748203	54452.61433215312	-33687.315766208856	32245.608967735916	15624.99999923386	0.00950147888261239
9296.900751120646	-6325.847247622602	105546.66363135536	-72126.01132565697	90314.4399807936	15624.99999796899	0.02135354823334819
143303.6236218192	-210163.73250971347	307540.23500966816	-89999.73708608188	76302.15495654562	15625.000000096356	0.007413113330409506
12878.586104957281	-25602.71988817743	72165.38760255573	-15071.163259174691	43116.38215619521	15624.999998652702	0.07338250861125811
19781.713283043056	-8773.134219924134	121459.39928940208	-31490.190325385975	54381.77032307043	15625.000001710492	0.004983399757404896
14492.628017759493	-20859.944696600924	78976.32313455583	-7651.148947261712	54105.618486112	15625.00000201496	0.1485400639462067
16613.39300094487	-7361.265059686324	108712.19657497841	-69096.91573107842	79731.21141830116	15624.999997360806	0.0551882779671601
3905.2280581691557	-25459.978901968705	61326.597156007134	-30302.381276593194	33742.80383414881	15624.999998590376	0.022947050808394463
8658.110149712069	-189657.89845415013	237529.7569430304	-205877.11943371015	42342.96218590736	15625.000000303728	0.007654600417050974
71302.16428153877	-95954.86558525985	189703.02287906443	-31213.824458038867	92939.24121483706	15625.000000363212	0.43321142290217557
30202.410742053762	-124314.65582211735	149693.75962004904	-96772.31919768034	24027.653099665957	15624.999997043094	0.6217036305859168
10033.261578233098	-1885.714720377046	77001.777521573	-8256.513765876822	24475.218659631908	15625.00011196779	0.1909157568081162
14260.896400824731	-69256.03387298429	121478.69706731779	-79946.4383524355	46553.83783859742	15625.000005904614	0.0031239549710019724
969555.8909737929	-1.4662713699621912e6	1.8233597079393012e6	-501799.33585867845	268540.129691064	15625.000001253815	0.06024696712925122
13789.041893540445	-24532.105674224324	60457.10081079183	-12834.938923462323	34854.8801293337	15625.000002407818	0.2539352034350928
306184.3960758201	-322136.8854382718	817075.6819346566	-16482.69076543762	490159.2351076044	15624.999999864809	4.564917934165412
136893.77652085054	-300318.20787471626	338677.4569704009	-168057.9100036265	27942.25504680467	15624.999997130712	0.11710166811213352
29228.43235112178	-18587.39564970479	127625.90299208097	-23903.447435225185	26421.503776379635	15624.999999502792	0.012420108074365208
13616.62446140658	-44652.584354313556	79116.5719254706	-40449.54458888434	23150.97004923364	15624.99993507308	0.00507336718848278
18106.994530195054	-1724.93271401316	91777.01861916966	-15402.288733686604	45496.516589940074	15624.999999728932	0.015966407054413337
23319.073875903632	-1175.5754288176595	87749.70192574745	-29146.329118169808	51723.22412629491	15625.00000020006	0.08433378694995836
641.6619191730861	-2349.772326860286	34979.634285845794	-7582.6742988232	26123.43569929371	15625.000002744142	0.040802708168702496
106109.63528457098	-158455.5751152728	217794.27705098694	-61554.534757376045	57599.34817249223	15625.00000047443	0.16919168897589276
1452.590875543814	-12665.344715752271	80131.82302086653	-14932.009749572495	36613.677586955804	15625.00000058514	0.0042750994939315
24170.32439208674	-83628.5526320269	118149.75950119394	-61069.09203428615	25439.23735664913	15625.000000907341	0.10207405713786681
173182.82063932111	-267531.7894064246	330246.56811150105	-97577.3639498427	49136.219867703156	15624.999998785654	0.11969952885307396
42756.012200467245	-53854.748803241004	199719.43151105836	-13479.835673942354	142787.3923932091	15624.999997574952	0.3609706609929054
315428.7273941462	-454419.0196109505	673634.0607538301	-143669.28841206388	188869.6189923851	15624.999997002053	0.05395207350117438
208201.9981778212	-317457.42136069277	386054.3120615234	-110431.7701575894	64830.06398973588	15625.000001487071	1.3634969381676927
14039.908996110651	-2274.70309908359	88701.92340130795	-53826.47966162663	69163.59474123789	15624.999999152442	0.2795202860635473
20464.730757070298	-43256.66240887907	85582.5119378793	-23784.364488410985	39425.62337954009	15625.000000189635	0.2570496155183303
191404.3617433649	-218077.2753678916	352723.08956575557	-28361.638091297988	133943.55904959684	15624.999999853993	5.175559558642502
22460.51975949038	-19655.286771829742	198069.3720693154	-20092.222935869868	19555.532048100853	15624.999998357787	0.05356915759422669
11726.282726383497	-31547.947188376704	80187.52109183744	-37843.262354760496	43169.63481109272	15624.999999398955	0.004007613200465158
4861.289334101568	-14968.037875139893	41383.01969616212	-15224.128278539329	22559.837607290825	15625.000002046561	0.01902809001184621
23264.806561810303	-89343.59202265256	131076.65158372707	-75330.27980391947	21257.546736232867	15625.000000883752	0.006373464875420298
15641.175464916869	-56618.20010325516	82988.97207329048	-45440.54165659314	24880.231977947235	15624.99999930992	0.12357844109743872
1462.7681670113443	-6104.531745008353	43963.91323256046	-17415.851964329257	30745.31519740934	15624.999998232033	0.019543658242110903
82918.86735834014	-1314.889171984818	178285.30735151478	-31449.733659440084	52420.03744335129	15624.999999061061	0.2461665471633303
72276.84743388173	-181454.72164863098	242822.00092658546	-124020.61237550623	60223.033023060736	15624.999998931522	0.1012876860608178
6912.111666756906	-784.1818713612226	70483.74212738987	-4021.3387603540755	22177.06357888131	15625.000002383778	0.33582167711345656
13442.462992904839	-754.3791180508299	125090.33342761867	-2925.969694697028	34391.19653498607	15624.999997067367	0.04706172357163703
23681.72202474979	-27711.046110587726	148190.03370306772	-31094.71089146249	26273.750920242124	15624.999998160585	0.007363635949618484
30411.498224519775	-15867.21059001558	129057.50812256802	-27255.820083337734	29889.899415911794	15625.000002359637	0.028564903861702056
28770.515044964908	-1772.9893733623903	106583.2032271307	-52574.49674094602	67681.70544949672	15624.999994151003	0.6025435714807843
3036.004264267726	-12712.109542155227	36748.92765506971	-14364.353180912616	22820.6032063102	15624.999998819254	0.06543305347811922
15660.908864224184	-25790.22151416968	81748.2245583059	-13145.597373432196	53416.11927493804	15624.999998538693	0.10296384324850988
29718.767445573387	-2030.06059454348	88611.08150892543	-22009.20720239209	36945.57641018071	15624.999999727428	0.32579427787985976
38257.006937932354	-76609.58283797913	160159.34210849536	-72289.53749116293	81273.93848465206	15625.000001030057	0.01057976962031969
91594.44216241315	-48736.56832515838	225543.04766394198	-77567.8043554998	56316.25631311396	15624.999993173114	0.003518139661765638
25722.77568248538	-88800.33133384582	122767.7576794045	-66700.84571060205	29978.68756988962	15625.00000146107	0.09046126823431717
86949.58904442006	-103828.9250195047	229961.72841743298	-19089.609118815104	118537.45386514129	15625.000000054395	0.14675602373512364
53876.369558462815	-91369.64824073916	148544.94008169573	-41017.200685831805	55863.24390254116	15624.99999813133	0.32321826934671233
61345.18976053686	-136454.41813345999	390223.29951521195	-78395.27080227868	107908.80255417374	15624.999995535007	0.0026082642808726198
43146.77262719486	-2358.380408126017	189689.13706931524	-113150.07793671374	130476.22862649745	15625.00000079986	0.2536512128179844
378.442458604899	-5571.588486613589	36052.38392007991	-10265.290487277904	26298.909079667297	15625.000008669449	0.02945867110470941
13570.538406413581	-23670.430184468845	60606.64029126956	-11873.93908252339	34022.626497427955	15624.999999828935	0.09986519158416883
61730.92584039722	-2523.227041768244	151110.94066119244	-51990.77142543922	65680.42884331764	15624.999999500902	1.2148005786834972
10994.226282540738	-1596.9538466565791	74218.0633163643	-5502.709291915908	24964.157661373883	15624.999999017678	0.0772879890955735
22894.079836851768	-1805.164521885269	122602.0784081475	-21626.87642631205	44917.087385690604	15624.999999105934	0.04735469772895746
75242.03583116998	-6876.1418713867215	186021.84474278297	-23099.642492975978	32899.57690351672	15625.000000609873	0.363596503746205
9875.864388910486	-668.1584825880527	65531.81021799153	-4677.275566950182	23394.147492625754	15625.000001344	0.2665329843229053
174673.9150799136	-999.3863505722393	300517.8635919637	-71051.78029170822	87234.94907028136	15625.000000610888	3.3625670312901423
2967.889230420946	-2383.1629974089715	33251.97295903797	-8055.879983655133	23456.976633712864	15624.999997963634	0.07547265188105474
3745.688432555464	-11154.803009037452	39445.5300390746	-8718.708768750861	26669.552536138042	15624.999999846274	0.19996580906199615
11641.721694895357	-1714.1620097548503	68016.86346850218	-30923.81791520212	46942.74410815374	15625.000002444198	0.19865180086477496
14934.563368877047	-1545.5188025013663	62964.01088697289	-18422.736901470547	33688.7229958782	15624.999996905914	0.3199304134309691
3227.8397810209353	-23538.514629582183	54276.79172389998	-22942.329303870527	26518.926451948	15624.999998868425	0.046093781876040726
11885.17323547132	-2089.0917521936217	106126.27746891933	-13352.275011627691	39288.50925563426	15624.999998998706	0.023962646119857572
662.3104311128418	-1085.8359674586497	66433.47656099393	-2221.0221410370314	34972.605298192415	15625.000007071532	0.01917649593845266
67276.50248742814	-103423.99343120545	187066.65348247392	-72859.58516774047	78182.11625136482	15624.999998834639	0.006588093376773563
209468.67216645298	-1389.5703644688242	407216.61740105244	-20677.050914912543	37446.19658038177	15624.999999705367	1.9613770598026539
1894.8406293588923	-7451.78532947482	49766.509612725116	-12356.015319273982	38611.1167001226	15625.000070161652	0.019221491480448195
20817.201893867285	-90669.72925390293	118640.2045281647	-73348.94557183428	27270.05631270763	15625.000003789668	0.5721803278860028
217229.2974800769	-330519.29471271485	677081.8555170004	-130069.79011427565	312956.7088589355	15624.999998812447	0.00864583631964461
5529.242343364762	-5092.101599065187	52731.95130999142	-27902.300112729397	40242.94420518755	15624.99999836144	0.05208253498844581
20159.541225405206	-52608.82443006785	82639.89860140783	-33854.94628270282	26212.276845057757	15624.9999958615	0.16285707839779617
4094.1765183298266	-15367.729434376583	39162.17238880205	-13432.7882787126	21338.77248875139	15625.000000271597	0.0781422344639144
76995.1076094521	-101519.26050307596	166812.58354603	-30040.70295170782	54054.5781961123	15625.000001825058	0.02946672884655315
76971.16717299016	-101902.79984097125	180491.93145744078	-27678.24517798037	77460.61367890015	15625.000000630542	0.7458102780055588
30383.89358560019	-20276.430361251427	127395.87597117288	-39008.2133407445	36433.86901865868	15624.99999952197	0.023571433908198
12292.488215611374	-61310.450420152	84628.95614198079	-51684.75488354411	22456.316010734656	15624.999999677668	0.4842679851556255
209400.02177817674	-1761.631768018653	343908.86241039104	-71740.5675233044	86193.81784012358	15625.000001072007	6.036233531334986
27622.271587898176	-4804.559210743604	114661.62598415675	-56101.7736407314	67627.9026255232	15624.999999798438	0.300040239381929
3879.899614486829	-2852.749242065336	41380.44572046759	-8493.330165026116	24765.06059502634	15625.000001052618	0.03922272983160203
6337.869333632174	-10297.805269153294	51653.185919725336	-5067.135019109766	32116.00368681972	15625.000002329347	0.03116687477384876
32540.713091868995	-5402.595788834064	141519.16307766107	-61835.15873537131	78648.8285834507	15625.000005246431	0.03151828297565244
5849.005563749102	-25894.225839730098	54617.617853122516	-23315.3432313678	25832.225210331635	15625.000001083472	0.05205244384702729
25423.968529379894	-96910.81463782453	128239.66093970487	-73484.52917960162	27534.88086516656	15624.999999355263	0.21541062655553372
384029.0225337312	-408172.391081152	709884.0734372125	-24825.4660110877	297281.14568894304	15625.000002359462	3.977294024397277
107152.70350094559	-20771.55947420875	450602.1009411081	-315835.96689681173	324891.74064213666	15625.000001236021	0.01081861046894854
15807.935130931903	-999.3550554777612	127497.09321711282	-16935.207018272573	55492.47042649845	15625.000000347718	0.019195535709478958
83932.86859254641	-95670.30679529285	395651.00481109566	-62724.66888792215	298262.3903750117	15624.999997449282	0.0899260453619426
26116.18503889108	-1296.88027218858	85702.72732175562	-13354.772883962502	29576.02775953031	15625.000000069253	0.36031732931363813
8003.540171485161	-11861.496002416243	53860.027701162966	-9034.321043190983	37242.83598083304	15625.00000260523	0.01711400539894103
99373.94797572817	-34448.924272468896	348844.55684249196	-62098.52417440814	144020.1433298163	15624.99999409198	0.0007794947509347183
155.7468120248236	-4631.72176269201	33534.34746185534	-8258.543267928122	23696.241592403276	15625.000001988526	0.03969324302208557
6537.663433321977	-3497.569826913168	54173.52028570483	-4510.469525747751	23551.902165780783	15624.999999746575	0.01710651330099982
2627.7538914056313	-10032.334848851338	52683.03660866656	-15337.956753384671	24316.52954931663	15624.999999581589	0.01402429126782207
42573.84419416461	-3129.70557428376	128223.93423401628	-16731.37623885241	46069.22588852576	15624.999999537107	0.01564082074654101
7372.554015395057	-7558.105383402843	69582.57992558472	-22682.83931524586	34838.08548931143	15624.999999212683	0.015854918016099583
151491.83278356498	-4729.04165020549	284757.13944020186	-78918.08383580718	93328.69591295766	15625.000000858516	0.2551579321276961
285891.32123511704	-306336.1709253317	544402.0687450937	-21048.138251250508	237124.77535648798	15624.999999100772	17.634222566663226
11381.78253280505	-10490.59930218797	130896.37254271866	-88526.27150970596	98276.0625570984	15624.999994336686	0.020180179838205897
168396.28726361692	-257568.11743578888	317592.641351601	-89993.49923343254	51784.563751382986	15625.000002561763	0.7499387545056262
26685.585033593467	-17254.8986963293	192389.1415737092	-33426.52259540491	33982.86940609783	15625.000001528359	0.06156079403695227
2551.5447776876395	-2419.41665250537	50946.80245021555	-3636.0690134899914	31300.02770985168	15625.000000998516	0.011307439872998473
28606.675864055956	-44738.82826108101	93858.76397576477	-19618.871480028505	47670.70427730199	15625.000000659042	0.18074202373595105
29381.427209900678	-3003.3600323403343	137131.26117648438	-86325.08679992032	100511.46456280552	15625.000000480275	0.42708129604921946
2641.0047234194935	-11829.96687416645	36298.57597492356	-15236.869605106302	23173.254788462655	15624.999996910803	0.04684744399142249
36245.5642737373	-137209.78604716944	176417.03370971367	-117805.58971485494	29107.654730699724	15625.000002015411	0.005865174262106836
15346.71815542478	-31422.228055686803	139732.97753382137	-75169.19349549872	66372.70859398964	15624.999996954793	0.0028843117380381797
27455.266648183475	-4591.059270589147	227755.0431573745	-171331.52989996853	187981.46139094	15624.99994873954	0.12541777492034964
4412.274601139664	-847.3840824373467	67318.75695096968	-4903.780157423304	26347.978189240588	15624.999998634681	0.10496897492449037
6845.957402567408	-36249.78137774934	68645.29684865382	-34486.91121121484	28931.841636180936	15625.000005659764	0.03236405937934236
32536.033970068118	-63436.56220927938	117498.55496575838	-35824.99717113281	52861.14888633969	15625.000000031781	0.1682374051836829
2085.597411034739	-3876.7158583428154	39639.925661202185	-18364.291743334004	31371.536669809248	15625.000000730179	0.09064537403160923
14856.027344946699	-4353.304584874615	76345.02586500459	-32242.04848047554	49549.1428863098	15624.999999095398	0.02365996428509955
114580.93556697239	-9544.921654580094	308392.3765343212	-23197.111261163845	30383.402893482544	15625.000000872522	0.5024694115845691
89463.16091875457	-13238.71489173504	249784.09671037277	-30544.454989445218	74994.26492861481	15624.999999458605	0.0031950175103448728
9599.682479989016	-7130.091510540835	54870.927175505785	-6953.463526091582	25685.952646558784	15625.000001467604	0.00498112037169782
7097.100360196782	-1911.8701821046998	47243.867901865626	-6621.456530463096	22156.625882635417	15625.00000174706	0.13845902487447076
3349.381192914996	-1287.7898732547849	54274.97665622807	-5005.9372913791885	27684.14509479399	15625.00014505838	0.037537353647549544
46262.83523152297	-82270.47975800715	121189.58056013379	-37737.430867675575	38024.39204787137	15624.999998851788	0.8857872955186598
15711.890946214844	-3596.908633633775	98661.56018476654	-58707.95786076051	75264.48249216005	15624.999999956417	0.07319770547164497
47717.27261908591	-2980.2217834727635	159431.25884167128	-20490.16792027418	35059.17517658045	15625.00000110684	0.3200645075550644
86379.00639191116	-76213.16813449579	218889.38314162585	-100187.96208988415	94177.2999468706	15624.999999944746	0.0007359391957700122
36467.31442516602	-70492.48618807778	108690.87829904779	-35348.006945369336	37536.70107757709	15624.99999925671	1.3139258091941994
37982.12099178601	-91528.40434817068	152266.06458460132	-54576.89000923227	38530.54361795017	15625.000000033993	0.058235883993145915
16699.779065515548	-79902.58257825887	105918.82980040263	-66464.45665527083	25071.56523374221	15625.00000008204	0.42872924650842437
4782.6621651080095	-2185.1315859342676	53868.679686277275	-25543.708385961647	41392.889315805674	15624.999999137355	0.1100543513017276
14287.360647568406	-7586.700888221369	64551.485741329925	-20391.964396798212	33357.95306634521	15624.99999840483	0.011126801236003273
15383.334053672736	-35087.158059337584	75875.80781284774	-22399.33812420421	30670.93559246236	15624.999997970455	0.019311230261482695
3337.410278204031	-2431.4693183942636	47195.719243430125	-13676.820506965685	29862.117506107024	15624.999999305164	0.05999016296981955
81010.44091653265	-12806.23720123079	230091.94171946356	-18230.218630384654	27732.918300531106	15625.000012728502	0.03616745257897356
17768.59744777853	-1140.0143063419573	69406.19098353924	-22736.154791410256	39434.120044102136	15624.999998402272	0.2681213600340848
593708.2134035199	-761367.0832911506	899600.1421144675	-168721.6140892955	129903.82549841955	15624.999999625012	2.0391564295823636
15876.71937325182	-994.836016924819	72887.4215039663	-9392.307653462332	30599.73945435843	15625.000000908447	0.07982496123366528
25342.997226509717	-149959.12282748625	184178.13257646916	-137804.28506161037	32311.605923567346	15625.000001815424	0.052155029207880885
71225.84196251625	-116640.71701244489	201415.16405978173	-62668.82287943916	84074.10117627654	15624.999997973548	0.14782236740228366
24332.397210025432	-41691.320818905544	83262.71518430923	-18438.337900978848	40183.65235163045	15624.999998691928	0.5442172125600011
57018.028216792154	-66595.01550491294	139650.1840839911	-23606.110587988405	57086.24841409444	15624.999998673906	0.005318690022192673
209888.50520418474	-248129.62372142053	421553.2657400826	-43006.67248591477	170985.84240943508	15624.999999374038	0.5397690068083967
5421.448409495089	-7848.644937203615	43286.03931488376	-10633.679583447345	22398.85205568641	15625.000000796514	0.012160421725679386
9611.347385680128	-962.7938446270512	57076.386779603316	-10571.357459855557	28357.293385569006	15624.999996566446	0.16474224840157706
15990.331653637033	-1141.6677328553533	104627.31539260002	-20425.85103689117	47587.10701523902	15624.999998721192	0.04025212724287877
30376.72564666625	-54030.615090671665	125060.25706503564	-42845.96048529564	69554.58662977838	15625.000000261985	0.03087171533720629
4351.693996470582	-24003.2480210165	50235.14916215511	-22384.862859117144	25152.43611389742	15624.999999990076	0.17154951647615313
64422.066550128395	-20106.495004198445	181205.53042548243	-38655.489917708095	36244.18682044651	15625.000002337852	0.04977561041161872
6606.787499312002	-71763.57264343229	96455.02914540173	-69867.23465863238	23940.947339988415	15624.999999048643	0.3476944823178997
11652.510442974039	-13750.228098880463	94234.27441129752	-4637.353398382027	73497.22827210436	15624.999997739636	0.05009291464588039
17499.19745386296	-40099.51883162268	74346.09119539178	-23901.30972666853	32408.79685604132	15625.000000586533	0.28586051686976366
3901.040842806966	-6130.830236123245	47547.8208936876	-4725.102866523907	36677.65177350083	15624.999998852836	0.03811218401731065
26002.186256396577	-33866.816436286805	156123.26017108673	-65351.771468425126	118472.64625320969	15625.000000077596	0.004871157664052779
382489.56926319294	-85736.21690184574	780489.9137847323	-207711.21194913966	142381.9922662289	15625.00000233893	0.025110469115538697
29613.201299969507	-45416.165708151486	124065.65838400718	-24714.345487371887	41545.81745891329	15625.000001162156	0.0019991055983819023
4338.104562667519	-9554.984514992335	90996.50785298093	-6123.064637825228	65409.94239262919	15625.00000136971	0.031084818618139384
4940.523464662343	-20150.48707077479	56685.9347247947	-17670.953622218934	32171.76749731513	15624.999997505802	0.04314131336282283
16333.827763438516	-7360.1649130614605	226140.72319080814	-8336.240262960146	29396.558618671974	15625.000000972299	0.021388873561126946
279469.42336246534	-608298.7192358649	672525.8870096363	-355554.81826627697	58869.75876508657	15624.999998526177	0.042172509830861786
145523.9536634656	-190751.21733158163	402068.7311023304	-65438.001929901206	199776.89138532092	15625.000001711403	0.017899028283518897
17043.33516393596	-26060.861993017963	76180.4231879421	-12629.127332860313	39837.80069565496	15624.999999608244	0.012142837653936426
30740.430003745772	-75577.76193999356	163331.21077258617	-72061.61648907128	86527.82319787925	15624.9999973538	0.026341312145825923
12368.703861018568	-8903.900262290637	67469.58399798781	-13647.21915377323	23058.279404385517	15624.999998899306	0.02410230399868182
74137.97163573885	-111449.92352787126	174533.56663702242	-38054.61761335173	60496.4852850819	15625.000008629344	1.0630992877869507
462.7319504123716	-3229.85001008531	39722.67964478489	-4888.172460613416	28478.745126229187	15624.999999993655	0.030982014199946027
19243.460524033824	-1477.5394071444111	108827.71579454598	-4504.401103090764	22875.711094649974	15625.000003230292	0.21814374596580333
7021.254372192211	-14466.248508720888	57340.307951407216	-8305.052968252463	40894.738943806544	15625.000000381042	0.3539145398969401
328041.00782528357	-10359.266677416628	2.995741134926774e6	-2.6411897356471866e6	2.6495838222127245e6	15625.000049571274	1.1236824523826254
1102.970227235086	-6203.999218499608	43976.381314296166	-13494.632662677952	31792.966283505684	15625.00000042731	0.013248951805300424
22503.750008951523	-6378.233290752329	144680.62083936983	-100463.8577670547	112826.55842789845	15625.000001146253	0.08408472329486684
2830.4066737944195	-5113.683755284306	47627.286433183406	-4700.7718176240305	38148.03653034892	15624.999999254636	0.046535598490397775
8496.052044601027	-103552.94096781012	129330.60175447166	-102345.96283149131	24769.566461073468	15624.999999642878	0.20630687980952164
97885.46123791479	-171907.51028313185	224877.07499624818	-86735.75277960204	51657.75425901878	15625.000001226901	0.13704101145871217
17683.569249747994	-1340.4772633146904	111188.96162618612	-8144.844618513857	24774.600091266882	15624.999997544728	0.4801721974661484
26057.342798200407	-1436.7603809600512	85223.80714656378	-26721.348745714087	44298.90937039815	15625.000000594067	0.17154787398383287
1994.4600851266164	-4497.559409484054	35793.519439908196	-11224.807961875658	27359.58166204256	15624.999999705378	0.024213396034821956
9704.41814148616	-13456.752102024442	53571.919441717444	-7704.504616069429	33964.46884316408	15625.000000650261	0.015575255982854697
23191.882396044435	-4423.729564479824	110044.9564438102	-16491.03915505139	29322.015560186293	15624.999993053847	0.17044710920606188
2295.6733038318453	-8162.913350094752	46883.366219567484	-8475.580164958566	36230.377032142016	15625.000000885862	0.07719665576120019
129366.1244297992	-188553.02912896985	297584.35697300587	-68296.10401563084	106821.31369405979	15624.999999049323	0.16853900161572447
11823.812299663987	-25755.657980605116	65263.6927360667	-15549.9230401592	38244.515301423366	15625.000001683336	0.29272324065130423
11491.0438605602	-2184.097274929073	56050.055410700195	-11115.515159097326	28721.56256435527	15625.000000342148	0.0480301658131765
34732.29043433091	-9211.393475639503	141382.8440910899	-33064.94502958533	44754.15103889533	15624.999997934021	0.023500408528518046
64593.44809593214	-1590.6650276680225	161041.12348941498	-21408.569352512674	39984.174547516144	15624.999998565781	0.24927039554975813
84677.33857600065	-117873.98369555757	266622.29913859745	-47322.035120935645	147470.37386304978	15625.000003459558	0.16477378503826912
8278.52889481945	-17466.059404012398	67764.6300887951	-18903.26472764043	47947.06307970773	15624.999999451567	0.02309864115708799
34846.26398317347	-1087.0858029320048	107683.17474281858	-35594.75408628496	52930.37196784245	15624.99999938588	0.3662652245186884
186320.2976960808	-286449.1696226286	516362.8547948324	-115772.37542749745	199110.7651402521	15625.000003231835	0.009070627002291942
3474.317864277429	-12146.086870394447	82985.04131549344	-18997.87445557457	65522.25953753722	15624.999995576538	0.013343539943032886
25620.10116769463	-12672.999251586509	121049.41186447498	-60359.19217345637	64389.9071711486	15625.000001079556	0.05196247375378954
1301.8704279522644	-27338.295386439946	70191.86151545076	-44118.786445200094	34380.00639289676	15624.999997618666	0.006920573513344809
19152.051634104686	-93686.1765969726	182061.7670206228	-82756.00199874134	60092.508443191844	15624.999998909741	0.005131499876275983
27855.373546249728	-9096.749803095114	138197.8806492575	-43924.87803604768	56434.23254903196	15624.999998086321	0.017406575707593835
23717.6048422817	-2095.9546063124835	104871.6824165269	-54706.93907254515	70715.92435136689	15624.999999346248	0.2440391886566786
30276.18341383179	-85215.56683852851	111408.39889478257	-56702.07867389807	24230.971281203438	15625.000001012815	0.4333449428797711
9555.215049225153	-14864.804880893382	61238.277894790284	-17563.616366281523	44326.36107753258	15624.999995772538	0.017481846403556146
22422.49827655728	-60652.018751066935	100860.03786169375	-40562.56962613159	36587.88071116013	15624.99999948511	0.10467791225020696
32699.133793099507	-7306.054146723136	105099.24988332117	-20225.517505597876	29680.507587342057	15624.99999992938	0.13250266797514867
3606.995152789955	-4263.4124922928695	83919.8171455173	-7467.02942839432	24709.26505576307	15624.999999425432	0.036105278867546615
7196.176396588933	-5738.43660552874	64831.63614143245	-23251.032717982467	35137.40995212014	15625.000000015083	0.042365049037965695
102618.04502169952	-19803.279802378944	319973.7698175623	-122752.54612474423	123238.73191500668	15624.999999714717	0.026013554650166408
4239.2139147548005	-24997.014848607127	57561.03701916151	-28752.656719955616	25233.18886215985	15624.999938843306	0.00831437494255284
835920.5079026542	-1.038554920566514e6	1.5184031858739732e6	-234727.47527278378	342405.4041936906	15625.000000517219	0.005153906393789889
24397.69313815584	-1793.7768456473223	100379.0014520497	-10033.701241240946	28103.085573326283	15625.000000013712	0.13029696551715977
11072.747554316718	-19954.549102330682	59620.710156500776	-10420.93006493595	37760.21536286231	15625.000001372173	0.19276032516468253
14535.767945961286	-1135.4957850830544	88843.59921221995	-8143.486562199219	24350.681945483466	15625.000000582671	0.5875524766451781
7318.788658159756	-2002.558990149264	54736.70691961504	-11316.207526718266	27563.383625657065	15624.999993144185	0.09256867150869698
11715.83595549963	-36546.45757760062	72673.47627084453	-31607.294340728244	28132.91175945331	15624.99999916024	0.009477400871490127
18216.736400201313	-1717.2706733231093	81609.96531072914	-29556.72487978437	44933.88642408138	15624.999998515312	0.29388532620556695
33105.867490344135	-72593.29297354656	150138.52097298196	-80231.169099784	75558.46467019533	15624.999998722848	0.006390717876791211
36854.542163090824	-307226.291511006	479828.0971733089	-324338.2641959349	109190.43135319056	15624.999995805701	0.0008170986055054622
8504.288024538415	-19622.224953892517	53381.70660461605	-14687.242971393469	26668.47439966496	15625.000001381191	0.015071188935112034
5795.8781404384645	-19704.648209998617	54410.819051525556	-27686.979272526572	33586.94698141387	15624.999993139994	0.0175933754311498
1943.6674984011515	-1085.474812098383	43469.38793810028	-4706.631419343219	24247.74569611768	15624.999999440377	0.0801290686091607
146705.3254390198	-1100.896756430282	263150.07228807197	-47294.61666048548	62401.09608027132	15624.999999667762	6.663266152529958
794.9236063683311	-9695.425974293754	36976.07412369478	-15695.12753671367	24827.054897380534	15624.999998757434	0.03277285861511146
126400.11639262721	-1.0344739704887248e6	1.061734641283193e6	-913336.0192584146	25078.605646369397	15624.999999183114	1.6546774214221538
47462.807577727915	-62352.67482855522	132515.83720607852	-16130.866571623606	63204.56817341902	15624.999999102743	0.14246533661075553
2021.0641936364345	-3118.5752621674033	34069.33113702203	-3303.865167906137	22159.03465418135	15624.999998728923	0.031148269959078736
1553.3543455170002	-45159.17278602888	110136.26581696467	-70457.8490387405	43692.79279810446	15624.999999968219	0.0035312096874412
90435.09197898814	-17262.475329443987	221164.62856740784	-60429.91874673474	64322.02542362272	15624.999992937373	0.02347730366193068
193615.94214811618	-433069.1435400228	486008.429783235	-240492.9742519313	44392.163060862804	15624.999996625062	0.8212522808597164
12039.890361140213	-35162.75570052338	60102.28440626792	-24445.01241421062	23533.759519638843	15625.000000730855	0.3480089502172257
22993.7763252184	-39647.2950906518	93630.22661252925	-18491.831257172704	51461.86613767979	15625.000002494788	0.18335405855954934
2082.073856046819	-10003.476434984432	46527.70827440776	-9284.11382899958	30823.833920760633	15625.000000785303	0.053608188285031916
9188.52086711485	-30520.101762261314	56352.60332113235	-23251.169793999914	22373.353976379847	15625.00000205942	0.0851962341921877
9585.42436439356	-44737.77281364439	75398.42817938697	-46885.3883458752	28794.88090176144	15624.999999588981	0.018646893012894357
49916.2802844573	-9953.123814755585	234587.20903302217	-163703.9146148262	170424.86453339295	15625.000047604553	0.20769624052921878
75496.50582855218	-1954.5661045464897	175206.01507257205	-31689.848632211797	47356.24162380537	15624.999991694698	0.5453111825343648
14571.948890240688	-48789.03307125997	74689.08019087138	-37596.94745852635	25152.747692089994	15624.999832231086	0.29836604730601934
8304.055221631414	-5384.8281820695065	102308.14058700831	-73599.46142964622	85211.02168368337	15625.000001071925	0.16572707988116966
19269.272766750422	-32974.3170454381	74507.20745021384	-21001.801281050546	39776.14740578225	15624.99999828951	0.044023588975024494
520088.8508561244	-714947.1652299135	1.053571390019545e6	-230641.60423514765	323672.7812229942	15625.000004259287	0.02483484912131767
37468.09875343222	-4659.47994941262	110663.7922291744	-18669.481458204653	33812.0960546945	15624.999995970735	0.054366071189692916
295650.2379401271	-789.648037169082	465942.68884529616	-61192.79782840563	76717.10591594217	15624.999999736401	16.542063300560553
130228.92151453215	-236936.99024594133	275438.738763869	-108986.55424668644	34061.15319156578	15624.999998969382	0.4372939914818689
20364.360311487515	-8870.189854576274	86126.913858296	-21843.750113822614	34522.31698880868	15625.000001504242	0.011330745058621186
86764.7357484588	-108888.13136258305	203446.68202102208	-22855.18081368684	93339.23285103124	15624.999998700667	3.0859288237761127
11663.559826417943	-932.1841317249273	67776.30898692203	-6385.345600060347	23835.32132435246	15624.999999940068	0.2813256596449998
12814.067834050278	-15848.312331745576	79641.42152950927	-4831.768738925119	61642.43312139233	15624.999998845462	0.28401307312260077
61146.106205828444	-7053.673672593877	168134.76283988616	-64311.57120957124	73580.24551429701	15624.99999869001	0.32284795129970717
26858.005748220632	-8930.380094524417	133306.51563720143	-68188.58011307319	92818.69703494236	15624.999999195263	0.007211200951050215
12286.003753222372	-10032.596028064814	113066.93887492974	-76791.83519584069	83466.19595876885	15625.00000026328	0.07597780114211458
55996.698962383685	-69069.77571513946	169018.18908587395	-15250.01788899985	97349.12248441062	15624.999998517484	0.37725222594248203
231621.4887687779	-288817.07638886495	374385.73084919533	-66588.67995636226	80402.15169877741	15625.00000097709	0.13777849682857837
24120.98521531737	-2092.260341575118	93027.65876492206	-28142.7275493716	45088.21362742089	15624.99999907495	0.11104279203005273
42464.01877683413	-53059.866025684285	214108.0023118389	-13507.711449116778	158095.6335879448	15624.999999903066	0.3467797168054633
9452.713339564463	-21553.60625565902	62758.9891530812	-13691.902409772738	39310.61415113846	15624.999999925189	0.19005143427257382
1151.2272249869902	-9462.42732625015	36568.657268725525	-10495.931369402648	23427.63972477768	15624.999998987596	0.05542601698226669
70950.31359620257	-1575.776103890763	165023.41276856273	-57439.33746092898	75139.28032525492	15625.00000003809	0.38628823993773903
367845.6726796046	-459868.15624613815	652114.1393056865	-114700.27013909731	177039.77700934565	15624.999998034255	0.029736760622327156
37268.45051234693	-48897.01233169495	171477.11132247304	-12590.034463794502	99303.76691305579	15624.999999403975	0.03104901662186393
23582.297789544507	-837.2643832257017	84680.5504781697	-18655.35863897091	34474.041106528486	15625.000003018533	0.969057109440848
19018.37195897402	-28484.570781529874	83632.88165409496	-10691.877612148259	46510.782542515226	15624.999999045307	0.051481860932403097
11187.234170736454	-14933.250071711169	97270.32308497303	-5380.931549233578	76263.9010741835	15624.999999900272	0.10026561010442042
1809.3458468234894	-11157.316151434257	37722.43455723231	-11875.497234560738	23156.97893388389	15624.999999949243	0.05002220801067055
2501.1170782190165	-3080.2152980983956	50030.83184307814	-1813.5335270814976	33779.96320999315	15625.000000991102	0.01981534342452727
41141.150437892415	-150963.7908838652	283949.3041228163	-153041.64260483097	123433.31707263924	15625.000000797038	0.0031185733901621256
16338.057769853203	-19164.069595280787	104755.52606209056	-64572.83993477208	70812.84820110514	15625.000001725559	0.0024740885484684457
3714.282234335321	-1647.8194298615995	59235.72057834163	-7127.465384686224	32524.391331904568	15625.00000055632	0.019352869593868907
24520.116905710893	-8330.124974039674	138971.0568353813	-67050.73404326325	86654.68668686529	15625.000003217894	0.010009125255861489
27556.120375480787	-95764.77998895188	127665.67005630852	-72567.53625429429	31155.8626764703	15624.999999620128	0.40137362754891015
3820.5019710157226	-3006.398087591786	37847.09469441155	-11197.063801211589	26078.145140788285	15625.000000581971	0.05640914251374562
9361.58304361772	-4416.82536389264	60638.147799458064	-9329.553746760037	42550.395503292704	15624.999997967967	0.0037447416301919284
135725.25298238313	-663688.4417091745	912456.462323356	-596765.2441469375	29477.25815683465	15624.999999853208	0.00036363854540261527
11984.229425827303	-4467.307132262364	57267.67557327624	-13823.735294872924	28569.443058705423	15624.999997737556	0.02660313496422538
6713.0470495983245	-1274.8173270135903	76486.37215103529	-2635.552586683668	27757.56224425764	15625.000000355867	0.035474431979913054
5252.4241171177855	-1743.026847813031	86347.29369568606	-10958.960971935943	54844.58572631274	15624.99999929668	0.005263961746483048
35258.570620030034	-71747.76965303357	122736.4536528888	-41345.73972115278	48691.27753390193	15624.99999866801	0.09230663720775442
20462.050106661132	-28599.601461849816	92015.35741719883	-8944.320429212617	62026.12839348521	15625.0000001617	1.0276791226040758
7042.467533320817	-31974.570511470396	64731.23705899679	-30863.317164795553	21213.746095045848	15624.999998727293	0.008097958139070533
2646.197858153761	-3607.1752692372047	43948.626832567505	-19457.65051890922	32535.47247020843	15624.99999931703	0.11767857441963928
113663.35451100646	-856.7109332750254	485291.8146209112	-10430.890613893796	29887.153220906912	15625.000001593813	1.7291785979711238
10955.554007081158	-30401.868429830396	92909.33979424111	-22308.33950192818	31728.650862395567	15625.000000850016	0.004870810450513069
6821.680381887039	-5091.208716982424	71331.32219696346	-9400.642417715728	23507.93288786282	15624.99999988126	0.041361786706303416
11111.601073255246	-15623.402945788184	90093.10472711458	-7983.63581907349	71038.63630348166	15624.99999868178	0.09165306335206229
8438.75239704395	-17767.191068725282	82764.94304599363	-25924.35259100108	33084.11016054184	15625.00000065859	0.0034772718033858362
18223.823723672365	-66823.88417679069	96469.8106306865	-51447.96818595018	28110.834829650306	15625.000000547976	0.23586009353117993
4662.102411733387	-3304.6148101077415	43302.513405063335	-15724.038963016981	34219.9555284635	15625.000001944325	0.020539190110441946
46472.42330800118	-62811.63584607648	120957.73865417436	-17898.735040096923	56855.57729466589	15625.000000351214	0.723572510918819
14105.806777468773	-26048.59066533003	62968.742997646244	-13021.39793537047	35502.97231700129	15625.000002436755	0.39077036150159083
173531.2389304533	-503379.4691269803	551425.212738697	-332851.7246272087	40266.19111477537	15624.999999713502	0.33381244871247945
2586.1320187321353	-1631.8166155224746	38935.17483374561	-2278.6949708649695	25198.188762287085	15625.000000565156	0.02592270789815094
9424.963361265414	-29129.18454945869	60803.72306332976	-22555.372772344177	27240.18741095459	15625.000003900714	0.03975359799757141
13782.520216017358	-26790.62175616006	64041.82323185919	-19979.925400413573	30866.557059259787	15624.999998510599	0.009277516391599861
119620.58626579843	-142848.85849841338	281156.25517261575	-28128.4910405674	129402.95885738988	15624.999999868098	0.07437101066431376
3091.179133904252	-8194.9169784291	36190.904542930584	-13967.25638288317	24327.32345275671	15625.000000702612	0.020089531742538205
3907.784862111246	-28329.84295422062	57759.4586322057	-32715.448681848084	23089.363030465505	15624.999998778389	0.009940619964818966
52585.21490067477	-88144.91468240495	131008.08707054722	-37685.97748214543	41488.12889600282	15625.00000032836	0.5107163092503167
212841.49882102758	-5517.242293484393	655418.1164675597	-183967.0962741362	257502.60843360698	15625.000001482375	0.013758599636925238
9887.106004392379	-11425.42555989975	110268.1248273272	-62664.43627089879	77732.34636026202	15625.00000275782	0.006031575933831232
21190.616055989125	-39171.240211169825	80388.1744598833	-18903.531016305395	40219.732737570754	15624.999999495958	0.8442003155866015
590325.6032986774	-11917.998167032747	1.5542194623875641e6	-915660.1816989093	923878.9190933858	15625.00000038316	0.3280235324198403
4432.102823709443	-1191.1100261482488	81334.27545584293	-1812.1395716006837	23697.184404609052	15624.999998821542	0.09083844301890695
27307.546264718374	-3977.1162738378625	106618.87194897828	-34974.1079276251	48172.317159197235	15624.999999317108	0.14323869150188515
66115.83797124846	-34463.77020089526	334119.22040756076	-39725.34212318648	23044.651008016408	15624.999999000955	0.09776646324732441
662184.2863319693	-783527.7388442116	931034.8108792949	-127497.20782492799	128328.18921504138	15624.999999522233	0.17855971686311817
53081.389505580664	-4549.836368008624	138642.20222681348	-51750.71581228492	64945.022797949656	15625.000001396998	0.1545178177036445
20096.64092216431	-2422.247313742293	103171.92305794917	-28169.757747550728	61536.245826060185	15625.000001213397	0.012442540614899595
14939.543693090007	-116457.26997259672	142815.5659441512	-105421.72628926771	20833.95231710712	15624.999996024068	0.10792708941010754
11039.577893638401	-35948.04732411631	96075.20982210583	-50917.490747238626	32218.386136797955	15624.999996605256	0.00578825667103068
5092.599727203189	-46181.89424422774	79253.43131654603	-55772.60560054214	31636.139528159336	15624.999997203406	0.018789436336180524
3300.792616542942	-3492.1756745671537	47185.82806184227	-2373.971597926104	25591.11511674968	15625.00000269794	0.012188705781696164
269060.9960413254	-340782.3139560985	420189.12984260044	-72368.65767068331	77572.90612407566	15624.999999296386	6.922074680153545
79125.1659629643	-163885.18038532883	304573.16000733245	-130362.60114744026	139256.3514126856	15624.999997624778	0.027789900975692478
840.2113936170533	-1325.6447881807976	35890.69123199829	-4403.923782086847	22755.00064611664	15624.99999857535	0.08478375809517802
117532.53114177333	-1775.1167827106692	233402.46184214274	-36691.47078109564	51282.47815758876	15625.000000010477	2.590454234270221
2746.033954496961	-6134.324085100088	39023.2769282721	-4756.163718746044	27935.228587240912	15624.999908976257	0.05699575841377045
25026.53738417977	-1058.9875730850445	87138.33891782822	-35078.585097908064	50915.14255200046	15624.99999916768	0.746698370358977
131910.11777729425	-231018.72467399528	281478.3180479689	-102954.99116999665	36614.15387483023	15624.999999426596	0.0820758670307361
3067.186191193625	-2459.682161116725	37270.161962542916	-9471.733409520539	25051.2623837961	15624.999998707877	0.06673732779973326
787.1162377604342	-24378.2677950588	130490.22716688267	-80776.51443859286	100781.63993232438	15624.999997499395	0.0024234771225566188
13990.09085545117	-28339.487122395134	89343.16735065903	-42143.05968936547	58422.455414366676	15624.999995957682	0.005183356767821509
8301.471230270196	-37165.030637077754	136004.35063228256	-58534.85097196762	79974.24938790477	15625.000001453474	0.0016807196546132423
1782.1037586765597	-2438.1964492215775	43438.12700276787	-8987.034999511088	25155.353772032016	15625.000001981884	0.06284460852230159
155176.81685510417	-169871.91109927837	624610.2598565076	-49679.346359656054	441373.56839848915	15624.999999584084	0.017583624466420526
40200.87550754614	-59382.9885475047	109092.02596982592	-20161.23596637241	47008.33825976569	15624.999999828011	0.4362875462408946
37802.17251766834	-5981.54804931191	152111.2768991897	-52183.77421379293	68236.77365073329	15624.99999444664	0.029241451611187113
38271.53524835972	-934.6039451645702	106352.16824341133	-24044.93261665865	40761.29904985717	15625.00000039427	0.5917858831307368
16019.092894403457	-27372.010248641247	70992.68319570567	-12218.200611327553	39020.327079133494	15625.000000765653	0.1425862549378346
188479.8484272292	-351565.376554988	412509.30471652985	-163922.97194968496	53091.437310885	15624.999999995944	0.9120309039557448
4776.194576564158	-17853.327085701807	43514.4091335971	-15969.939224225614	24492.875993087306	15624.999991116114	0.12515572529309676
18574.07585787712	-52504.746969969914	93618.07675536117	-44637.07254657092	39118.6971844488	15624.999999030872	0.02626796930966705
154263.74041464133	-2895.3885692779186	271126.1334588742	-60425.973723590374	75351.13160447683	15625.000000118409	0.6999160935132508
4400.626744878067	-8746.114234548857	59548.5035347144	-5864.778532407861	44818.641843349265	15624.999997355786	0.056850209578884016
2920.6075433917704	-1001.5766799850353	43938.95926157684	-3871.509793278562	24387.906512104073	15624.999999186062	0.06689474565307532
8490.939825161215	-9370.790106650904	52351.28214166383	-19004.246359593308	35618.692642608985	15625.000000773613	0.00464729461030405
1627.1055044715758	-2257.204481321387	38061.668400391936	-11391.33005572576	28254.96094538085	15624.999896712136	0.0547347534727646
372671.4389399984	-23442.076879979533	564758.249382888	-117774.95097440807	142308.4908815159	15624.99999932927	0.01458287872868602
4332.48521783547	-5785.983190464644	78006.52659412171	-21546.087216320135	55832.0027775662	15625.000005145994	0.003776951199224058
39218.703302539354	-3081.894342241544	136724.2670947635	-21848.456894183782	36563.18399608457	15625.000000124559	0.21202453524306097
3665.6200645162753	-3753.9118317709813	69315.4801399326	-27602.063282417323	51665.220084304805	15624.99999797938	0.011737670144282885
43519.51125819655	-7505.48956713069	124024.51379526407	-43213.24728805467	52007.63986923627	15625.000002078385	0.2168737693750931
29986.361454877886	-27854.864852293977	125675.381570803	-41769.477813241654	31530.688985260436	15624.999999043008	0.016814271761105785
1865.7243748033998	-10062.835991794913	44459.59567472778	-10889.172037809163	23170.257672517968	15625.000000455912	0.015826246457219334
23380.59426803931	-1406.7656596915785	99820.6852212815	-52924.560405646276	69610.13384207901	15624.999999051066	0.40574986255841045
33620.857019665535	-83809.7266751728	115271.42050358024	-51895.61122636008	30658.30161444866	15625.000000000698	0.9606462388433225
2880.6148693941905	-3654.6992731761256	40807.87651244475	-12623.276937363778	28969.935607135383	15624.999998249215	0.025499269789924128
16341.287467666196	-37658.2550195272	97542.61002465835	-25687.92525924479	45073.24425805606	15624.999999126256	0.00864526765770493
9349.096758443295	-33570.07638066978	57378.67194623817	-25960.842196533216	21855.601955863265	15624.999999713928	0.1878260546817994
21109.848204753624	-47222.08824190995	84668.61265139999	-28478.439147302124	36363.6950877255	15624.999998658612	0.29516595261031814
173122.87619558512	-401831.6642444573	457445.20073032397	-251321.43807402073	53810.92697622803	15624.999999387219	0.0873934861989768
9018.028358180036	-13860.156542394725	98213.08757069182	-71029.84865294406	73408.55445272091	15625.00000052588	0.06182991356700697
98382.63331253198	-98399.22806935967	1.5208918838823533e6	-6805.824577794571	1.4071061863083423e6	15625.000005583657	0.14127911852339192
4034.2286811998274	-4901.49115574079	37781.094217096135	-5513.453367840819	22893.399113831823	15624.999998048857	0.014484920700468118
12183.630118171815	-1151.4810924357735	59357.27783136576	-17003.99819826147	36819.56088260995	15624.99999963901	0.08025838913538355
115596.2000406452	-160455.7069683974	233544.69416113754	-72637.9375309292	39736.51662153472	15624.99999954276	0.0028517712823733178
15312.37162107355	-42238.10782968815	69341.92322307001	-29479.779904480216	25398.011926796615	15624.99999752868	0.15631851728579482
51204.38634275122	-3566.880244286589	149959.71007096878	-14140.38647494922	28632.11256558157	15625.000001370747	0.2246202838812422
12501.752066594832	-25327.68044928493	292254.07513129024	-37258.95635953192	38359.85497581228	15624.99999395953	0.010679357374147108
13982.272586046809	-2908.7038255095786	166159.7717814743	-61627.285468938775	138089.47620399535	15624.999998881562	0.006135200283459825
40247.378012420464	-108012.66772691159	142349.52622999594	-68967.78518839244	30807.64483888074	15624.999998553787	0.4164217032681261
9484.216650889688	-19297.93610869148	59037.22725448823	-17664.18035517559	36637.35263653071	15624.999999071204	0.01677320993290917
11188.240664048575	-46152.085957228475	196535.74828261085	-57888.82834617804	127515.54319461081	15624.99999830468	0.002233153668274478
245961.266743089	-16588.207694644036	392414.64450084104	-79407.08456035165	93864.84745774555	15625.000001314378	0.026904822281437413
27568.185213753597	-53103.47647578376	177654.98757632612	-49576.20703263667	114991.08464979319	15625.00000501643	0.005687448885656458
9975.197832198004	-19200.095205888825	59885.06141048916	-11294.696030167472	35814.415858625136	15625.000000359352	0.04521422252076137
8159.9495653706	-11144.064433166728	179190.9775675434	-15340.960797025004	34033.22803070175	15624.999996326747	0.008730394984986125
75519.46212155264	-18301.729792159567	190608.60153001727	-41620.07618445912	53697.35506666242	15624.999999050182	0.006715716193794325
1764.2285651556303	-2710.451886252291	56060.518466464244	-11151.895882911303	43685.02344987751	15624.99999553326	0.009268097129129668
112217.74497361726	-830.3101858723458	276512.9892450684	-23847.896779130577	45244.182574269675	15624.999997622166	0.5748297970550095
122476.90210648923	-172427.05311018456	227103.24919515525	-51308.4912994833	53453.87375972671	15625.000000628797	2.132669466514835
629.8098685025334	-11965.717142462789	44007.31558753879	-20521.53640785796	30397.658741348452	15625.000005823706	0.028286422293142585
345435.62408572645	-500183.1447776911	580570.3072105021	-156988.44286963064	65355.293823788525	15625.0000000549	0.3221215802166241
35641.032586813584	-81139.10207797063	117617.1477632132	-47017.58806406631	34842.279105447335	15625.000001019347	0.5022198066092133
255925.20905336103	-505401.7317992553	564356.973988059	-256122.51740705076	57177.65833330469	15625.000001102235	0.6150099082743099
32617.452531625517	-45841.01062414786	184892.93395303085	-102353.63915278454	94726.22677663359	15625.00000301499	0.0010009614489091786
44600.32666351972	-4658.286666570017	319042.63070856454	-252711.63343205384	265427.5545293583	15625.00000023434	0.6401028613354783
18131.568184363714	-5143.663985360887	97155.31107204477	-7470.793966445533	20775.59056626096	15625.000000130422	0.09045317186066554
53796.99451484003	-701.546377877854	141963.26183263437	-21688.33290715952	37999.29734828005	15625.000000649601	1.717603025817974
155265.8611147463	-263085.7126178299	316895.67798004067	-110761.75848757272	51920.98094262555	15625.000002075103	0.8099636715106758
3312.379081258485	-4625.690735866796	64167.07917768642	-39109.900896917046	53090.84680450212	15625.000000837477	0.04996084149858073
3528.006825376056	-4758.342709514363	37480.13324829217	-14304.4708738539	28129.669259270268	15625.000000465934	0.027926619967169164
60209.4741307713	-64972.46108826442	357218.4781335655	-5502.075759664269	289712.8681189775	15625.00000014397	3.7224573373247813
54646.10498816504	-6057.922243876335	190012.8876753535	-83027.13768143654	124064.34396804382	15625.000000936998	0.012247318680704267
29987.236515672615	-32304.54268547633	169359.29304737214	-4518.968916859692	123871.92243451529	15625.000000236301	0.03908455700684633
61164.37782343832	-25931.77333093524	163690.77552138746	-72458.26142999955	78565.69255891739	15625.00000158402	0.0026443505112540627
38230.619056328076	-101918.55931177003	145158.66497986863	-65989.66127985755	38830.343468551946	15624.999999585922	0.14191697239057616
67090.35332147265	-12095.206504569063	178563.61927630752	-81421.2351051608	96448.13265793724	15624.99999794238	0.012097981582390692
41566.33830586766	-6549.782255486125	200124.73247465238	-131362.88187119464	141532.24485905725	15624.999999215772	0.29004190819466835
10863.054023522876	-27762.95361978329	56845.10890587297	-18941.7721512571	28096.18458901112	15624.999998846935	0.259301276749327
15174.091609512325	-4684.377577523511	112974.01555664321	-66215.93776947177	93438.80133631881	15624.999998958836	0.018040993365805467
21709.660164312227	-1789.8771507307956	113820.7223748427	-9475.69192971749	25433.509502809567	15625.000000180898	0.3947098682587612
151813.19621481153	-211768.78089023917	375739.93825731415	-60796.17037412408	125173.2434813698	15625.000002645917	0.09759624509915864
5172.767312906596	-1608.922932485612	47188.52476845349	-3665.862010431235	24592.702477414983	15625.000001082084	0.03234288996008685
58020.06575411535	-111436.20510192204	152107.9167464337	-56920.292026102456	39848.89969121106	15625.000000090193	0.5826579784742842
366.1699998864683	-7609.895028843006	42101.158598592745	-9671.041078169623	26635.31860009409	15624.999998764803	0.0251192183625746
17031.5710113461	-22999.19858951338	75921.27066482452	-9098.6404199373	51459.04099928631	15625.000001153734	0.1920286021883145
56447.29599440668	-48218.05962647323	153834.8722130293	-30698.683289253677	32069.813643946778	15624.99999575739	0.0009904466194060703
4161.152784300633	-13520.442361923928	44162.01122781841	-19347.60309464496	23604.375113908063	15624.999999116317	0.012146939110850012
6039.396990816778	-36087.481338294485	68902.83883765434	-34613.44826673427	29996.81335763509	15624.99999909573	0.04569692817145183
534789.4101148354	-11534.001368198627	813646.1604288514	-153586.85820883675	159776.66532020768	15624.999999550604	0.6604012036982659
41283.92510467826	-2097.841904743357	220594.92038429703	-14186.718312056246	35470.917020849345	15625.000000862357	0.1314982296876163
7716.321600849697	-19713.970880942252	64614.07754523627	-19230.40044704023	23494.78431790191	15624.999996252678	0.004013059529937625
61557.26197582732	-135728.87704080887	173346.26760505477	-77064.11695012744	32602.418803246986	15624.999998917752	0.1497080540948335
2940.312335863573	-13810.605537646665	53044.24992819449	-22858.41537198368	33687.26488588707	15625.000000216714	0.00722115785634158
416999.43607589125	-7684.969396832574	1.0278815113008241e6	-578936.0950660307	590158.3727895406	15625.000001353095	0.5742419946405249
7777.938522910932	-2426.3549125566788	63997.85472930886	-14199.500841078261	30045.662869388936	15625.000006857372	0.08726131748353898
3054.6524456503375	-7926.073584451555	35346.79409388745	-12164.421940819124	23963.311154176135	15625.000000150823	0.020323929626143846
29368.358084662425	-56958.88348678552	132375.6917445554	-30977.449265182076	68589.50101946126	15625.000000998836	0.04170350745324318
14561.271294784245	-3331.391489223606	116915.58330342022	-83813.71030356988	97462.7557131936	15624.999999597541	0.41653196967421113
86987.41225662325	-6727.147065975038	216804.1168719413	-31456.633096537982	42654.7756029141	15624.99999857846	0.1745250277673524
11814.088101232808	-18514.20151242512	78086.75911062765	-7326.4507689352695	56369.593263125105	15624.999998902596	0.41781775758403683
52871.28912169626	-1413.1309074982237	171215.74602135425	-83678.02232603429	102891.49325975389	15625.000001123226	0.3207132505137231
91594.83971856796	-114580.01542202548	278630.8901786255	-25622.21176446198	157901.65593329928	15624.99999711664	0.18005694446534654
5528.940561806395	-2445.0571480453314	49234.31039254347	-23456.657635282314	37400.10238261769	15625.00000089432	0.2916266333059707
7559.7456616218715	-19429.856985013845	48518.7238284498	-15102.19086428925	27212.838963764534	15625.000000362868	0.06825472354089798
26252.440641923342	-6903.379299160268	135269.10988303833	-23943.498758953472	35104.580719958874	15624.999998220126	0.0808211863254314
24625.64088568424	-45725.738889121065	83768.33252667691	-22424.208414681147	37023.702707483186	15624.999999156345	0.6056920966148432
234642.1979341904	-5568.754217962725	508833.9105503834	-39556.35782767023	56754.423871883184	15625.000000772714	0.17094306993246552
5598.023745263281	-14114.933714560077	49237.41082211019	-14614.767795962582	32585.367328724686	15624.999999840344	0.025156447504732393
37811.930525565214	-80460.26739483162	115772.1401479454	-43736.3965184558	29641.117870499125	15624.99999944844	0.2169793395529423
3306.0373611226278	-9654.571051586123	46520.663944016414	-7352.775598719481	33908.26311417605	15624.999995440448	0.16006091067762068
13571.46973586089	-342568.888211601	376226.00567433937	-342746.1767069318	32415.919991399685	15625.00000144093	0.20859648983745316
3865.603926065325	-21159.126171028365	50655.74175986986	-21230.828995835713	22835.41998829929	15624.999999912567	0.01790287115801745
2169.1685885497973	-12888.753838777659	42519.91022401149	-14840.254344837449	24671.852304443048	15624.999997972867	0.021559984291294194
55724.396379930986	-46827.585561130145	276401.16607861436	-86694.70188204446	58911.22914748593	15624.99999889388	0.014643741182253783
77364.70684273199	-2972.494483029014	183727.80020090836	-39289.44954873415	55104.33351774499	15624.999999233449	0.22191211206990263
6136.61818461703	-7425.925268255771	77589.22806256957	-10668.673999859433	30671.269980881327	15625.000000304863	0.0058090133836897345
10527.70806330255	-28473.443226049116	62327.02047829062	-20611.828186297713	25778.74013883242	15624.999999762375	0.022009507172754638
26365.590511562637	-1449.0009079208248	104814.31155032414	-54986.73038121479	70731.41154540735	15625.000002752058	0.6426459455673003
3129.6836936678737	-4998.0729547214	55742.9784658493	-22770.676583603024	39562.071845510276	15624.999997875188	0.015101098208817759
1.5143058958590587e6	-83821.6533578221	2.2932140607524193e6	-540619.4142612468	479122.81336850923	15624.999999902426	0.07836132171876949
492681.3749274509	-12808.63043479195	809520.1974227033	-57978.550628570025	61603.10772274747	15625.000000397868	1.580240716900239
98797.86839000559	-227459.9665415309	397210.5303012017	-140425.72706525805	132702.34585796902	15624.999999473257	0.006005078984082694
35530.39824552863	-44151.03546204587	169633.80937831217	-9360.295826679765	120196.85296440416	15624.999998885221	0.48773544562727633
38702.823375938024	-89913.14196598013	122682.79277474	-52745.77553477175	31296.08997651527	15624.999998691099	0.6340821785394504
28998.4686840598	-108659.88623650174	155061.43932775746	-81590.77570659804	22958.745007756756	15624.999998267005	0.04904328135934087
68689.19659917084	-2177.514755542251	217160.79060241167	-10891.80136159358	34056.99819864785	15625.000000042304	0.09586654195920213
5345.790120310605	-38331.4233103413	72215.96373867044	-39515.67864849075	31052.182907217633	15625.00000010732	0.03094752844581702
23510.669810595493	-150111.1205025265	176275.88570883023	-130359.8391349015	24776.8672549825	15624.99999897671	0.5097532612884749
52047.36851988686	-57597.81042300351	193931.55291372817	-24431.698292727116	129717.28164895251	15625.000001667213	0.019142206413892127
22357.59178196112	-1571.2374446232789	96894.01867899648	-16418.786356491764	32697.764697073842	15624.999994115788	0.26802912632868375
4483.325641413093	-9805.796287314886	58650.644435557544	-9748.409360894038	45698.696708196076	15624.999999960064	0.041866046404828154
4466.7915736416	-6336.0528197310705	49331.01858767204	-2666.194191260649	38081.06801226509	15624.999998872328	0.11950735452088748
2356.0391783156047	-7735.7356165606725	34445.82202094016	-13241.420266094803	24550.37550219004	15624.999999256928	0.028428709158359947
13490.68351305987	-76730.0004699527	114603.85783687545	-67947.0164353422	32468.446624667777	15624.99999745412	0.0429494098496078
6441.687540860592	-17752.94864077776	85078.57550001779	-14289.883797727933	57670.38425893606	15625.000000976821	0.019740555738372825
3413.963328981372	-3480.1552861393793	39537.29532907074	-8642.381253215739	24511.241565726312	15624.99999846398	0.030070115816554308
6323.908985538779	-15471.739711658873	73621.89094091547	-47815.27671136394	49482.84164840027	15624.999999825146	0.013937446204345758
101948.62304272578	-6881.998790347976	269709.2229272248	-22332.604453024625	32003.413819614892	15624.999999077285	0.6735338545098416
597.94070494061	-3151.032091545768	45810.75245846677	-8648.065570327928	28382.635323108523	15624.999999408708	0.020813015529953665
1514.962556597151	-5280.100173726911	43232.26624780323	-8790.23895955339	33248.39301073685	15624.999998447558	0.020584432452232057
19672.608119082055	-32295.3359973075	76593.14123221047	-14555.238036556568	41520.652887327306	15624.999999535574	0.12706361938367328
65736.16118822142	-1126.7408783580438	186627.32840976398	-69889.33623099141	93709.6376111512	15625.000003398949	0.19969209046527772
9795.85696260837	-11229.605448097736	69410.92944005976	-15026.896039117753	23378.240236402547	15624.99999558575	0.012772083492612761
27217.17796321388	-1525.215305070867	117817.55063983006	-67466.44126902823	83738.43443912012	15625.000000306813	0.5411598446996779
23142.214358991914	-83286.4761424462	112969.65552341688	-65371.04626109756	25821.193267206792	15624.999999047011	0.058764863553185935
7313.139086706103	-38043.28391613175	66148.02192819281	-40087.06493535632	25299.462314735996	15624.999999709962	0.01679836797413517
61011.68976272858	-82260.81911835365	149456.76091067417	-23136.342232782277	58576.50022368352	15625.000000540924	0.0909725418312948
8771.764489035864	-47326.735787331854	84597.42723215112	-41497.79619097591	22047.3318926859	15624.999996815568	0.01897591799940555
47394.70161564438	-79366.72189028357	153736.00181175175	-34361.64380469268	69362.51270511954	15624.999999357715	0.11163461459686641
26509.5239653051	-41724.752409933004	101829.22955614238	-16633.914935076977	55986.15447047324	15624.999999027714	0.15403448329524122
82184.72860904639	-572.2772636217593	230733.11045552822	-13471.335308664577	29856.20402907866	15625.000001175496	4.5694158802004825
6107.5872150684345	-1254.7600747862562	41740.48559789152	-10314.016084323262	26195.3578512431	15624.999999433414	0.22201293091202856
12880.562643548565	-24563.828541077444	57194.70020088306	-13350.072457885663	31666.236343075587	15625.00000021721	0.335021759053555
129910.64572405982	-38171.28654998478	321354.64633759554	-78697.9638478556	63174.00688004309	15625.000001458553	0.013674753598326882
5265.432118839177	-18964.302784123924	51716.95522382809	-14942.042821909417	29152.962758911308	15624.999999968568	0.10198748236040833
37893.67874639608	-87837.32990877255	159839.5437969297	-52199.89639706256	56954.46446800435	15624.99999829463	0.03364573440375105
52728.357110048644	-63592.04078911012	159844.53884288506	-11395.86425243011	94162.63953975821	15624.999999711472	1.9347940228595324
40302.44912000459	-4680.4161508788275	124901.65575391625	-57625.774584376784	72764.87684036647	15624.99999917746	0.0692599139800475
8338.656869517064	-58163.934991053306	142494.4489028113	-86743.2629767528	79731.77487574605	15625.000001774111	0.003238697694802349
15783.637524855192	-6349.332072858983	85384.0680038209	-43062.62152096353	53100.72961879542	15625.000000450978	0.13441044353272186
11389.00952483277	-8487.447749023671	58760.261236656544	-7802.981697293686	33724.626193436445	15624.999999779466	0.002895026271079323
190100.53937394335	-732.800709627471	338522.8969874524	-28713.97215000412	45129.87496399484	15625.000004374771	5.270643605833417
256761.51534919714	-4911.318828364617	444656.97219488875	-113247.9320755408	128184.22152057846	15624.999999878532	0.3542701716223246
44119.620612447616	-13557.159588802606	236423.5541434018	-50492.734963987314	169527.3481909237	15625.00000197126	0.0009024802521692002
17183.105947680924	-35201.50756643293	80634.16124374475	-25107.944871337568	23827.55798239093	15624.99999860779	0.00341136832200056
43138.871177636436	-2017.7328706084832	127712.62129618728	-56811.66637544209	70989.02830363519	15625.000001522933	1.376075912562236
541.2055935834651	-953.9353424796136	59329.85903082986	-2956.105560754906	33360.24841262458	15625.000002208326	0.025110920987985615
6391.749294932201	-14602.405900963462	71051.57807263345	-10484.658973139458	51240.53218678579	15624.999999071115	0.051680521750974366
21892.03490009481	-53384.87260926924	80934.38013214772	-32720.05398132562	26331.778474702936	15625.000000571625	0.6060793077827771
27612.431233420706	-47413.638793510996	90540.83558755388	-21537.108365179563	42020.61036786622	15625.0000018836	0.4620762082595819
10088.739207677085	-15799.212754907205	55210.56475782339	-7472.905845442267	37995.87006881345	15625.000000075826	0.23424471308286463
17870.823817882672	-19762.616856337245	79791.98173066981	-14855.741981306172	52136.9826955232	15624.999999420706	0.005339333759299821
66968.3282544822	-663.0578836272291	157282.7977164385	-30773.18754276597	46596.47923962092	15625.000001010263	3.3878212867848463
453405.5915852805	-61557.71706476706	867998.3373701682	-65832.87063209873	39972.191996812675	15625.000001040855	0.0150953016476067
19568.8022786839	-104689.73829665763	137021.44705433372	-88037.0908123136	19201.518622652187	15624.999999497337	0.05944470964963161
3946.574876401095	-3582.314459495221	56197.09243425941	-15723.964627094903	34821.57280295223	15624.999999530875	0.016869621904461053
268122.0839630872	-433264.0506816101	509793.58254205575	-196231.53162876234	68948.93796393741	15624.999999696975	0.02635303042130288
249913.37947553146	-17574.246851847507	950359.327496578	-533737.5143446266	663871.1861438577	15625.000001855427	0.008152070570699964
19709.964348461406	-2784.6930390975836	88716.36272165929	-29987.993149376685	45232.45788464822	15624.999998915979	0.10919013315343969
17700.85508261895	-77473.85383600064	108220.23654023906	-70205.50183407073	26677.182438953016	15625.00000218515	0.018087557469967437
6623.8525211876695	-3650.3186293435233	53607.16648421793	-3778.7232555437854	29123.20495326982	15625.000000126287	0.006422651064662942
9032.175930564234	-2988.9536782349314	70669.03870079794	-34277.81716378694	48783.84581146209	15624.99999821982	0.1187489001238115
101404.8031749269	-17341.314492238223	287495.674528518	-154207.43140535383	153390.17852964788	15624.999999368669	0.13986845911354173
33235.69022976444	-26306.34289982057	120510.31576029115	-59760.20251991248	54735.34091622839	15624.999999920352	0.0035304779721597812
10294.428617859245	-45553.695021341126	71144.83305890756	-39602.00451088947	24255.88779989354	15624.999998133848	0.1209112746488152
2907.7158315639604	-1340.1369624716435	37595.038578175096	-6924.148915856414	23042.237815174594	15625.000000574128	0.17391396168363626
43918.094900934026	-61135.201692895964	113238.57882845681	-21939.229881236563	47948.880498971324	15625.000006186252	0.05760029385867076
430046.35608336935	-463832.34802857204	676260.6381257353	-34304.57560914708	211527.92770712613	15624.999999943422	30.094146976667247
47882.73552050878	-545.3855935964864	229700.98367684707	-4714.984791474562	22438.014671119512	15624.999991124321	2.828915059323947
15668.402436935394	-9065.669436025195	93246.89272807486	-15235.530246704824	70650.03434078733	15624.999997001694	0.002140222679485142
76926.01382783483	-99000.30051250505	167401.71213838563	-30743.414677261695	58307.71026976449	15624.999998854848	0.02087976859180302
23700.615896265976	-296262.2123590973	335837.8012033107	-286984.0043874504	29620.856671892805	15624.999834649963	0.020813423420841453
3050.6028213125537	-5180.1927295354035	51282.84177514957	-9031.021876501269	24120.19479159033	15624.999995595776	0.02004523636186123
1840.8086010127063	-2103.2848694159484	52252.78092878529	-9338.562747936327	30086.796535577694	15624.999999651198	0.02856526338201192
8076.058816907656	-15857.800102879482	57759.07780962688	-12983.127438448697	22834.268149532785	15624.999998650128	0.00451043961379434
18268.824138222863	-34598.558142648806	97025.6484832366	-21609.248882463355	60748.781397485494	15624.999998909327	0.09939334502691008
16237.28708402408	-749.3140318711885	78356.03062363272	-14486.77239369438	31960.923310770653	15624.999995618244	0.36436624875518847
39054.123119761105	-2914.1130714182227	157033.81059335865	-7096.35080444851	22839.301071265014	15624.999998141255	0.2682304267329648
67944.18130569934	-80401.86656758326	159008.33217242145	-49440.20632488426	60057.44448087039	15624.999999043093	0.002106168345472502
30181.421885126634	-46292.93504690608	102259.04820222783	-17159.921571284707	55069.750811168655	15624.999997857565	1.178491261833079
123221.76611139535	-10500.081567439307	319360.47761871706	-159572.7538585759	179466.7865414886	15625.000000314136	0.026521456384967695
56588.72953873972	-149983.51355476066	181840.72418571752	-96272.70848449197	26700.891511640122	15625.000000968419	0.1748010295459237
5312.838854645708	-3858.162491331408	47367.07580916774	-22713.767353178722	35734.81479649474	15624.999999340456	0.09575028963579897
51195.38384670645	-2873.958112790948	272418.37933164893	-178288.2949095486	216505.18936116784	15624.999997973966	0.07904403532575408
4485.33755659065	-4021.9718440063207	46033.97642080379	-17003.029818846724	35270.468682276325	15625.000001303235	0.015807504951623273
10867.53112577434	-2418.703143298201	61452.120839508716	-29076.73995143553	42994.35201330257	15624.999999032947	0.3812131834146948
5688.309720095955	-3454.3110985219846	58695.139380474895	-19576.738343196208	38449.39189428231	15625.000000472462	0.01916842055924682
4744.957214037655	-17228.340438812054	78730.29423627816	-43950.05941208312	54289.623626936576	15625.000001921522	0.003052181169485247
25292.150918538915	-8109.787391753567	145867.31818304	-23320.83906927597	43006.10888760962	15624.999999140711	0.010003044351135013
53452.301367972344	-73966.87367172567	148237.1480492337	-21380.918535175926	67299.20647633813	15624.999998772884	0.23016423610253806
2647.9160597504233	-10664.46938508097	35252.13902662881	-9959.436380909756	23153.793815966696	15625.00000699889	0.14790937287316
146222.59116915893	-224702.4098520805	272786.47384351026	-79791.41489158105	45414.415970144895	15624.999999215652	1.265298124574383
5963.948967941228	-3419.522219142951	48658.74218730456	-10685.438703918364	35565.19453530226	15624.999999442445	0.008574599016326862
7321.33456739012	-14968.419746207823	53446.20953712016	-8949.850978556344	31392.699789589256	15625.000000246393	0.040263357302675794
2048.2054146158907	-13379.253533137891	36541.54779890136	-15587.622132798073	21571.756091755124	15625.000001344513	0.062005012841745574
2820.4751923404838	-41707.107065675285	103850.35235947787	-45669.24410005091	26406.958074110596	15625.000001840599	0.0046650085708935946
8477.589011743177	-16561.59584118906	79418.43248651711	-18600.77600727886	59105.85223253006	15624.99999966468	0.017100108943206505
27526.97276711656	-37600.24766231049	158418.09034017532	-14033.037521852866	113032.90234983683	15625.00000238438	0.04688549886208277
13620.085482328723	-1028.900040548091	64663.22449954145	-10165.052210078225	26801.67589723671	15624.99999803264	0.2977146195892677
1823.4927269937803	-10473.985863400416	42130.32394088362	-18130.49299560213	29220.902998755675	15624.999999974403	0.018795334801880333
4630.822605187699	-14850.456656908267	84027.34074107494	-27352.097125273925	59931.145780860155	15624.999998943007	0.0039766090577509315
5151.012007590318	-8143.50504270097	40108.124873101944	-9275.979682105142	25776.991278432688	15624.999999240375	0.010813699882794793
17193.457031865244	-17058.895504181175	97929.45790926986	-22146.428365625303	23243.04501815906	15624.999998701642	0.02243892827145879
3997.4521428655426	-12043.685082958924	48404.02566815342	-10468.923811765038	33001.13962288096	15625.000001703389	0.05405839685024282
3043.103625051299	-68539.28106301084	200679.2052023383	-71385.3263828221	40971.36238445493	15624.999992035155	0.0024911193779005884
31975.403955571994	-111549.48607514464	141502.9982174661	-81439.74247127486	22005.411966027634	15625.000000049899	0.15200041121800953
380965.8570519511	-1.4917539618859002e6	1.6480951959909126e6	-1.1124594023603236e6	69152.46008042224	15624.999994196529	0.1904644875286655
40297.89402645056	-74769.87450157096	111349.25956713966	-36908.78133444393	32650.032493580886	15625.000000388025	0.12429737290660117
607.1108840177912	-3470.2246583684137	45516.26242216653	-11937.964533525766	32009.339500048547	15624.99999467557	0.017601800960768795
11528.04028979913	-48249.25007752917	78220.73602583015	-41235.32591715339	29296.94969774771	15624.999993162171	0.2275986586657289
14023.303461405216	-47231.523715460164	497696.9485606551	-91080.23635433282	328375.77886007354	15625.000062421896	0.000306142732021349
6020.940345267392	-2753.266678993257	61233.02927202399	-33558.60290680588	47409.52566603594	15625.00000064128	0.2568483880474722
7349.329682189285	-11803.786075689413	65125.4167064458	-21785.10783305308	28085.39513949072	15624.999998829999	0.015284290067704341
8479.424489687759	-47589.23330179624	84740.95555187923	-57406.11463283688	36022.400379337756	15625.000000430518	0.014635831030520281
174965.31317300253	-890.0824311913299	374149.3819032229	-23595.140639858422	39531.382845648914	15624.999995942562	5.5209749644547195
33587.52046972985	-741.1087597342276	193019.64978070743	-10186.543933291628	33949.25910988636	15625.000011610799	0.2625451409026292
20522.736427983305	-43153.78169309147	99462.34032276392	-38291.45893763594	39308.784573186254	15624.999998847585	0.0023376454004675573
1.6631788614538212e6	-2.2032039938116726e6	2.283374599210263e6	-540766.614829802	72804.6264329402	15624.999998924253	10.60730093772342
85934.80988756055	-4172.732028208414	210322.1251341314	-58905.34849818819	73497.55138135608	15625.000001205597	0.17257765668452935
99844.85088120488	-8449.977329172512	275901.01598189975	-22071.510118258673	31369.63073840957	15624.999998916654	0.23992589979503476
21158.017632858708	-81274.89408521428	113180.82748464975	-64307.208287578316	20728.3246183244	15624.999998896925	0.030401492303845392
11776.51679614219	-14141.952478157957	96333.65243197596	-2939.8666320221423	76655.64343028123	15625.000000187218	0.33977023228934194
21961.201734093025	-57696.601350704055	88528.04827544694	-36791.321390218116	29672.203809671963	15624.999999941334	0.772470002724152
17510.98445689677	-1122.1887571368352	71331.13171871105	-22464.36389628183	37835.00612546935	15624.999998485997	0.7067554786346953
2792.83868980099	-49558.2463690447	76125.60643277504	-54172.93230808867	25917.24312721331	15624.999999883978	0.15095972045208028
35795.74086020455	-5523.659896106618	261354.57419402458	-5246.107474307887	20392.74712491219	15624.999999127427	0.16666821368044984
20910.244680812168	-78702.64090171187	105951.01397268074	-61097.65797137832	20995.08748647821	15624.999999475542	0.06827520331624039
6636.405134469518	-7887.192879238235	52182.39471226506	-18576.14814269547	28452.73498834076	15625.000001717097	0.021639283238886312
2908.880374812432	-7116.744522503233	53318.413190722764	-6118.777965400176	34748.75422039784	15624.99999908824	0.016339202028875528
9663.83776186018	-28118.72237566168	97029.08832574973	-20694.566667880586	41763.07631091698	15624.999999531545	0.0065257078250437065
22644.095220285584	-1686.4984935340326	90468.10363949015	-22429.46360984922	40226.0776251313	15624.999997978222	0.11512679484850796
52571.416155256666	-78358.03822029846	156570.5855983503	-36119.22436627895	76444.8224727611	15624.999999540727	0.08492343734512756
47060.044206669656	-93363.53410971453	158876.79489919753	-50270.93034154963	59258.38239818701	15624.99999967446	0.05286656962681078
525779.3463676061	-967.3329490397591	1.1389520913780434e6	-578752.5831413239	594635.5308331006	15625.000008582836	17.83249612052185
27377.653418616632	-29595.331412956435	153658.18514569508	-10345.83837595535	118009.71476424899	15624.99999920922	0.03837750776371346
25267.962228117234	-19857.285393698585	327969.6610684962	-257478.33109031877	265390.2158170931	15624.999998263906	0.008648330530871261
58189.25456675436	-3204.9016637669974	177016.95292993166	-18573.680141877878	32067.92789673945	15625.000001507702	0.6881376286376607
173.63324261182743	-6643.232643282823	34580.1762728233	-12272.816234928447	25544.185969770213	15624.999997657495	0.04222825670463118
18097.59474939684	-2368.160825741128	93704.15243619413	-24497.114483322046	54432.367693637905	15625.000005274633	0.013937186617027059
57991.2809840581	-44233.577989376136	171303.8105501897	-32926.746603895386	31826.730799561017	15625.000000597123	0.0012273137223076428
33014.66524542405	-139094.39506026916	189048.09715452528	-108268.68359790053	25604.503892523062	15625.000000967475	0.05266306702232076
13611.024968017044	-1826.904493524169	94878.09050811513	-56462.51622175892	72132.68995521509	15625.00000214373	0.36334338226483
127154.46779530495	-9823.415603967522	307381.9669489262	-39820.08067913093	46452.607207917354	15625.000000638829	0.5189520921017386
541824.9633842355	-15766.790951848332	941913.547535293	-120010.97336101183	128987.38703472889	15625.000001122215	0.10677858498668637
87848.31807551598	-92278.09843553812	403614.9022989472	-8518.995640994712	309060.86932462454	15624.999999569045	0.8920860959625436
4604.719461798274	-7785.706231826061	50381.1705315774	-11258.173492239397	23111.74155468669	15625.000001031442	0.014025898619484193
8123.858879469499	-1462.9967643453901	55229.63867433681	-6464.830976615286	24185.786128871543	15624.99999942995	0.09764751700417747
20282.51632848053	-2387.2657669603886	92030.91177014579	-47851.87367044186	61682.403196147396	15625.000000538257	0.7537103795757985
13286.239117647772	-44144.60965421282	145702.6363033238	-33899.61151955748	70676.01996343741	15625.000000834392	0.006287420330482794
5897.745584694669	-2730.1943699747208	67757.26482345909	-7918.449049466813	23607.13929779327	15624.999994152458	0.10163835075531212
28386.24320094021	-58237.29875080017	104442.00777107078	-32637.529453993564	38890.90501548574	15625.00000185037	0.04174250916130278
4821.103229406295	-11174.30590823858	51434.684529977625	-10680.323443814437	36391.97401212148	15624.999998779589	0.026336184364800935
2384.782605617889	-6340.428599365143	52269.43844242467	-9592.60435371966	23141.30507771591	15625.000000857563	0.019458362273579645
185188.39899436187	-1660.403662253404	331648.0640085686	-97036.55642982134	112026.32565601851	15625.000001056105	3.2782040075194634
16884.619514761827	-62949.781498626995	133215.12789967112	-48081.86149880009	34820.394509309495	15625.00000153626	0.012396207601067542
162610.90480573243	-6313.920933039836	295983.9738247149	-41843.68132378784	52185.63272419933	15624.999999929078	0.7415663005073797
61986.68931838333	-5539.210428115033	181594.18669751514	-20511.39766986545	34959.1808195715	15625.000000316508	0.08657748623581812
19538.806710495664	-1887.3400280160713	80282.69689391457	-21473.57462543959	36072.431582580204	15625.000000965229	0.45190264920208006
1740.6038899570922	-13838.422778525564	43052.75014531717	-15344.04771241115	26699.598303737293	15625.00000141532	0.054033102007757794
12030.211725097266	-1645.4374707849056	66201.60603034752	-5832.263917011078	25218.76788391595	15625.000001921377	0.06079991115095804
104814.53275085021	-2379.4482767025984	207250.31475412572	-52246.90963645764	66194.55750559442	15625.000000328404	1.7710600688226887
3319.755490600206	-10745.532959352786	45366.5008944221	-9100.696161135369	27541.009256756024	15625.000000341	0.03148395715285833
49416.40154805428	-27760.9569959064	150951.95714637506	-57185.401219742096	54935.21767736887	15625.00000009326	0.003752526821602767
17786.810941390926	-4180.395792302574	94830.6223362959	-5504.263039932797	23974.9871457326	15624.999998540548	0.028537545449023184
15132.812555420816	-1514.8283322155803	106923.75426486362	-15264.796752742895	46688.66911689665	15625.000001352502	0.018362857085479058
17605.05740844239	-54569.4485778831	85593.11944725107	-38666.61560860132	24950.968692211423	15625.000001129523	0.0891771592153221
157409.0712332938	-3424.4669908758806	285829.696556165	-56352.898864380164	69163.88170233378	15625.000002963636	2.1417848935457484
23559.843872521276	-1082.57195702014	88375.35318056696	-27121.59455206187	44334.87884574618	15625.00000201018	0.28052275883100475
4779.444043445612	-29773.159525359013	179141.8904046958	-108222.90665321605	146458.6099952467	15624.999999706177	0.003163336388276716
96464.94250391363	-104350.90994358418	463402.7613368164	-9621.177922254588	356897.58485166327	15625.000000231375	2.287261471575604
38108.85831522511	-92836.71940186026	121842.13888995419	-56535.7010452876	27039.422422863194	15625.000000578439	0.4376165304064598
17064.77245684176	-28936.19538760442	92074.2133866304	-27444.34194978689	59506.02148632737	15625.000004284084	0.011486443455908222
4175.736586984354	-33890.768091980965	57893.82704405759	-33367.31786062206	21511.936060116408	15624.999997504448	0.07211972027507038
7367.43122902295	-17109.48185202072	59883.37151060876	-22835.17691303708	41047.02761340694	15624.999999092688	0.016013188161176223
4166.729443678861	-2757.0260646835195	56418.46951929983	-29635.76171116325	44027.39531486448	15624.9999993455	0.14758977119855052
5978.482934247797	-6677.547848356127	74027.87472656427	-18086.682535871325	30225.24160581788	15624.999998021787	0.02984910513312986
43207.57979731314	-2395.0931125638162	111087.55947495357	-24641.026055755312	41190.948361371265	15625.000002668836	0.146051208188876
15222.852843219165	-9257.31569040766	62787.993803276215	-12980.349389506577	32223.71588044831	15624.99999930424	0.0032971706674382473
8180.557675480821	-23321.08223255322	68743.67630028649	-21561.148452003472	43764.41596669718	15625.000000859436	0.050071421812375075
20489.525052987075	-40615.262936387124	82944.46774870853	-25035.017816716936	36618.224518830655	15625.000000409069	0.02159407867345451
11372.507796239748	-32314.69284827856	66811.36205358978	-22646.56288824152	31578.48220126613	15624.999999359308	0.11482647891002667
78756.87075759377	-98475.30855190125	211634.41560338705	-20238.07939021005	102833.49178941222	15625.000000655215	0.36209839440426533
74883.01932632159	-180712.24526845163	217220.20532660082	-107695.07188518922	32915.87305126211	15624.999996922503	0.44534219359357985
50844.91308209469	-32396.898967351764	254265.32773847447	-11543.004763033206	154242.57741389234	15625.000000708906	0.0004321111031871208
67414.58248586436	-140099.5082652402	215115.72270051687	-74641.49853815825	47652.989273687155	15624.999998872081	0.03932382136279679
12499.920144975233	-915.596905317836	110618.78773337779	-18970.617037590873	58046.297017945864	15625.000002713365	0.018358290151111685
1670.566028080675	-37232.45385829078	124060.77376045477	-75106.72099495526	73491.2398026269	15625.000002337241	0.0016713251858494409
6932.646056498553	-14083.906245831116	59179.50924163295	-8068.860122863715	40124.41188760686	15624.999998020343	0.10749794996727521
12457.47916061891	-39656.740173179656	89668.09656445705	-28401.979523705726	38146.284540628316	15624.999993716076	0.04179821880095566
1908.1113863341088	-6630.2706581743005	83236.45398060417	-6832.291290117064	60701.99057248407	15625.000001165741	0.013647772282358039
174711.9667270315	-22521.43043959412	352204.57750694803	-93570.33354787715	93330.1430126871	15624.999996595783	0.029606779634341513
16733.477955858572	-4492.72497569163	79664.50293659256	-34426.21583299362	47601.21067243628	15624.999999032763	0.07136853650633841
10182.418337231233	-13629.163250240093	62441.844086176854	-5939.945751561212	45614.90889202398	15624.999999000576	0.07987389994410493
20306.444464242817	-44737.87293382772	86776.14494868	-27955.700697638087	40570.745869641774	15624.999998016272	0.1389085875901279
286897.9315709239	-94944.07487344218	512682.3065385185	-104097.24045904109	62922.54273290804	15624.999996528379	0.0024036427084327475
6121.826847142685	-10214.831758701246	43885.745241113116	-6387.197771062145	31433.15694851924	15624.999999292333	0.08430618147876195
419960.97304092976	-434488.28811014513	1.1004168599694644e6	-30285.111696890297	660387.0054640921	15625.000002381748	0.22472511625160985
83257.22228289023	-144451.33516955317	378076.3962936658	-88391.21817629451	154371.18876831734	15624.99999625548	0.001075745392171621
14603.53006736136	-2211.209265811427	87145.83023833476	-16264.13914135821	34394.769686633714	15625.000000586748	0.0668971003773311
3352.204275207361	-53647.0014375028	102696.06499167695	-60217.08934728592	31364.744430007006	15625.00000210508	0.004930554357167239
15990.612467301478	-27342.69659801251	77706.45735322649	-12086.099058678119	46614.13903346556	15624.99999534915	0.2453632770819441
955.3285214777516	-1692.0533654327564	38631.8821069828	-4181.459410726926	23110.066120685107	15624.999998581057	0.05472088785418414
8683.275573214978	-11512.677555516091	91856.9216671874	-18477.78259576835	25530.458084652822	15624.9999990931	0.028179846288146793
12386.602586475201	-25928.610187178492	64411.05919270252	-15078.27507146474	35264.56071471603	15625.000005665846	0.10771679446916725
222250.3882574077	-7211.542122484493	367187.40239108197	-63163.39017914763	72869.14966083625	15624.999998931326	0.697453463261682
87.33991747736991	-2817.6178368352384	35773.73541078479	-4797.075834743011	26379.190288327154	15624.99999942242	0.044394665280521266
15438.278444203781	-8746.560900952674	68448.33961733524	-21934.60316278052	30265.402945296373	15624.99998722272	0.036671430993888275
39058.107693809776	-65063.108488270984	115744.12567341141	-27322.259628519165	49477.455918258136	15624.999999216412	0.7467637578528942
7238.3161365298765	-10881.906437793616	113736.29634144875	-9569.762426648576	96372.53714638582	15625.000000267142	0.03283183217111209
6809.730352883786	-53154.41811614705	80575.80331578507	-52412.29512422961	24657.18462862179	15625.000000545522	0.04746492375822811
260026.5232538241	-500.5074611216096	457360.6155587727	-33294.28195307785	49564.148229758284	15624.999998972775	14.167231456330079
1031.9114739243637	-15016.265367687753	43691.42444574802	-20024.562411471492	26217.53906034006	15624.99999968032	0.030516411810505836
1744.2979907976478	-2530.3011549581734	40988.51558636571	-10025.000765263423	26374.59957462497	15625.000007049704	0.05235469766274913
33391.59890874044	-41658.35184391971	152503.37702666508	-9120.835177176641	109272.91372397493	15625.00000012201	1.7114385381156523
1518.2813679677693	-7868.824215041008	40925.02244507082	-20768.343384343258	29977.183020028344	15624.999999239953	0.03613895661451096
4216.24622255619	-9264.120102540932	43387.350899751415	-16732.18919248131	25566.363404259202	15625.00000300724	0.015284815407172954
43340.98433077498	-96847.725415617	138314.86230529333	-57804.58856671245	37127.54323640978	15624.999998492422	0.07277687642600546
128304.04499978655	-260267.34901281883	481461.9042552448	-134638.2497798492	152662.17444876023	15624.999996656043	0.01602806723812595
210136.1711103256	-5690.8469214425495	405225.2528239252	-155364.53781002926	173185.29558875205	15625.000000304868	0.15033613346148703
108006.29151298403	-2787.7992425123575	600051.5586551429	-14073.426517210803	101326.08541165662	15624.99999557888	0.0051207618913858355
8599.532844911526	-3048.6716196772013	58711.203086106165	-10904.511807783096	27623.798810213455	15625.000002078392	0.037350265827107036
8228.296621270398	-3340.683098128724	61122.99775090177	-9994.872045346736	26906.697754566492	15625.000000536074	0.03214084505886416
85779.01714001806	-9950.371660726138	180155.1139890477	-51058.14731783862	62036.0994226702	15625.000001352368	0.039578989289258834
4707.58334352209	-9368.31049702414	68888.88208115814	-37699.87315914383	47592.140060734186	15624.999999156655	0.013893579945340701
4488.147571432425	-8343.92047822901	46983.346988876816	-12741.984363973246	23916.448037243572	15625.000000431864	0.012411313173594129
19429.77241861065	-74690.76332597568	110317.0011345729	-58332.32050056639	23155.92129414971	15624.999995329126	0.03427307940325144
1562.0459982543834	-9873.45531577093	50034.46307317505	-10016.43006950157	31804.977706681646	15624.9999983233	0.028649072503404226
64094.195641821105	-4123.725488091419	154489.63076928083	-32464.234085327662	45091.006367724294	15625.00000270464	0.3873434065398791
8534.707021576785	-24484.05683593161	61845.15673421962	-22809.951056764927	34427.692940863286	15625.000001641543	0.021234492729450195
221314.33116446366	-25157.090951480626	460882.00350109115	-70860.89661028679	62614.10772906989	15624.999995254038	0.21595903637145905
13474.09235731233	-11387.798993514152	131129.0031156945	-67463.0709702014	84755.16935105412	15625.000004371046	0.005755337588811666
147770.83634612802	-1338.8167915723534	475525.31177520624	-287046.126846673	311373.85784231796	15625.000000428943	0.6181833475924062
4997.757476958757	-27145.55814302335	89107.57712438078	-32173.150712080736	26633.438693442797	15624.999998013216	0.004604408123208193
29854.7477118667	-51808.102091151166	91336.31024155467	-27208.130130794565	36989.71350849646	15624.999999324162	0.0588317312959843
30395.53995755152	-55059.41726132133	92863.48356201686	-29656.658468311187	35399.21010605444	15624.999997401377	0.06756019289135286
1769.804265525061	-12983.46085877979	90188.6739657397	-49474.991630297125	73598.72062255611	15624.999999737818	0.0045891798503207605
13733.870339401983	-2293.315661797982	72660.95790841868	-36849.56019317319	52087.06424333169	15625.000000655831	0.19327707658939908
58109.417605036164	-769.0675235654599	140041.42375556024	-44171.48797119492	61483.27015862738	15625.000001209544	0.9405529515963093
28802.862160545075	-48138.07894819626	113382.16133689834	-21516.23549225123	57709.87778242922	15625.000002430985	0.05141532559912597
10078.64913875889	-1632.5811472886735	58619.00394224748	-22827.670903893886	38276.52901603095	15624.999840364093	0.24219010529016805
9238.006324516431	-4908.4499595344105	58647.6566212756	-25253.89914582035	38335.70404382942	15625.000000769864	0.03981935562057588
3006.69110689023	-1776.6704097758538	61792.23110503156	-2468.3058396463407	26102.536547773438	15624.999998916055	0.026118410000945825
19986.15411448246	-28731.595715224976	96344.93491917173	-9401.601304111915	66178.65507824789	15625.00000080681	1.2856782135620082
16055.677216887183	-5208.003830202739	64617.87553703645	-20177.522868077387	34967.61248471029	15625.00000051735	0.020401052900082928
24799.865932065528	-2322.5996480514295	107591.67459692992	-54775.11573687964	70240.47719280538	15625.000014686259	0.24225961387846362
620.7067523739515	-2001.4992119774288	44590.77809422699	-11253.249895552388	33581.61505125135	15625.000000198557	0.025696863127453326
33910.541019730525	-53676.05452807815	97723.36799564393	-22439.124722659155	43315.82353687359	15624.999998832547	0.5185830480662679
442.6898751888666	-2442.1977439844713	69374.80497624926	-4212.47266533426	30007.051177071153	15625.000000874612	0.01738565561046361
1721.145293576701	-5667.561328832837	44917.03394711972	-13162.392567307063	31447.68375084101	15625.000001733017	0.011768796022735312
29877.271933440417	-4289.048296896741	204564.7731188215	-149362.0853236834	164486.34582021774	15624.999996324477	0.18418397062376385
14328.712091577676	-45173.38338670615	73505.16746334621	-32209.05775703625	27423.641800282014	15625.000001561602	0.6230616363745002
1807.5592292133383	-3899.486105015169	33941.792124260384	-5689.711649831681	25136.485194799527	15624.999999538752	0.030070629849505478
557802.1479171222	-893211.4077200361	1.5302108578862543e6	-597064.7017925401	635572.3908496755	15625.000005131762	0.03422517966246287
15600.971057043578	-885.4831544810131	69935.17689500304	-12052.11278820512	29244.59404853289	15625.000000766802	0.2970514134250974
3274.658068912527	-6144.250802207589	42427.83051829602	-7103.350482386016	27704.608984277416	15624.999998640795	0.012359374104024871
3068.525303765081	-4591.207285071868	41397.17101899405	-4643.000647997438	27040.680495550376	15624.999999258549	0.014479462047562492
4906.168547868292	-11995.362203987344	41224.99192660692	-11954.223200076114	22255.454451589932	15624.999999496853	0.01206652586870547
37297.519391655645	-39543.196440585125	337930.6014699254	-6059.753285695901	287624.51319003676	15625.000083297957	0.08822831124430701
12813.84795901808	-1445.159693164751	58252.818297762424	-14525.829749383032	31206.661919058533	15625.000011927215	0.14078248603944307
61805.23910453619	-7013.185874022165	169192.07784838515	-48236.86062314273	79392.33833823798	15624.999996982762	0.009861871497451881
42879.0905348825	-2214.202313896036	131741.28349381965	-51588.39138023497	66072.54801520437	15624.999989034724	0.5780832353148632
69372.54161805812	-4944.652342098781	180802.33723566076	-81271.31279761078	94365.4453898893	15624.999999159907	0.18089764338241932
59697.43768357311	-129650.74735667293	169682.2340492943	-73162.09105267718	39417.82287622388	15624.999999016332	0.9474452058347884
22181.20113492754	-2429.721884129016	76744.92526301992	-22382.377582512534	36681.954606870655	15625.000001053879	0.26598507558446716
92301.37444303701	-9119.498334347883	225567.584998826	-55227.909876333244	62387.603043913114	15625.000000519936	0.41338367465786163
297.545047102808	-13791.507823674896	43687.0610301393	-22496.71909398785	28070.108758214017	15624.999998077154	0.02891503526404525
1245.4556308255706	-22515.48175615915	71030.95024805999	-52578.84278246097	47123.30843157912	15625.000001237764	0.011606872168282562
5870.632306336585	-49183.13957736238	117592.96084577394	-75773.06824369519	66145.33567494836	15625.000002016972	0.005391570061736964
2111.5601515402504	-5457.858307204831	54249.89323659541	-4420.125595506946	44614.89642183968	15624.99999922409	0.13487636227910244
2712.873879225692	-8993.817400158267	32062.208502983674	-9005.285603510682	21415.31887378078	15624.999971912708	0.08681420049432384
3587.258792303568	-2347.0316687557497	48649.388285906185	-20637.99456220928	35795.877476458976	15624.999998404339	0.11299988514150575
399438.67502969876	-536475.6719293739	650265.2935824788	-138539.01643335968	107558.31629292271	15624.999999028856	1.2484634084348822
2203.9919370518965	-1952.4820287085086	31708.713426453578	-4584.744002330734	21933.498831113622	15625.000000356797	0.05738010682386215
3099.579099238847	-36025.96623385484	62026.591213194624	-36520.62763582263	23824.37503224879	15624.999998060317	0.08917338983908328
6515.368329955468	-5807.765917442335	45604.99248661475	-15023.325547713956	29443.833634512463	15625.000000816828	0.013365793529417237
27359.194733173645	-31752.915205628986	146334.74922624827	-5557.980521473281	102295.43375280156	15625.000001149889	0.06732520897531222
5349.0672864128865	-12348.92944188496	41058.3049780773	-9482.900133772433	26849.152044352493	15624.99999459373	0.08534395225333692
55390.580467470514	-58385.12159340514	168169.23598036944	-29758.94243082375	56781.41422923442	15625.000001933004	0.0010632251168130329
15567.665722451295	-42899.36052760188	73732.52318015692	-30735.03835759194	29571.301379674027	15624.9999977209	0.15081771103574548
14311.585427076556	-10918.814262853935	445551.22743582167	-31024.08442994159	107004.26417388907	15625.000000752814	0.0010855926479951066
128644.23186952993	-8443.152732915478	294002.5755873732	-109808.3664732175	118616.05851694313	15624.9999881431	0.24027308193269997
7455.874282506062	-2228.594492814973	81979.73839600765	-12903.709812843856	34957.83180274922	15625.000001190969	0.029195149513331416
13240.195534749895	-15719.531216533229	66220.76842746214	-14423.498435746853	32496.01974160166	15625.000000198783	0.002374161030607622
446.2613078862196	-2525.0963963656686	45189.0908556357	-10884.194430346368	33200.21542189969	15624.99977747444	0.020260446058550412
31376.239529987208	-897.8935824860714	142704.8525667104	-9292.090727931984	27811.025142419283	15624.999999026157	0.5031531849177924
118902.74178669974	-221661.30379539914	261179.99041313864	-107594.56827016082	37944.59910114111	15625.000003313624	0.4664122567831677
15009.66888751078	-18005.195832240628	91158.7765485372	-5022.234568312084	64499.2926328028	15625.000000330538	0.038227946378798956
42198.04417431535	-69904.37332917866	111156.46741986857	-28760.999070714985	38009.53238120131	15625.000002510875	0.3515420833723485
105189.59773715844	-238799.85669638435	313095.8483277203	-153759.32905871916	73339.4157668238	15625.000000067477	0.11750860348629241
3618.807307477755	-3887.5832528814494	41255.65912522928	-18496.068944504612	31460.64982415475	15625.000000364875	0.08794888914921495
5576.364771270542	-12647.082861193107	55966.41389876191	-8663.00427849096	40913.361552903894	15625.00000132095	0.14911431301606576
8424.199322147535	-1772.4742116805496	57319.19257639437	-25869.45054188365	40945.148198288356	15624.999999239923	0.2851544267303025
6254.95231180585	-7603.268200784361	52650.99454429667	-7996.478792295049	19446.949438564094	15625.000000249176	0.01911614580087013
10122.570158345223	-806.6001465142836	78893.56916445249	-5452.0122490086205	23723.563976347094	15625.000000354903	0.329720513136515
432268.46838111867	-488489.79260437796	724927.583643656	-57259.52609013265	229646.57944471226	15625.000000966103	1.7680123550569802
95388.74065715223	-1198.4732953497592	210277.18645039105	-78395.63641155983	93617.27697963612	15624.999999720809	3.2090866883013422
92553.9909464179	-2154.8203732914117	425654.2134996074	-290345.8192990513	327303.4773467939	15624.999998038895	0.20618065617408338
7257.836091516965	-8150.077975397298	58347.052641892646	-7569.773449308124	46815.84725461782	15625.000001483344	0.02579326356459694
24640.30563460593	-5295.836629796706	83402.47852589563	-17902.8841674726	30199.241657801438	15625.000035098521	0.07195962334258131
34895.30855695205	-857.7790387869127	101212.0549570024	-16580.03923334391	32560.69156493526	15624.999978853855	1.086618105093697
71335.04466256882	-98151.9143888648	163108.75369954357	-27680.804523075334	63834.21690325777	15624.9999985194	2.1435565798651375
255457.4418661992	-15998.406504151595	453867.50976844056	-27860.330446989858	42055.4128661211	15625.000000799737	0.031223136425377693
5474.746366585321	-11277.484736529326	49421.33044167499	-11921.827082403788	27395.65286819941	15625.000000013773	0.006558704712019783
19465.298023835756	-82205.92906667979	112555.4659825589	-69889.09852901046	24502.43846173438	15624.999998032143	0.025953521730674545
50030.7572329455	-157089.9756268209	183309.32271108974	-109177.21266276557	25213.498729382165	15625.000000443582	1.3211187364853991
9451.352915482305	-16613.55206072051	69774.2050344476	-12089.359474344907	51222.79250229336	15624.99999749969	0.0746199994958198
13455.723619895078	-8370.091956477629	85321.24437865335	-30499.003181224558	38801.94764722862	15624.999998527042	0.06859781344366665
7228.4836957338175	-32839.95041618593	76242.57746315582	-33299.54908291826	21628.005703217234	15625.000001188011	0.004501098326009135
7856.918507939699	-29528.250209196936	72261.91886566137	-24050.520398209046	33825.11037654057	15625.000005530717	0.024185102883727168
131067.88595111843	-191685.73826734582	242868.66860884335	-61329.74188591368	50355.80765710026	15625.000002550893	6.575433034606152
18434.15157268334	-3782.898631782141	74450.50542521845	-23554.351131530686	39212.6426550071	15624.999999687152	0.040631731427942845
7865.440882603669	-29222.1194669452	72246.66007835213	-35915.905887923975	41996.53307369836	15625.000000303888	0.024000568250506556
984.5027887067117	-40424.434785190504	80917.34991667327	-51651.24782276573	34407.829582847655	15624.999817821197	0.008014761704732365
38608.235258270826	-2747.830014337582	172860.31978434804	-108486.42857736487	122279.29556582641	15624.999998683888	0.9381322103320687
228901.07705713162	-1726.801595062393	395291.9543221605	-44819.828293785045	59531.47021581442	15624.999999973355	4.900024595496344
252231.50393448072	-1141.5869225742235	430345.9889244876	-98654.66007650888	123127.73167933477	15625.000000933665	0.6539159921769253
159206.60295969187	-1854.262711598054	332551.48869688285	-129850.41196754908	152735.63446931352	15625.000000181528	0.33386821249703785
49087.60234526932	-38011.56092258008	280407.870006657	-163702.2840041696	146470.1346380801	15625.00000081533	0.005973938322032425
17471.592925421755	-1541.0449188400235	80007.4427611091	-17224.494020595623	35621.37353645755	15624.999999750555	0.09589479301187942
74283.04554625414	-5355.331153976498	236486.30846760608	-57091.36001108459	76916.30512464826	15624.999999869266	0.03708149490677055
12481.766158190105	-18896.750786458775	84574.09989526929	-11404.611925181534	62260.8889085059	15625.000001146393	0.05118241392897783
4911.1183616816	-11699.78640219907	58279.285087313205	-16866.50562582077	30090.19833203232	15624.999999560212	0.0048283600944108275
3846.800163944543	-32533.142109604596	71037.99860895146	-45663.73052340321	30864.86423630576	15624.99999930134	0.004969674256540727
268562.16259420605	-287763.0557510124	472182.70808195893	-33209.59061908195	176502.99797274364	15625.000000345957	0.07628917462346556
3431.1540011294583	-25305.537504967324	93373.0352001789	-56247.346944954974	49129.53654919745	15625.000000617387	0.006198610019689815
21223.427684570168	-99259.72673316873	125595.75079767505	-81295.22072886163	25625.20820113294	15625.000000059263	0.7067229935773874
2901.1818042927043	-6066.141827719359	54845.969141877256	-3922.4773696869524	43127.95418699738	15624.999776033685	0.12189194029564214
145581.559217147	-7149.626273887625	304192.3624259707	-122981.48372593836	133098.37173801876	15624.99999916658	0.34696392272736937
19945.355458128455	-781.0005104821248	77270.97407462168	-11754.857905450772	31217.437387450474	15625.000003234582	0.17766114090192947
8916.790470334934	-15366.601911312697	51562.48303986713	-7461.80889299314	33770.71265366138	15624.999997217441	0.19977087269445828
16423.722107504866	-56011.389730884635	82248.64146710624	-41111.81982457967	22650.61752006435	15624.99999460514	0.1871106110833271
15895.166256297161	-27763.518616272908	64793.19650109048	-16272.553160053707	34698.985179321826	15624.999998273779	0.05026169308686258
12432.978533602407	-15592.060358129602	81716.62405047359	-4030.809621756947	63042.51340500222	15625.000000713717	0.38813856853896017
17806.744882578518	-1722.532976298605	76020.23028986278	-25390.151526834365	45873.171889049	15625.000003575133	0.05757337667623578
2173.6706512263045	-17568.675907061144	57032.1604258751	-27160.108093208866	37849.14025232871	15625.000007843133	0.020418042416192585
5943.22585673375	-1091.2746814907882	53637.5495537682	-12722.298081947029	32462.476339372115	15625.000000936252	0.07524152576253064
3247.5106812220365	-5688.5485020177275	36307.850576970515	-13695.000492547137	25642.253720034423	15624.999998863075	0.032522154274982264
40986.30172807502	-160476.15370836668	190427.1884773355	-122717.46344449604	22618.3341451264	15625.000166045502	0.13200241948865665
86048.91329222632	-123262.84230131924	260734.412941938	-37970.029170869515	107065.87627040195	15624.99999543636	0.07149616088953514
22797.391109767526	-56301.541617565614	119446.28659074134	-74085.85771318081	43777.48786403134	15624.999998685042	0.0007818924340978616
63717.10934989511	-18935.739471405697	213333.5051702766	-89199.09970824825	89723.6383274085	15624.99999836123	0.020501761053560504
9354.274331828798	-20729.50364527649	57495.215350119746	-13931.196754416465	34399.62695473945	15624.999998503947	0.08045881169908949
13906.012342134629	-26812.35729974549	65064.051769430895	-13825.398733594935	32439.2615561118	15625.00000127765	0.0909796051657182
25205.566987466485	-43864.69948910362	103188.14380628854	-23876.71056244772	50133.30884747276	15624.999998502239	0.01469521815565401
210743.24354079348	-1359.2422920222925	398116.1472336374	-29313.946754316552	45102.277999581886	15625.00000285259	3.2109020428412975
20333.52689413383	-21011.64020536834	84616.69258709834	-9724.176280280924	35093.29357457481	15625.000003887035	0.0016503746742090133
1337.025450134056	-4714.201589739401	43908.1609173686	-14311.30566194226	30198.112327045386	15624.99999907893	0.019539931979209762
19858.95643119428	-31925.47804364989	101323.43008672982	-15385.579388584045	67611.55664392308	15624.999999127693	0.18394241462671382
4698.880954111557	-2338.0457812910436	54554.00317532527	-24532.549653568854	40022.07678362238	15624.999998953885	0.10632848012819343
12896.897639084666	-19612.598309071152	63568.40923452936	-16559.333614253963	26584.63623122021	15624.999998278916	0.0027600726477406937
4868.268542452284	-1837.9205172861457	46644.20275400841	-12671.279085511287	29051.358506071563	15624.999999372518	0.09041839919178961
9130.920503951324	-934.3207066592518	65890.4552317765	-4188.2941960673725	22012.45484077809	15625.000000768225	0.25797754480989876
16103.01888074225	-42124.51892900979	77548.95514790996	-33452.28893099564	23323.39166079927	15624.999998631109	0.006195536908353025
61463.615620069	-2417.7798517365154	158412.55932264274	-46539.587811201665	60955.201521571566	15624.999998912142	0.5863679367816732
196560.69226163498	-251234.20151934525	362296.6022552607	-60441.40109269615	110358.17990054643	15625.000001192686	1.3785361351995011
44615.91537138038	-785.9609225224949	125511.49555411506	-21531.42793249336	39078.463552324654	15624.999999487542	0.6205972796564311
15301.798610724429	-7688.079149382806	85434.00391515708	-10753.560217317427	39561.56172667806	15624.999999742176	0.0024055981853838755
11601.989994623582	-3385.3501707901614	79755.96740587754	-45853.237660388	60408.5851399384	15625.000003899375	0.11565384255927966
9548.486340842952	-2620.3541254434094	81458.29403105643	-6607.310650501075	27459.620447532245	15625.000003740606	0.030903407259023716
6074.9331980004135	-11593.76741942756	83831.06697632358	-6504.558989056443	60675.6421339674	15624.999999537733	0.045392392207674846
1938.5495220434423	-3079.1916528355578	38868.732339997194	-13002.36618393979	27012.967617192233	15625.000002367662	0.09413093987211757
39578.818470997365	-1228.2470296495994	143858.62863925254	-77711.18629154743	93189.65331766711	15625.00000097823	1.5370451741019617
10469.253972366481	-86212.140148481	138342.61163791802	-91957.42169175131	43637.09655197259	15625.00000263704	0.005962278623600581
34130.1204903491	-48788.44450528687	112073.52109001172	-19938.793857487297	61683.242012492046	15625.000001751101	0.13922900482122877
655.6705033755861	-25910.065483942337	68320.02285789419	-44642.23984509939	40210.81947864639	15624.999990606215	0.0091951534084304
10913.90176611239	-87160.20698606373	113845.40161265733	-82191.88239309599	25939.7917836712	15625.00000049772	0.29027492438811
14363.02254757221	-41975.83673291275	95777.29334686438	-33250.10552597523	48971.40529055323	15625.000003501045	0.02429948077727682
49853.29097566049	-88095.41782917955	149765.612632163	-39429.02486693907	47381.277402127394	15624.999999791318	0.07607578268338626
52406.69154293486	-1643.7477929943125	161402.71005201992	-22870.606157892616	42223.3283628434	15624.99999877729	0.17434419619855063
8708.009048508131	-4207.50146649593	90489.06906944653	-36198.86335992452	75214.36381737143	15624.999993047211	0.006223343104633998
17527.40579054918	-115460.41022842517	144178.8827844431	-100347.45423345786	25031.10493344464	15624.999999527292	0.24498221654368485
33625.22081731235	-2618.5549802123965	115665.24038081616	-28998.434149445762	49060.942505905456	15624.999998617952	0.05025542367212496
36856.86188028496	-48385.286935238255	107346.34276005437	-16728.6927925736	55535.04559972616	15624.999999228008	0.060962494663684634
58187.60067999014	-120898.23538490292	164378.0918465359	-66515.79037467646	42730.704505931586	15625.000022754772	0.5993951037096852
5106.217000349263	-9462.300165106746	41634.76080829324	-14251.055187823527	25536.578776545357	15625.00000380972	0.009430100683772846
21712.45235907319	-27826.22932976834	122849.75873225476	-76909.15927468386	67530.41804528362	15624.999999618634	0.004448755321491494
6290.394500667127	-48953.692198798206	104625.80474745663	-49179.93749009089	36854.54917925322	15625.000001700988	0.006291929195420148
11580.813755905116	-17980.581184890176	80206.026720414	-7106.25890651271	57595.80651457551	15624.9999995543	0.23550738741986124
11758.595580992785	-3163.1992739048146	87106.30610529623	-54090.23001897468	67369.28219689518	15624.999999832042	0.4189798028775716
11710.870920901449	-2940.016799865174	62653.29429396766	-21700.861333404813	37547.00970274708	15624.999998614221	0.0552180776344409
58525.81577554159	-1340.6205272903862	166114.5179649262	-13964.304473384665	29240.815185413114	15624.999999710193	1.7829914633089363
13998.412155051745	-20178.359819445628	88215.26783476397	-7006.290333692261	65041.080582025694	15624.999861459713	0.41886945896747607
1699.4584845772897	-5834.1361905308295	42724.8120402456	-5118.406502314932	33251.21317825082	15625.00000043747	0.1316749620647758
29652.231699576736	-4434.349087823771	96263.84943966723	-12695.582974819736	27975.149711621452	15624.999999325157	0.05097850207618124
19673.28608615182	-54472.68742098371	89215.16024363713	-36682.91490425718	32047.94828985553	15624.999996831684	0.16546415408261914
9863.018022272827	-35546.95229418129	59145.17543032938	-27421.86578182753	21486.46816885313	15625.00000007496	0.18357879293147644
58678.18709420403	-3218.1994414912806	201623.63163577396	-9245.164795718294	23476.681387621677	15625.000001159366	0.5875254273278352
22960.19779155811	-80841.20848427294	107671.70061822794	-61616.05099597282	25887.48925730842	15625.000001976616	0.34764062262601425
4259.184402109481	-5491.48168522158	56155.720793401604	-4557.987046510406	46384.862073133045	15624.999999192849	0.04191794216692614
4858.63248068656	-4899.707953604022	103970.72750613562	-8827.526499139407	33672.480907216566	15625.000001382688	0.009425096125411325
8845.823549325956	-67590.8201663628	90693.7373151908	-63612.34582773609	21069.18510050488	15624.999998716408	0.11724345715430584
213045.63050523022	-1409.7470054457299	459215.250262255	-173272.94400564337	213310.94126077276	15624.999997511797	0.21127500742753821
14785.268655652551	-555.7777784626796	87353.52869003089	-5413.669215579839	23181.309685870732	15625.000001121172	0.7371991488026377
1683.7621301458742	-10642.967254536732	39709.657825366696	-11489.045498987487	24109.929924418764	15625.000001240456	0.03447231818418668
19609.070142590295	-1672.3442155769044	73656.5087168816	-12194.598816563172	27442.01550943309	15625.000002547758	0.34753065517200477
22557.507087078673	-1804.529502811628	78729.15880531473	-22481.735206592897	39018.51519306759	15625.000000537042	0.14654466868057398
67543.08259149834	-4809.48007665102	194344.06154621145	-37743.47302945488	53800.702433184386	15624.999998705043	0.07371986469745485
52895.02064395482	-1036.149496051034	132607.6392926086	-37486.78091493276	54767.04214363321	15624.999999527756	0.5483532873801267
6796.008206710845	-37584.78285533001	98600.33799130993	-34793.81124618345	40299.22361972468	15624.999998815241	0.007273161651301549
114981.36269642285	-257355.62818154786	291840.7518850919	-145177.45195641322	32925.4236772866	15625.000001433771	0.9728538345503088
347.84350885741196	-4529.429620952134	35822.89926582517	-14949.59626951464	27769.995617341527	15625.000000681137	0.06312174120068789
30708.525558949157	-3358.8132892049034	99428.52175176702	-22364.656526434323	43891.44879493085	15625.000003221503	0.024217307839423174
9617.102479786809	-70679.47953430831	359237.0551226977	-184049.62544997822	184985.3880825443	15625.000002411518	0.0006351820206118824
31205.95837048954	-1673.345398987578	93021.21662726148	-24168.23995846465	39231.338038419475	15625.000000706976	0.5096830300093874
25778.66495282932	-35823.85171909607	131049.17852707184	-11351.29976634455	91279.72901647768	15625.000000437256	0.2805791848707694
125796.94479497871	-193344.73564263963	263474.00936358655	-68424.97626651551	57487.51527835344	15625.000001143137	0.3146652154746487
11366.40695097129	-1238.1306277069548	58041.82708867968	-13524.274854333773	28981.417962599488	15624.999998496416	0.4151403231898598
3473.647222256208	-9276.410889988852	44142.266733449826	-6924.180555199535	31347.88616279236	15625.000000240543	0.1095849717930401
18513.69351336168	-2509.6281557148322	84964.76165096532	-38875.255959219765	56637.02253570908	15625.000006645103	0.07552809190395947
8751.915752420144	-22679.246421596225	50365.1637071893	-17664.02376295904	26564.293817900223	15625.000000582297	0.10102668931131725
54533.146178369345	-3238.2738251379924	321262.78083668486	-243860.79371633136	257215.17528260697	15624.999987371033	1.7485289241726711
25001.608427550134	-2168.8797737080895	130979.74825608318	-83387.30921385919	97549.51950488436	15624.999997329185	1.265267875950962
85860.55474157026	-2311.9594079812614	188192.58530093275	-61559.561600763234	78828.71888165257	15625.000000886332	0.2778754603807377
4616.272997423819	-6704.072898840148	47858.24012525566	-4434.62752208267	37231.590464675595	15625.000004745234	0.0515162880116377
77244.26266983911	-105636.79158500352	202769.16951673198	-32760.341043603985	95731.62660764273	15625.000000909404	0.3875379416611858
2900.2566322126186	-13055.150929726718	42841.50079159674	-18902.76731146156	26063.7993319541	15624.999996098311	0.013839030278556343
116065.18980098737	-152471.19794122892	219132.8043111377	-37075.097778353345	64910.91625331801	15625.000001670218	2.843787277389815
12615.348407116751	-38958.10688992622	70776.0408235787	-28112.552102990634	29627.09562798507	15624.999999064668	0.1686856600435918
178.11816231535863	-2828.886157447887	34875.61497712264	-5709.815028751893	26392.06068196543	15625.000000973858	0.040042584975828285
1590.3482467398294	-4579.803200562912	43351.13339962799	-11980.541865588546	25569.26884613511	15625.00000049744	0.03799914409981748
30260.614127763612	-1168.4378888274105	94590.1564239184	-28880.966327671806	45745.05837975761	15625.000001084318	0.3397646721261171
38321.68603655979	-66368.10181312161	117921.18813824332	-33741.596385588025	50771.642431185704	15625.000001280163	0.24277908257020064
27440.13151782942	-1349.3394187502909	289218.9617961157	-3722.191463939188	24191.096298613702	15625.000000282656	0.5324375995324334
86250.59726080675	-181570.23438049707	249268.209830411	-106832.52574460355	60573.26492380396	15624.99999827562	0.027175637556995494
68303.05410409735	-88744.22900116634	163028.333686003	-21536.661438088217	70667.89809789129	15625.000001001237	0.4893860563745042
369071.4539669622	-1333.9877133623177	602230.3909473373	-79560.88585236296	102593.524287506	15624.99999587721	0.9076430023458811
43090.722348962416	-187306.11964173475	218158.78025025502	-149022.351909223	29732.275891383644	15625.00012522377	0.5047995044784401
5409.51249073245	-8347.870089117552	101422.76458870168	-38342.32562067854	61531.90637400004	15625.00000106747	0.004827939947774347
74339.71062935382	-6283.685451675088	270748.98967627884	-23511.320980469656	35306.43299781224	15625.000000689653	0.23280993405133704
519430.7171497714	-1795.5108530195537	780776.4330545515	-95917.53707548638	113544.10699901124	15625.00000104204	2.323576957343077
18253.767636989447	-25380.537300713702	144048.56715525794	-12265.387650285087	116000.83961993421	15624.999997929925	0.15250581570131255
88323.84155972628	-142254.75345555786	225694.72817305103	-55428.9597358508	75557.38757612742	15625.000000824919	0.19145026632776868
6031.529093509576	-4470.803830697763	75492.0321761234	-43348.97265495005	59061.413533753905	15624.999999114534	0.0364893572547919
1932.862668085022	-9321.660162692238	34602.957482202095	-10400.931144113154	22048.213225098443	15625.000000875123	0.044480750921225665
318960.7349546477	-324702.9489496448	547087.4552695297	-100390.27356129221	85562.87102256902	15624.999999252672	0.0008594534869616023
10452.870134835346	-15396.511888575747	60676.24678556257	-5724.852968689763	43669.54493403965	15624.999999470943	0.5671952817285131
60006.89922146271	-2010.472607462867	395466.47726622457	-7079.961816701934	36511.531150386494	15625.0000023201	0.09060498013967398
41185.48140658059	-5032.945057971415	131848.2122317656	-14216.055437953997	26745.354173219996	15624.999999600848	0.17575973701295414
48552.825035357266	-105908.34092172398	154165.2694606178	-62493.185518661456	46981.9265106821	15624.999994782032	0.21236358591083376
73638.33492462977	-11990.053258540713	214860.9825096152	-17489.216743446465	74845.75052659352	15625.000000154323	0.0019056721834905942
20112.904467566957	-83747.9195893057	111411.58032021485	-68553.20778823765	24839.537968450728	15624.999999993799	0.08961486698478645
6437.151366492864	-14702.720295178646	46816.98210044927	-13591.80011815438	21279.411707462685	15625.000006530667	0.0075606401446196864
126175.56575330686	-205140.4614726594	246434.62272272384	-79867.80567071405	40573.48005756919	15624.999999663876	6.035229396074446
27335.8210155603	-1746.8569944699257	93979.8631540463	-36273.31955963174	51073.777881786344	15625.00000013473	0.6077490554649854
10142.372211573102	-5900.12490908865	62331.174984119374	-12288.434308273423	24743.898839794452	15625.00000059074	0.033157406415261034
33030.88280089357	-49113.29213630769	120126.46323299455	-17558.905407527112	69157.29534811084	15625.000003532972	0.4669738911483962
13267.842176626382	-57707.26565106109	83311.79153126279	-50103.606721950026	23980.61222152184	15625.00000210011	0.08682189343936356
5801.039947851328	-2516.9071096348925	52330.33847081789	-14852.493770966015	32043.23980288679	15625.000005166046	0.04171865927310477
1470.9740684913631	-11648.889568671513	36593.97015046369	-15675.991129413698	23581.23796150765	15625.000000217333	0.055822388647652134
38624.262442424675	-58562.546560007715	152502.24711633814	-38169.95036404286	78773.9201562648	15624.999999148065	0.0039050680101189307
675868.9331755802	-774941.2366729622	943896.3038326926	-101298.59332974907	167553.8914725875	15624.999999244086	6.986780632137255
10877.869137204209	-27938.73746257901	54930.96385965135	-18640.128447511463	26135.30375236192	15624.999999029922	0.3945742578011873
4148.099529117063	-1905.682722819608	43876.798616163345	-10943.06628565198	27646.698559743723	15624.999998940708	0.07252169541480288
27961.12545629189	-3965.7896073383818	118961.35037674644	-14672.192608028416	36717.055885547525	15624.999999263102	0.019893686587670413
35871.58682934783	-1503.1899675599707	113753.7108372571	-46468.409310481424	63092.60179680072	15624.999999860418	0.3469138042580066
40842.947437395924	-93522.47038485797	134343.69859305784	-62111.505145707335	25862.032126215796	15625.000000029253	0.008566184729350137
15711.382905734521	-9416.715138356434	83096.63717415772	-33362.155938899115	40440.68540643892	15624.999998311803	0.06513359816496335
15468.938000182156	-37918.0187713513	76561.54748380726	-24600.875378710014	35422.28129849545	15625.000001366396	0.0905181126294454
5889.039468603093	-8235.028054326258	41863.403622441285	-12409.183425697152	24189.475254213845	15624.99999973929	0.010291315930298051
4741.7096732557075	-9890.336052986115	52072.03477094181	-19932.568263043762	27102.16405555373	15624.999999514508	0.0254931701528809
14349.363991238686	-34364.30873791288	65519.15312342346	-24228.253944095315	29727.850779568987	15624.999997609533	0.08767468840449925
3002.544561751433	-4564.367174526165	41827.07952043212	-8565.941969789399	23663.930952169692	15625.000000007985	0.022662893409655365
20650.18848294341	-46841.176249392855	80317.98173223092	-32265.393508224908	32633.997789525456	15625.000001199594	0.11980484271717348
26682.262882802315	-39472.4882897083	89505.6621495428	-14557.814062121217	48559.996271555225	15624.999998752239	0.3609046144358778
27151.09323896975	-85202.08570537936	119895.69863171142	-61809.37186633017	33419.84501422131	15625.000000839325	0.2433121831775754
12300.16429180395	-25080.282518533193	59161.906026049866	-14494.408502891987	27757.19784769895	15624.999998995569	0.04047260609845027
3233.35381435568	-23092.523292445112	50304.545467250515	-24082.062116225134	25809.422678345116	15624.999991259654	0.08037160161002471
10943.084457436576	-5366.904283424334	84077.96017340058	-41798.85205561295	54993.768837891985	15624.999990773911	0.04189027272958961
24114.61736607374	-1066.8240447114536	101283.11650720066	-12131.433265684593	28177.266106652023	15624.999999322703	0.7409899215511527
24803.82979380512	-3786.5190986711264	90798.48553492382	-10957.616114432325	25232.25517685216	15624.999998621228	0.1074961725475702
181335.87098331575	-218596.90805377602	330015.6003644049	-40297.33821331608	107830.63484450108	15625.000000738812	0.4799857287569339
860.7995741975926	-4471.375879610992	46783.52581892804	-5017.375099964835	32557.112793124288	15624.999998051706	0.029941824625299825
17666.263315128646	-26334.324391537488	70926.05589919105	-11098.046513043033	43127.7197228231	15624.999999158057	0.20275252145207956
4981.443470213329	-31805.825906656566	60846.82817884162	-34757.05764177069	27226.206434198655	15625.000004927162	0.03135089856312896
228368.2739458823	-234378.01995041306	764048.7205014874	-21441.835663393886	526554.3128446764	15624.999999182299	0.35303422752651065
99313.67748638918	-1654.7313206396755	247805.75180641864	-108018.4032992972	123823.10156121105	15625.000000328844	1.0819001585912174
6296.952587037638	-3829.1658121902574	50300.23677482968	-13064.319588103215	26376.73059068015	15625.000004715752	0.0762216270691413
15926.799890472219	-702.7246479913852	99357.6949140671	-14404.634717606445	39601.30512361048	15625.00000140584	0.08396796389865095
1883.5916612116343	-7082.606665050395	31718.347462462734	-8873.115767942894	22453.541142502567	15625.000000852307	0.05398458384405769
247173.54420059168	-339991.049057619	452675.92220411403	-95081.68145420474	87698.71654281521	15625.000000152439	0.12066200418470696
6687.703227867816	-5347.73093749896	55248.5932230932	-8603.29890863345	44013.06943230682	15625.000000589745	0.008232530235296923
907.5861058317914	-17238.655752012695	71149.76286524661	-36634.01740967139	39718.102762489296	15624.999999801585	0.006127395909214503
6277.014045308417	-9536.583491469759	115040.97163374421	-4419.951107461111	100322.61156046673	15624.999998477628	0.2577885647476142
76803.52388192527	-28242.93823936634	324377.83334763104	-19789.756686577763	23346.793678957853	15624.999996621511	0.006706784599413242
32507.220170634562	-654.4311703281851	109302.4086081038	-17217.891672032478	35219.17803196088	15625.000000114891	0.5384129630651867
51205.70700786039	-1262.5830134226962	148961.8451232685	-65066.74344131907	80047.14904950486	15624.999997455472	2.3659562198466877
14054.066572481766	-1279.4061129279362	78159.93905178149	-5232.4896221373565	22414.50812281358	15625.000002393073	0.25714941777167044
1836.8437200130593	-3948.601681815877	44393.31561563168	-11441.92366968139	25397.20791463813	15624.999999956963	0.05021317676027522
9246.390658224875	-25750.436300639136	113001.50044570188	-32435.94420300654	63539.77706066426	15624.999991098419	0.0019035260882752042
7292.71145478974	-7922.104708540355	80072.86167183603	-41891.40548624641	52204.64405473712	15625.000000279011	0.026952917000138885
8889.661345985676	-30515.50522671893	73178.78842939675	-25218.956222623467	38131.5427135315	15624.999999893858	0.03338592453722198
105504.55842739539	-361013.99485921185	399719.97705016413	-256937.22994805168	31601.640052170143	15625.000004862202	0.6448661382164922
14264.774161455744	-42618.627473691166	77014.31531123196	-29449.356961098434	30763.739032401125	15624.99999950032	0.1772655048495831
2497.2249326099936	-1372.9561555489995	45092.71877896369	-2114.287927008726	22067.321354344276	15624.999998596202	0.056520662517040694
49381.92839494123	-43153.64473621418	140283.9996530235	-27448.17937486276	78261.34953627392	15625.00000011146	0.001763703980160015
17359.314825446483	-2201.7406087817144	86763.20093411524	-21363.80419238192	37872.44397721666	15625.000002171175	0.10421474000930524
95561.93330486832	-929.010089384421	216337.21739974897	-84931.02120161997	100454.17037883773	15624.999996648083	4.131128580355519
11452.646330304695	-59680.09638288617	82885.4554840867	-52302.69514040206	22645.332830964297	15625.000002792243	0.42830796076626165
6939.736103623058	-2196.8251019079034	77862.66657751845	-3006.3307887745905	20466.028541169566	15624.999998971056	0.11532901500179135
4711.256601651795	-18559.43547358738	54319.31876584715	-15890.735854895434	30143.693196973258	15625.000002415662	0.0380418895658087
114268.50216200636	-153038.20271590666	217770.57143421177	-39592.06538546091	63972.67613216845	15624.999999206773	5.2802589366718005
1051.3443480322603	-3971.1351190516725	50918.51802077377	-5780.8645227435045	41286.17414699728	15624.999996719533	0.03292521276796501
91348.05017592927	-178256.707788448	214856.69661420546	-87843.46918450452	34106.99928204843	15625.000001862656	1.3660584850563264
733037.0125938314	-1.0380691993838093e6	1.1475027863105303e6	-306511.8234347271	85454.31025449144	15624.999998526988	0.6829981594578921
21250.513713948385	-5579.50807233628	103733.44313742017	-41258.90558436921	53642.68783791762	15624.999999114214	0.05893072156271768
22920.855307384314	-28204.93153954667	90064.56159854263	-12017.267995907727	57564.76482983309	15624.999999213342	0.02923911230534623
16364.774435748604	-28850.44480253361	66042.6068299464	-13230.823341886275	35880.3721063658	15625.000000001426	0.6587925309882657
23009.362831817998	-3922.0746905179176	81990.09097695601	-19109.41452605884	41275.97263817625	15624.999999975933	0.013542598046839384
25364.407485977237	-2905.3573558602657	153659.3112365521	-104045.64159626204	118702.2705125832	15624.999996281316	0.39737676307768094
18709.13910986878	-28726.534419156997	75290.88321122057	-11153.727065771762	45123.79784842782	15624.999999042597	0.4821310353624829
41005.62726949061	-52747.81109938327	139601.16043658266	-12434.907057197277	78407.07891143902	15625.000004128568	0.19534549408678542
3195.9970569943544	-6549.804230760466	44613.22974022152	-20869.202236154117	33820.21646262519	15624.99999529327	0.017055472648579248
260622.37449797353	-30412.12138259193	783483.3592173579	-86067.55620216441	78119.46774434549	15624.999999215583	0.04399129326808827
903576.8431638901	-1.287716114471409e6	1.5456077210091194e6	-490212.37361188	246123.53319307577	15624.99999826164	0.01879997659247657
328037.94842650695	-80211.02319594342	546744.1841222536	-94689.63338828886	161953.03489704785	15624.999999687305	0.001026857392819434
42852.16744323564	-2681.183056347174	158277.31893068264	-83461.90019666361	97971.9018404911	15624.999999865075	0.4330846559727374
630889.2707335966	-777985.4729829575	877237.4336709251	-147733.09250639068	95941.87295063888	15624.999997567402	9.77927897653581
27510.436270118138	-44568.58868822474	89703.18123473675	-18585.998818077423	44134.25538315387	15624.999999835418	0.5971537251198655
1529.553326070265	-1688.8736621019	46161.9589242565	-11745.924128133076	32691.52539883554	15624.999997771461	0.035338114560016856
34023.22164191808	-3441.993397348633	99002.5695703405	-24475.94561686698	41207.754350906056	15625.000001049993	0.05708993067968252
17924.034256132	-7306.585477864137	145139.37862495403	-77835.06983852678	97641.92306374817	15625.00000395719	0.01297414023593253
8183.4947597366045	-1975.2347328369506	50256.9830461691	-19151.907947583968	34813.61826888978	15624.999995275663	0.124869385333333
4741.7084043135155	-1918.1108139262815	66489.79144103557	-8682.18172087287	28028.243971655953	15625.000000048647	0.053623969497039445
18307.07529776491	-93909.66587109258	164698.41183361574	-77989.19259620312	38073.02292929677	15625.00000523444	0.018100702017242468